3.999640e+003,1.886120e+000
4.003497e+003,1.130509e+000
4.007354e+003,1.584882e+000
4.011211e+003,3.649934e+000
4.015068e+003,6.000000e+000
4.018925e+003,6.000000e+000
4.022781e+003,6.000000e+000
4.026638e+003,6.000000e+000
4.030495e+003,6.000000e+000
4.034352e+003,6.000000e+000
4.038209e+003,6.000000e+000
4.042066e+003,6.000000e+000
4.045923e+003,2.290635e+000
4.049780e+003,6.000000e+000
4.053637e+003,6.000000e+000
4.057494e+003,1.455418e+000
4.061351e+003,1.493805e+000
4.065208e+003,6.000000e+000
4.069065e+003,1.461995e+000
4.072922e+003,9.982463e-001
4.076779e+003,1.377290e+000
4.080635e+003,6.000000e+000
4.084492e+003,3.065742e+000
4.088349e+003,9.836906e-001
4.092206e+003,1.144654e+000
4.096063e+003,1.360371e+000
4.099920e+003,1.203560e+000
4.103777e+003,1.290295e+000
4.107634e+003,1.512128e+000
4.111491e+003,1.580555e+000
4.115348e+003,1.733108e+000
4.119205e+003,1.319282e+000
4.123062e+003,1.047499e+000
4.126919e+003,1.435906e+000
4.130775e+003,1.957510e+000
4.134633e+003,1.429832e+000
4.138489e+003,1.252717e+000
4.142347e+003,1.224534e+000
4.146203e+003,1.481765e+000
4.150061e+003,2.263457e+000
4.153917e+003,1.740988e+000
4.157774e+003,1.717259e+000
4.161631e+003,1.935575e+000
4.165488e+003,1.605761e+000
4.169345e+003,1.803499e+000
4.173202e+003,1.717039e+000
4.177059e+003,1.586266e+000
4.180916e+003,1.629088e+000
4.184772e+003,1.862830e+000
4.188630e+003,2.076280e+000
4.192486e+003,2.024380e+000
4.196344e+003,1.867322e+000
4.200200e+003,1.654117e+000
4.204058e+003,1.561619e+000
4.207914e+003,1.650467e+000
4.211771e+003,1.522094e+000
4.215628e+003,1.438424e+000
4.219485e+003,1.507499e+000
4.223342e+003,1.576955e+000
4.227199e+003,1.598639e+000
4.231056e+003,1.682286e+000
4.234913e+003,1.629237e+000
4.238770e+003,1.578688e+000
4.242627e+003,1.647840e+000
4.246483e+003,1.851997e+000
4.250341e+003,1.746455e+000
4.254197e+003,1.627863e+000
4.258055e+003,1.559626e+000
4.261911e+003,1.576518e+000
4.265769e+003,1.636683e+000
4.269625e+003,1.671612e+000
4.273482e+003,1.713328e+000
4.277339e+003,1.651155e+000
4.281196e+003,1.688815e+000
4.285053e+003,1.715360e+000
4.288910e+003,1.646705e+000
4.292767e+003,1.755430e+000
4.296624e+003,1.745951e+000
4.300480e+003,1.693333e+000
4.304338e+003,1.666167e+000
4.308194e+003,1.621701e+000
4.312052e+003,1.664605e+000
4.315908e+003,1.728120e+000
4.319766e+003,1.699467e+000
4.323622e+003,1.748333e+000
4.327479e+003,1.740400e+000
4.331336e+003,1.687254e+000
4.335193e+003,1.681102e+000
4.339050e+003,1.673647e+000
4.342907e+003,1.681820e+000
4.346764e+003,1.662291e+000
4.350621e+003,1.651538e+000
4.354478e+003,1.636583e+000
4.358335e+003,1.642878e+000
4.362191e+003,1.703390e+000
4.366049e+003,1.736319e+000
4.369905e+003,1.676671e+000
4.373763e+003,1.662906e+000
4.377619e+003,1.691662e+000
4.381477e+003,1.702921e+000
4.385333e+003,1.694598e+000
4.389190e+003,1.635306e+000
4.393047e+003,1.592540e+000
4.396904e+003,1.641695e+000
4.400761e+003,1.660394e+000
4.404618e+003,1.643910e+000
4.408475e+003,1.639293e+000
4.412332e+003,1.647166e+000
4.416188e+003,1.671264e+000
4.420046e+003,1.727292e+000
4.423902e+003,1.699515e+000
4.427760e+003,1.667465e+000
4.431616e+003,1.739134e+000
4.435474e+003,1.729212e+000
4.439330e+003,1.676830e+000
4.443188e+003,1.687035e+000
4.447044e+003,1.755881e+000
4.450901e+003,1.769166e+000
4.454758e+003,1.751796e+000
4.458615e+003,1.803949e+000
4.462472e+003,1.841143e+000
4.466329e+003,1.818867e+000
4.470186e+003,1.743702e+000
4.474043e+003,1.716315e+000
4.477899e+003,1.781675e+000
4.481757e+003,1.781430e+000
4.485613e+003,1.757003e+000
4.489471e+003,1.738205e+000
4.493327e+003,1.711668e+000
4.497185e+003,1.755441e+000
4.501041e+003,1.780899e+000
4.504898e+003,1.757381e+000
4.508755e+003,1.783930e+000
4.512612e+003,1.795411e+000
4.516469e+003,1.820133e+000
4.520326e+003,1.839838e+000
4.524183e+003,1.770734e+000
4.528040e+003,1.746832e+000
4.531896e+003,1.753289e+000
4.535754e+003,1.770406e+000
4.539610e+003,1.783270e+000
4.543468e+003,1.726961e+000
4.547324e+003,1.689777e+000
4.551182e+003,1.680024e+000
4.555038e+003,1.695353e+000
4.558896e+003,1.724893e+000
4.562752e+003,1.747644e+000
4.566609e+003,1.718875e+000
4.570466e+003,1.689423e+000
4.574323e+003,1.699318e+000
4.578180e+003,1.681915e+000
4.582037e+003,1.665400e+000
4.585894e+003,1.660642e+000
4.589751e+003,1.625811e+000
4.593607e+003,1.603271e+000
4.597465e+003,1.616535e+000
4.601321e+003,1.649298e+000
4.605179e+003,1.640376e+000
4.609035e+003,1.609443e+000
4.612893e+003,1.619765e+000
4.616749e+003,1.613777e+000
4.620606e+003,1.588824e+000
4.624463e+003,1.589089e+000
4.628320e+003,1.606210e+000
4.632177e+003,1.601500e+000
4.636034e+003,1.572846e+000
4.639891e+003,1.569472e+000
4.643748e+003,1.570506e+000
4.647604e+003,1.558145e+000
4.651462e+003,1.549636e+000
4.655318e+003,1.550114e+000
4.659176e+003,1.547299e+000
4.663032e+003,1.542723e+000
4.666890e+003,1.547001e+000
4.670746e+003,1.540574e+000
4.674604e+003,1.524170e+000
4.678460e+003,1.529865e+000
4.682317e+003,1.538229e+000
4.686174e+003,1.530145e+000
4.690031e+003,1.510917e+000
4.693888e+003,1.508235e+000
4.697745e+003,1.499759e+000
4.701602e+003,1.485892e+000
4.705459e+003,1.477340e+000
4.709315e+003,1.475040e+000
4.713173e+003,1.480941e+000
4.717029e+003,1.496631e+000
4.720887e+003,1.483414e+000
4.724743e+003,1.474265e+000
4.728601e+003,1.477580e+000
4.732457e+003,1.467300e+000
4.736314e+003,1.450968e+000
4.740171e+003,1.465554e+000
4.744028e+003,1.473515e+000
4.747885e+003,1.463053e+000
4.751742e+003,1.459427e+000
4.755599e+003,1.470920e+000
4.759456e+003,1.475515e+000
4.763313e+003,1.458110e+000
4.767170e+003,1.457184e+000
4.771026e+003,1.465402e+000
4.774884e+003,1.465810e+000
4.778740e+003,1.471817e+000
4.782598e+003,1.480904e+000
4.786454e+003,1.465105e+000
4.790312e+003,1.462640e+000
4.794168e+003,1.472751e+000
4.798025e+003,1.470857e+000
4.801882e+003,1.469325e+000
4.805739e+003,1.480561e+000
4.809596e+003,1.484785e+000
4.813453e+003,1.484015e+000
4.817310e+003,1.482231e+000
4.821167e+003,1.479051e+000
4.825023e+003,1.483806e+000
4.828881e+003,1.504752e+000
4.832737e+003,1.517843e+000
4.836595e+003,1.515788e+000
4.840451e+003,1.512157e+000
4.844309e+003,1.518615e+000
4.848165e+003,1.523149e+000
4.852022e+003,1.524437e+000
4.855879e+003,1.539971e+000
4.859736e+003,1.540500e+000
4.863593e+003,1.551901e+000
4.867450e+003,1.561783e+000
4.871307e+003,1.563532e+000
4.875164e+003,1.562046e+000
4.879021e+003,1.564298e+000
4.882878e+003,1.581070e+000
4.886734e+003,1.589327e+000
4.890592e+003,1.608563e+000
4.894448e+003,1.626220e+000
4.898306e+003,1.630594e+000
4.902162e+003,1.621920e+000
4.906020e+003,1.616469e+000
4.909876e+003,1.612553e+000
4.913733e+003,1.614157e+000
4.917590e+003,1.628964e+000
4.921447e+003,1.623022e+000
4.925304e+003,1.606944e+000
4.929161e+003,1.609516e+000
4.933018e+003,1.624091e+000
4.936875e+003,1.627192e+000
4.940731e+003,1.630967e+000
4.944589e+003,1.635780e+000
4.948445e+003,1.644561e+000
4.952303e+003,1.645571e+000
4.956159e+003,1.649255e+000
4.960017e+003,1.651039e+000
4.963873e+003,1.642416e+000
4.967730e+003,1.637583e+000
4.971587e+003,1.646153e+000
4.975444e+003,1.641076e+000
4.979301e+003,1.642838e+000
4.983158e+003,1.649224e+000
4.987015e+003,1.648570e+000
4.990872e+003,1.646516e+000
4.994729e+003,1.650194e+000
4.998586e+003,1.660049e+000
5.002442e+003,1.665157e+000
5.006300e+003,1.657485e+000
5.010156e+003,1.661389e+000
5.014014e+003,1.671262e+000
5.017870e+003,1.671689e+000
5.021728e+003,1.666478e+000
5.025584e+003,1.668161e+000
5.029441e+003,1.668648e+000
5.033298e+003,1.668961e+000
5.037155e+003,1.666642e+000
5.041012e+003,1.673066e+000
5.044869e+003,1.673458e+000
5.048726e+003,1.667473e+000
5.052583e+003,1.662793e+000
5.056439e+003,1.663331e+000
5.060297e+003,1.659796e+000
5.064153e+003,1.659671e+000
5.068011e+003,1.662404e+000
5.071867e+003,1.660967e+000
5.075725e+003,1.672777e+000
5.079581e+003,1.680814e+000
5.083438e+003,1.664891e+000
5.087295e+003,1.664498e+000
5.091152e+003,1.664287e+000
5.095009e+003,1.660678e+000
5.098866e+003,1.658982e+000
5.102723e+003,1.645723e+000
5.106580e+003,1.633447e+000
5.110437e+003,1.624778e+000
5.114294e+003,1.622680e+000
5.118150e+003,1.624057e+000
5.122008e+003,1.623766e+000
5.125864e+003,1.629654e+000
5.129722e+003,1.630105e+000
5.133578e+003,1.628535e+000
5.137436e+003,1.632311e+000
5.141292e+003,1.633176e+000
5.145149e+003,1.628542e+000
5.149006e+003,1.629211e+000
5.152863e+003,1.624237e+000
5.156720e+003,1.613871e+000
5.160577e+003,1.615530e+000
5.164434e+003,1.626929e+000
5.168291e+003,1.615060e+000
5.172147e+003,1.616803e+000
5.176005e+003,1.617860e+000
5.179861e+003,1.614966e+000
5.183719e+003,1.613267e+000
5.187575e+003,1.623867e+000
5.191433e+003,1.621940e+000
5.195289e+003,1.622391e+000
5.199146e+003,1.624223e+000
5.203003e+003,1.630235e+000
5.206860e+003,1.624517e+000
5.210717e+003,1.614393e+000
5.214574e+003,1.604246e+000
5.218431e+003,1.608932e+000
5.222288e+003,1.619456e+000
5.226145e+003,1.616277e+000
5.230002e+003,1.616122e+000
5.233858e+003,1.614073e+000
5.237716e+003,1.615436e+000
5.241572e+003,1.618337e+000
5.245430e+003,1.620753e+000
5.249286e+003,1.627270e+000
5.253144e+003,1.619477e+000
5.257000e+003,1.614865e+000
5.260857e+003,1.618795e+000
5.264714e+003,1.624773e+000
5.268571e+003,1.626522e+000
5.272428e+003,1.620531e+000
5.276285e+003,1.626607e+000
5.280142e+003,1.626614e+000
5.283999e+003,1.621381e+000
5.287855e+003,1.616823e+000
5.291713e+003,1.610262e+000
5.295569e+003,1.610492e+000
5.299427e+003,1.612060e+000
5.303283e+003,1.606408e+000
5.307141e+003,1.599500e+000
5.310997e+003,1.595088e+000
5.314854e+003,1.599409e+000
5.318711e+003,1.599257e+000
5.322568e+003,1.602484e+000
5.326425e+003,1.606527e+000
5.330282e+003,1.606403e+000
5.334139e+003,1.601175e+000
5.337996e+003,1.598796e+000
5.341853e+003,1.607559e+000
5.345710e+003,1.609127e+000
5.349566e+003,1.616285e+000
5.353424e+003,1.630189e+000
5.357280e+003,1.629894e+000
5.361138e+003,1.629948e+000
5.364994e+003,1.641678e+000
5.368852e+003,1.662923e+000
5.372708e+003,1.681969e+000
5.376565e+003,1.686933e+000
5.380422e+003,1.704621e+000
5.384279e+003,1.723559e+000
5.388136e+003,1.731887e+000
5.391993e+003,1.741515e+000
5.395850e+003,1.758773e+000
5.399707e+003,1.757124e+000
5.403563e+003,1.749080e+000
5.407421e+003,1.739300e+000
5.411277e+003,1.723389e+000
5.415135e+003,1.719758e+000
5.418991e+003,1.722034e+000
5.422849e+003,1.714901e+000
5.426705e+003,1.710153e+000
5.430563e+003,1.715897e+000
5.434419e+003,1.717133e+000
5.438276e+003,1.729170e+000
5.442133e+003,1.734333e+000
5.445990e+003,1.736912e+000
5.449847e+003,1.718009e+000
5.453704e+003,1.707863e+000
5.457561e+003,1.697969e+000
5.461418e+003,1.668524e+000
5.465274e+003,1.657154e+000
5.469132e+003,1.651426e+000
5.472988e+003,1.645732e+000
5.476846e+003,1.635644e+000
5.480702e+003,1.625380e+000
5.484560e+003,1.626509e+000
5.488416e+003,1.615841e+000
5.492273e+003,1.602757e+000
5.496130e+003,1.604706e+000
5.499987e+003,1.609613e+000
5.503844e+003,1.606179e+000
5.507701e+003,1.607869e+000
5.511558e+003,1.616105e+000
5.515415e+003,1.618642e+000
5.519271e+003,1.615402e+000
5.523129e+003,1.610484e+000
5.526985e+003,1.609671e+000
5.530843e+003,1.611667e+000
5.534699e+003,1.618386e+000
5.538557e+003,1.624846e+000
5.542413e+003,1.635131e+000
5.546271e+003,1.632021e+000
5.550127e+003,1.635087e+000
5.553984e+003,1.649134e+000
5.557841e+003,1.659628e+000
5.561698e+003,1.666734e+000
5.565555e+003,1.672692e+000
5.569412e+003,1.671954e+000
5.573269e+003,1.680062e+000
5.577126e+003,1.692183e+000
5.580982e+003,1.699073e+000
5.584840e+003,1.697028e+000
5.588696e+003,1.713604e+000
5.592554e+003,1.721388e+000
5.596410e+003,1.718692e+000
5.600268e+003,1.720980e+000
5.604124e+003,1.728159e+000
5.607981e+003,1.723032e+000
5.611838e+003,1.721183e+000
5.615695e+003,1.720706e+000
5.619552e+003,1.720588e+000
5.623409e+003,1.721483e+000
5.627266e+003,1.713464e+000
5.631123e+003,1.705031e+000
5.634979e+003,1.704874e+000
5.638837e+003,1.700377e+000
5.642693e+003,1.693539e+000
5.646551e+003,1.694193e+000
5.650407e+003,1.704923e+000
5.654265e+003,1.705691e+000
5.658121e+003,1.705339e+000
5.661979e+003,1.710792e+000
5.665835e+003,1.716733e+000
5.669692e+003,1.719213e+000
5.673549e+003,1.724749e+000
5.677406e+003,1.726786e+000
5.681263e+003,1.728007e+000
5.685120e+003,1.737328e+000
5.688977e+003,1.732432e+000
5.692834e+003,1.737597e+000
5.696690e+003,1.748573e+000
5.700548e+003,1.747257e+000
5.704404e+003,1.731886e+000
5.708262e+003,1.732663e+000
5.712118e+003,1.732114e+000
5.715976e+003,1.735382e+000
5.719832e+003,1.741936e+000
5.723689e+003,1.730351e+000
5.727546e+003,1.724597e+000
5.731403e+003,1.742724e+000
5.735260e+003,1.745602e+000
5.739117e+003,1.740942e+000
5.742974e+003,1.734053e+000
5.746831e+003,1.734585e+000
5.750688e+003,1.739095e+000
5.754545e+003,1.740258e+000
5.758401e+003,1.738863e+000
5.762259e+003,1.745761e+000
5.766115e+003,1.747078e+000
5.769973e+003,1.731577e+000
5.773829e+003,1.730022e+000
5.777687e+003,1.735458e+000
5.781543e+003,1.730384e+000
5.785400e+003,1.720812e+000
5.789257e+003,1.715607e+000
5.793114e+003,1.708924e+000
5.796971e+003,1.710892e+000
5.800828e+003,1.707307e+000
5.804685e+003,1.703845e+000
5.808542e+003,1.697993e+000
5.812398e+003,1.695937e+000
5.816256e+003,1.698146e+000
5.820112e+003,1.699544e+000
5.823970e+003,1.688839e+000
5.827826e+003,1.691975e+000
5.831684e+003,1.693757e+000
5.835540e+003,1.695689e+000
5.839397e+003,1.708654e+000
5.843254e+003,1.715109e+000
5.847111e+003,1.713505e+000
5.850968e+003,1.725862e+000
5.854825e+003,1.734020e+000
5.858682e+003,1.730131e+000
5.862539e+003,1.730707e+000
5.866396e+003,1.732522e+000
5.870253e+003,1.734665e+000
5.874109e+003,1.728187e+000
5.877967e+003,1.729921e+000
5.881823e+003,1.734393e+000
5.885681e+003,1.724851e+000
5.889537e+003,1.721251e+000
5.893395e+003,1.729925e+000
5.897251e+003,1.732605e+000
5.901108e+003,1.732175e+000
5.904965e+003,1.732364e+000
5.908822e+003,1.727379e+000
5.912679e+003,1.727114e+000
5.916536e+003,1.742583e+000
5.920393e+003,1.750156e+000
5.924250e+003,1.744838e+000
5.928106e+003,1.736752e+000
5.931964e+003,1.730050e+000
5.935820e+003,1.724060e+000
5.939678e+003,1.718460e+000
5.943534e+003,1.710812e+000
5.947392e+003,1.696347e+000
5.951248e+003,1.684913e+000
5.955105e+003,1.670481e+000
5.958962e+003,1.650950e+000
5.962819e+003,1.640282e+000
5.966676e+003,1.627543e+000
5.970533e+003,1.622460e+000
5.974390e+003,1.624628e+000
5.978247e+003,1.618977e+000
5.982104e+003,1.612599e+000
5.985961e+003,1.603688e+000
5.989817e+003,1.599622e+000
5.993675e+003,1.597950e+000
5.997531e+003,1.598702e+000
6.001389e+003,1.599021e+000
6.005245e+003,1.597411e+000
6.009103e+003,1.601893e+000
6.012959e+003,1.599849e+000
6.016816e+003,1.595489e+000
6.020673e+003,1.591744e+000
6.024530e+003,1.587714e+000
6.028387e+003,1.588223e+000
6.032244e+003,1.584208e+000
6.036101e+003,1.583864e+000
6.039958e+003,1.589011e+000
6.043814e+003,1.591258e+000
6.047672e+003,1.589908e+000
6.051528e+003,1.587909e+000
6.055386e+003,1.586112e+000
6.059242e+003,1.583266e+000
6.063100e+003,1.579373e+000
6.066956e+003,1.575976e+000
6.070813e+003,1.577670e+000
6.074670e+003,1.574726e+000
6.078527e+003,1.553381e+000
6.082384e+003,1.547577e+000
6.086241e+003,1.547205e+000
6.090098e+003,1.548312e+000
6.093955e+003,1.549435e+000
6.097812e+003,1.534612e+000
6.101669e+003,1.526251e+000
6.105525e+003,1.526316e+000
6.109383e+003,1.514831e+000
6.113239e+003,1.504995e+000
6.117097e+003,1.513010e+000
6.120953e+003,1.515947e+000
6.124811e+003,1.503410e+000
6.128667e+003,1.500699e+000
6.132524e+003,1.510415e+000
6.136381e+003,1.510367e+000
6.140238e+003,1.496120e+000
6.144095e+003,1.482792e+000
6.147952e+003,1.486360e+000
6.151809e+003,1.491812e+000
6.155666e+003,1.487003e+000
6.159522e+003,1.486984e+000
6.163380e+003,1.484773e+000
6.167236e+003,1.484954e+000
6.171094e+003,1.479904e+000
6.174950e+003,1.478158e+000
6.178808e+003,1.477955e+000
6.182664e+003,1.475191e+000
6.186521e+003,1.471890e+000
6.190378e+003,1.476206e+000
6.194235e+003,1.474348e+000
6.198092e+003,1.466424e+000
6.201949e+003,1.465393e+000
6.205806e+003,1.464467e+000
6.209663e+003,1.472381e+000
6.213520e+003,1.469828e+000
6.217377e+003,1.462950e+000
6.221233e+003,1.460656e+000
6.225091e+003,1.461615e+000
6.228947e+003,1.462299e+000
6.232805e+003,1.450789e+000
6.236661e+003,1.448693e+000
6.240519e+003,1.454810e+000
6.244375e+003,1.457196e+000
6.248232e+003,1.450760e+000
6.252089e+003,1.453358e+000
6.255946e+003,1.451207e+000
6.259803e+003,1.451375e+000
6.263660e+003,1.454956e+000
6.267517e+003,1.456830e+000
6.271374e+003,1.464472e+000
6.275230e+003,1.455171e+000
6.279088e+003,1.452372e+000
6.282944e+003,1.467300e+000
6.286802e+003,1.461163e+000
6.290658e+003,1.455049e+000
6.294516e+003,1.458750e+000
6.298372e+003,1.453107e+000
6.302229e+003,1.449564e+000
6.306086e+003,1.448753e+000
6.309943e+003,1.448624e+000
6.313800e+003,1.450092e+000
6.317657e+003,1.458498e+000
6.321514e+003,1.466853e+000
6.325371e+003,1.458855e+000
6.329228e+003,1.457703e+000
6.333085e+003,1.467305e+000
6.336941e+003,1.469383e+000
6.340799e+003,1.473220e+000
6.344655e+003,1.468312e+000
6.348513e+003,1.455724e+000
6.352369e+003,1.460861e+000
6.356227e+003,1.468562e+000
6.360083e+003,1.468471e+000
6.363940e+003,1.470258e+000
6.367797e+003,1.477343e+000
6.371654e+003,1.487598e+000
6.375511e+003,1.493244e+000
6.379368e+003,1.493811e+000
6.383225e+003,1.494972e+000
6.387082e+003,1.495473e+000
6.390938e+003,1.495691e+000
6.394796e+003,1.498015e+000
6.398652e+003,1.499832e+000
6.402510e+003,1.508768e+000
6.406366e+003,1.513489e+000
6.410224e+003,1.517003e+000
6.414080e+003,1.517183e+000
6.417938e+003,1.521838e+000
6.421794e+003,1.533307e+000
6.425651e+003,1.521310e+000
6.429508e+003,1.522258e+000
6.433365e+003,1.523073e+000
6.437222e+003,1.516361e+000
6.441079e+003,1.521467e+000
6.444936e+003,1.523549e+000
6.448793e+003,1.526232e+000
6.452649e+003,1.525213e+000
6.456507e+003,1.528376e+000
6.460363e+003,1.534362e+000
6.464221e+003,1.542763e+000
6.468077e+003,1.536732e+000
6.471935e+003,1.533187e+000
6.475791e+003,1.542014e+000
6.479648e+003,1.535776e+000
6.483505e+003,1.537570e+000
6.487362e+003,1.542439e+000
6.491219e+003,1.545665e+000
6.495076e+003,1.547432e+000
6.498933e+003,1.538465e+000
6.502790e+003,1.537110e+000
6.506646e+003,1.537245e+000
6.510504e+003,1.531666e+000
6.514360e+003,1.527140e+000
6.518218e+003,1.527319e+000
6.522074e+003,1.530952e+000
6.525932e+003,1.528378e+000
6.529788e+003,1.532273e+000
6.533646e+003,1.537213e+000
6.537502e+003,1.531360e+000
6.541359e+003,1.534540e+000
6.545216e+003,1.535590e+000
6.549073e+003,1.534415e+000
6.552930e+003,1.527669e+000
6.556787e+003,1.534137e+000
6.560644e+003,1.527708e+000
6.564501e+003,1.525191e+000
6.568357e+003,1.530103e+000
6.572215e+003,1.537417e+000
6.576071e+003,1.536697e+000
6.579929e+003,1.533568e+000
6.583785e+003,1.530878e+000
6.587643e+003,1.535256e+000
6.591499e+003,1.543707e+000
6.595356e+003,1.533146e+000
6.599213e+003,1.536391e+000
6.603070e+003,1.542683e+000
6.606927e+003,1.543307e+000
6.610784e+003,1.536980e+000
6.614641e+003,1.539265e+000
6.618498e+003,1.535341e+000
6.622354e+003,1.528906e+000
6.626212e+003,1.521641e+000
6.630068e+003,1.516320e+000
6.633926e+003,1.521141e+000
6.637782e+003,1.522144e+000
6.641640e+003,1.527097e+000
6.645496e+003,1.531797e+000
6.649354e+003,1.535177e+000
6.653210e+003,1.533444e+000
6.657067e+003,1.524802e+000
6.660924e+003,1.519442e+000
6.664781e+003,1.524287e+000
6.668638e+003,1.517751e+000
6.672495e+003,1.512646e+000
6.676352e+003,1.515158e+000
6.680209e+003,1.518839e+000
6.684065e+003,1.511719e+000
6.687923e+003,1.507645e+000
6.691779e+003,1.516094e+000
6.695637e+003,1.526287e+000
6.699493e+003,1.534240e+000
6.703351e+003,1.543015e+000
6.707207e+003,1.537074e+000
6.711064e+003,1.531205e+000
6.714921e+003,1.528147e+000
6.718778e+003,1.530131e+000
6.722635e+003,1.524526e+000
6.726492e+003,1.524922e+000
6.730349e+003,1.529792e+000
6.734206e+003,1.532832e+000
6.738063e+003,1.531001e+000
6.741920e+003,1.535311e+000
6.745776e+003,1.537551e+000
6.749634e+003,1.535413e+000
6.753490e+003,1.528108e+000
6.757348e+003,1.532335e+000
6.761204e+003,1.538256e+000
6.765062e+003,1.535551e+000
6.768918e+003,1.537068e+000
6.772775e+003,1.540837e+000
6.776632e+003,1.541017e+000
6.780489e+003,1.547640e+000
6.784346e+003,1.541234e+000
6.788203e+003,1.535281e+000
6.792060e+003,1.536965e+000
6.795917e+003,1.543711e+000
6.799773e+003,1.547286e+000
6.803631e+003,1.550876e+000
6.807487e+003,1.552278e+000
6.811345e+003,1.557522e+000
6.815201e+003,1.560600e+000
6.819059e+003,1.554414e+000
6.822915e+003,1.555017e+000
6.826772e+003,1.558864e+000
6.830629e+003,1.559584e+000
6.834486e+003,1.564827e+000
6.838343e+003,1.566806e+000
6.842200e+003,1.569944e+000
6.846057e+003,1.565788e+000
6.849914e+003,1.566870e+000
6.853771e+003,1.565841e+000
6.857628e+003,1.559854e+000
6.861484e+003,1.555750e+000
6.865342e+003,1.552579e+000
6.869198e+003,1.557876e+000
6.873056e+003,1.562629e+000
6.876912e+003,1.563178e+000
6.880770e+003,1.566732e+000
6.884626e+003,1.569453e+000
6.888483e+003,1.565331e+000
6.892340e+003,1.560553e+000
6.896197e+003,1.558292e+000
6.900054e+003,1.565538e+000
6.903911e+003,1.566962e+000
6.907768e+003,1.560793e+000
6.911625e+003,1.577741e+000
6.915481e+003,1.584322e+000
6.919339e+003,1.581161e+000
6.923195e+003,1.588316e+000
6.927053e+003,1.582949e+000
6.930909e+003,1.586798e+000
6.934767e+003,1.589096e+000
6.938623e+003,1.595854e+000
6.942480e+003,1.603700e+000
6.946337e+003,1.601440e+000
6.950194e+003,1.597206e+000
6.954051e+003,1.602642e+000
6.957908e+003,1.597735e+000
6.961765e+003,1.601366e+000
6.965622e+003,1.598853e+000
6.969479e+003,1.595529e+000
6.973336e+003,1.603668e+000
6.977192e+003,1.615279e+000
6.981050e+003,1.623540e+000
6.984906e+003,1.620690e+000
6.988764e+003,1.616835e+000
6.992620e+003,1.616367e+000
6.996478e+003,1.618409e+000
7.000334e+003,1.622394e+000
7.004191e+003,1.625165e+000
7.008048e+003,1.631152e+000
7.011905e+003,1.625985e+000
7.015762e+003,1.630926e+000
7.019619e+003,1.636212e+000
7.023476e+003,1.631088e+000
7.027333e+003,1.624352e+000
7.031189e+003,1.636240e+000
7.035047e+003,1.653744e+000
7.038903e+003,1.654893e+000
7.042761e+003,1.640029e+000
7.046617e+003,1.648734e+000
7.050475e+003,1.652366e+000
7.054331e+003,1.653572e+000
7.058188e+003,1.661989e+000
7.062045e+003,1.671128e+000
7.065902e+003,1.683915e+000
7.069759e+003,1.694067e+000
7.073616e+003,1.689123e+000
7.077473e+003,1.702300e+000
7.081330e+003,1.716337e+000
7.085187e+003,1.720141e+000
7.089044e+003,1.730556e+000
7.092900e+003,1.724138e+000
7.096758e+003,1.737225e+000
7.100614e+003,1.753311e+000
7.104472e+003,1.744347e+000
7.108328e+003,1.752219e+000
7.112186e+003,1.764521e+000
7.116042e+003,1.757308e+000
7.119899e+003,1.747617e+000
7.123756e+003,1.741862e+000
7.127613e+003,1.740042e+000
7.131470e+003,1.744701e+000
7.135327e+003,1.750101e+000
7.139184e+003,1.756472e+000
7.143041e+003,1.758120e+000
7.146897e+003,1.754002e+000
7.150755e+003,1.768347e+000
7.154611e+003,1.781403e+000
7.158469e+003,1.768910e+000
7.162325e+003,1.740304e+000
7.166183e+003,1.753534e+000
7.170039e+003,1.757612e+000
7.173896e+003,1.756776e+000
7.177753e+003,1.746125e+000
7.181610e+003,1.742419e+000
7.185467e+003,1.753229e+000
7.189324e+003,1.753123e+000
7.193181e+003,1.743322e+000
7.197038e+003,1.734750e+000
7.200895e+003,1.733137e+000
7.204752e+003,1.738705e+000
7.208608e+003,1.744434e+000
7.212466e+003,1.728105e+000
7.216322e+003,1.710093e+000
7.220180e+003,1.700475e+000
7.224036e+003,1.703316e+000
7.227894e+003,1.720660e+000
7.231750e+003,1.717381e+000
7.235607e+003,1.715037e+000
7.239464e+003,1.725862e+000
7.243321e+003,1.719648e+000
7.247178e+003,1.709805e+000
7.251035e+003,1.702387e+000
7.254892e+003,1.709700e+000
7.258749e+003,1.708750e+000
7.262605e+003,1.698847e+000
7.266463e+003,1.702847e+000
7.270319e+003,1.701235e+000
7.274177e+003,1.703554e+000
7.278033e+003,1.697367e+000
7.281891e+003,1.689285e+000
7.285747e+003,1.700855e+000
7.289604e+003,1.695677e+000
7.293461e+003,1.686282e+000
7.297318e+003,1.686574e+000
7.301175e+003,1.688915e+000
7.305032e+003,1.688355e+000
7.308889e+003,1.686391e+000
7.312746e+003,1.664676e+000
7.316603e+003,1.651022e+000
7.320460e+003,1.651237e+000
7.324316e+003,1.649161e+000
7.328174e+003,1.639752e+000
7.332030e+003,1.629676e+000
7.335888e+003,1.618161e+000
7.339744e+003,1.614547e+000
7.343602e+003,1.628239e+000
7.347458e+003,1.623003e+000
7.351315e+003,1.613716e+000
7.355172e+003,1.604057e+000
7.359029e+003,1.595855e+000
7.362886e+003,1.598442e+000
7.366743e+003,1.594852e+000
7.370600e+003,1.584564e+000
7.374457e+003,1.585498e+000
7.378313e+003,1.581603e+000
7.382171e+003,1.581062e+000
7.386027e+003,1.588215e+000
7.389885e+003,1.581412e+000
7.393741e+003,1.581777e+000
7.397599e+003,1.576145e+000
7.401455e+003,1.564559e+000
7.405313e+003,1.563530e+000
7.409169e+003,1.567671e+000
7.413026e+003,1.568258e+000
7.416883e+003,1.562140e+000
7.420740e+003,1.566164e+000
7.424597e+003,1.559684e+000
7.428454e+003,1.559402e+000
7.432311e+003,1.561051e+000
7.436168e+003,1.556678e+000
7.440024e+003,1.565953e+000
7.443882e+003,1.577386e+000
7.447738e+003,1.569819e+000
7.451596e+003,1.556861e+000
7.455452e+003,1.544695e+000
7.459310e+003,1.545220e+000
7.463166e+003,1.548190e+000
7.467023e+003,1.544530e+000
7.470880e+003,1.553419e+000
7.474737e+003,1.560258e+000
7.478594e+003,1.544417e+000
7.482451e+003,1.536623e+000
7.486308e+003,1.543865e+000
7.490165e+003,1.546367e+000
7.494021e+003,1.544325e+000
7.497879e+003,1.538317e+000
7.501735e+003,1.549697e+000
7.505593e+003,1.557435e+000
7.509449e+003,1.547431e+000
7.513307e+003,1.544611e+000
7.517163e+003,1.541455e+000
7.521021e+003,1.526563e+000
7.524877e+003,1.530386e+000
7.528734e+003,1.540128e+000
7.532591e+003,1.545223e+000
7.536448e+003,1.541658e+000
7.540305e+003,1.537554e+000
7.544162e+003,1.534729e+000
7.548019e+003,1.540714e+000
7.551876e+003,1.544534e+000
7.555732e+003,1.535255e+000
7.559590e+003,1.522921e+000
7.563446e+003,1.526470e+000
7.567304e+003,1.536295e+000
7.571160e+003,1.534980e+000
7.575018e+003,1.534205e+000
7.578874e+003,1.538546e+000
7.582731e+003,1.538576e+000
7.586588e+003,1.544214e+000
7.590445e+003,1.540367e+000
7.594302e+003,1.531866e+000
7.598159e+003,1.534527e+000
7.602016e+003,1.535408e+000
7.605873e+003,1.530740e+000
7.609729e+003,1.532189e+000
7.613587e+003,1.536808e+000
7.617443e+003,1.536354e+000
7.621301e+003,1.541092e+000
7.625157e+003,1.539026e+000
7.629015e+003,1.547062e+000
7.632871e+003,1.545433e+000
7.636729e+003,1.530750e+000
7.640585e+003,1.533000e+000
7.644442e+003,1.544452e+000
7.648299e+003,1.545236e+000
7.652156e+003,1.533246e+000
7.656013e+003,1.532539e+000
7.659870e+003,1.534406e+000
7.663727e+003,1.531145e+000
7.667584e+003,1.538744e+000
7.671440e+003,1.547773e+000
7.675298e+003,1.540085e+000
7.679154e+003,1.542062e+000
7.683012e+003,1.541781e+000
7.686868e+003,1.536456e+000
7.690726e+003,1.539739e+000
7.694582e+003,1.547095e+000
7.698439e+003,1.547857e+000
7.702296e+003,1.539844e+000
7.706153e+003,1.539273e+000
7.710010e+003,1.548867e+000
7.713867e+003,1.543005e+000
7.717724e+003,1.542632e+000
7.721581e+003,1.554062e+000
7.725438e+003,1.555728e+000
7.729295e+003,1.550059e+000
7.733151e+003,1.552531e+000
7.737009e+003,1.550893e+000
7.740865e+003,1.540458e+000
7.744723e+003,1.535156e+000
7.748579e+003,1.529995e+000
7.752437e+003,1.533827e+000
7.756293e+003,1.537476e+000
7.760150e+003,1.546368e+000
7.764007e+003,1.547650e+000
7.767864e+003,1.540380e+000
7.771721e+003,1.537311e+000
7.775578e+003,1.544880e+000
7.779435e+003,1.547060e+000
7.783292e+003,1.538883e+000
7.787148e+003,1.547211e+000
7.791006e+003,1.541949e+000
7.794862e+003,1.529352e+000
7.798720e+003,1.538835e+000
7.802576e+003,1.539744e+000
7.806434e+003,1.528884e+000
7.810290e+003,1.531407e+000
7.814147e+003,1.536845e+000
7.818004e+003,1.534848e+000
7.821861e+003,1.538200e+000
7.825718e+003,1.540616e+000
7.829575e+003,1.547010e+000
7.833432e+003,1.554284e+000
7.837289e+003,1.549189e+000
7.841146e+003,1.537084e+000
7.845003e+003,1.545228e+000
7.848859e+003,1.553468e+000
7.852717e+003,1.551330e+000
7.856573e+003,1.542561e+000
7.860431e+003,1.538103e+000
7.864287e+003,1.533630e+000
7.868145e+003,1.536054e+000
7.872001e+003,1.530535e+000
7.875858e+003,1.538607e+000
7.879715e+003,1.550654e+000
7.883572e+003,1.547596e+000
7.887429e+003,1.537324e+000
7.891286e+003,1.537143e+000
7.895143e+003,1.534562e+000
7.899000e+003,1.531049e+000
7.902856e+003,1.529734e+000
7.906714e+003,1.533883e+000
7.910570e+003,1.539670e+000
7.914428e+003,1.538550e+000
7.918284e+003,1.532817e+000
7.922142e+003,1.535686e+000
7.925998e+003,1.548152e+000
7.929855e+003,1.554984e+000
7.933712e+003,1.552285e+000
7.937569e+003,1.549360e+000
7.941426e+003,1.546097e+000
7.945283e+003,1.543550e+000
7.949140e+003,1.534955e+000
7.952997e+003,1.536241e+000
7.956854e+003,1.549565e+000
7.960711e+003,1.545981e+000
7.964567e+003,1.546117e+000
7.968425e+003,1.549196e+000
7.972281e+003,1.537058e+000
7.976139e+003,1.528341e+000
7.979995e+003,1.533480e+000
7.983853e+003,1.530059e+000
7.987709e+003,1.534844e+000
7.991566e+003,1.536429e+000
7.995423e+003,1.527955e+000
7.999280e+003,1.535566e+000
8.003137e+003,1.538889e+000
8.006994e+003,1.543936e+000
8.010851e+003,1.549629e+000
8.014708e+003,1.541762e+000
8.018564e+003,1.531254e+000
8.022422e+003,1.539888e+000
8.026278e+003,1.544499e+000
8.030136e+003,1.545310e+000
8.033992e+003,1.549431e+000
8.037850e+003,1.539029e+000
8.041706e+003,1.531583e+000
8.045563e+003,1.527473e+000
8.049420e+003,1.525216e+000
8.053277e+003,1.533013e+000
8.057134e+003,1.530025e+000
8.060991e+003,1.524448e+000
8.064848e+003,1.522481e+000
8.068705e+003,1.537954e+000
8.072562e+003,1.547858e+000
8.076419e+003,1.542622e+000
8.080275e+003,1.537683e+000
8.084133e+003,1.537270e+000
8.087989e+003,1.547646e+000
8.091847e+003,1.554364e+000
8.095703e+003,1.545293e+000
8.099561e+003,1.541516e+000
8.103417e+003,1.546393e+000
8.107274e+003,1.549123e+000
8.111131e+003,1.533921e+000
8.114988e+003,1.527230e+000
8.118845e+003,1.533912e+000
8.122702e+003,1.545192e+000
8.126559e+003,1.549507e+000
8.130416e+003,1.542320e+000
8.134272e+003,1.544868e+000
8.138130e+003,1.551745e+000
8.141986e+003,1.540576e+000
8.145844e+003,1.538302e+000
8.149700e+003,1.539944e+000
8.153558e+003,1.542025e+000
8.157414e+003,1.550979e+000
8.161271e+003,1.551365e+000
8.165128e+003,1.547857e+000
8.168985e+003,1.551650e+000
8.172842e+003,1.545516e+000
8.176699e+003,1.521966e+000
8.180556e+003,1.534590e+000
8.184413e+003,1.567193e+000
8.188270e+003,1.565339e+000
8.192127e+003,1.549021e+000
8.195983e+003,1.557917e+000
8.199841e+003,1.569697e+000
8.203697e+003,1.560365e+000
8.207555e+003,1.572196e+000
8.211411e+003,1.569644e+000
8.215269e+003,1.557101e+000
8.219125e+003,1.564275e+000
8.222982e+003,1.577347e+000
8.226839e+003,1.582680e+000
8.230696e+003,1.573694e+000
8.234553e+003,1.579048e+000
8.238410e+003,1.579448e+000
8.242267e+003,1.569636e+000
8.246124e+003,1.570768e+000
8.249980e+003,1.565809e+000
8.253838e+003,1.564353e+000
8.257694e+003,1.563898e+000
8.261552e+003,1.569757e+000
8.265408e+003,1.575622e+000
8.269266e+003,1.576567e+000
8.273122e+003,1.569284e+000
8.276979e+003,1.556654e+000
8.280836e+003,1.563109e+000
8.284693e+003,1.561115e+000
8.288550e+003,1.559354e+000
8.292407e+003,1.567594e+000
8.296264e+003,1.577754e+000
8.300121e+003,1.576639e+000
8.303978e+003,1.561730e+000
8.307835e+003,1.562509e+000
8.311691e+003,1.577448e+000
8.315549e+003,1.571732e+000
8.319405e+003,1.567043e+000
8.323263e+003,1.580200e+000
8.327119e+003,1.587594e+000
8.330977e+003,1.594684e+000
8.334833e+003,1.587680e+000
8.338690e+003,1.584558e+000
8.342547e+003,1.597186e+000
8.346404e+003,1.618184e+000
8.350261e+003,1.604258e+000
8.354118e+003,1.605738e+000
8.357975e+003,1.631918e+000
8.361832e+003,1.636871e+000
8.365688e+003,1.636186e+000
8.369546e+003,1.654032e+000
8.373402e+003,1.679831e+000
8.377260e+003,1.696540e+000
8.381116e+003,1.701250e+000
8.384974e+003,1.717055e+000
8.388830e+003,1.729667e+000
8.392688e+003,1.740218e+000
8.396544e+003,1.740082e+000
8.400401e+003,1.736278e+000
8.404258e+003,1.734168e+000
8.408115e+003,1.730749e+000
8.411972e+003,1.727420e+000
8.415829e+003,1.729377e+000
8.419686e+003,1.731306e+000
8.423543e+003,1.748141e+000
8.427399e+003,1.751662e+000
8.431257e+003,1.728049e+000
8.435113e+003,1.747760e+000
8.438971e+003,1.758883e+000
8.442827e+003,1.729202e+000
8.446685e+003,1.703752e+000
8.450541e+003,1.726736e+000
8.454398e+003,1.752816e+000
8.458255e+003,1.728994e+000
8.462112e+003,1.722711e+000
8.465969e+003,1.747478e+000
8.469826e+003,1.745352e+000
8.473683e+003,1.718735e+000
8.477540e+003,1.726330e+000
8.481396e+003,1.711551e+000
8.485254e+003,1.687584e+000
8.489110e+003,1.683096e+000
8.492968e+003,1.675964e+000
8.496824e+003,1.676184e+000
8.500682e+003,1.667984e+000
8.504538e+003,1.656242e+000
8.508396e+003,1.647343e+000
8.512252e+003,1.634129e+000
8.516109e+003,1.653326e+000
8.519966e+003,1.654717e+000
8.523823e+003,1.634083e+000
8.527680e+003,1.635038e+000
8.531537e+003,1.646559e+000
8.535394e+003,1.630894e+000
8.539251e+003,1.630736e+000
8.543107e+003,1.617185e+000
8.546965e+003,1.617804e+000
8.550821e+003,1.617084e+000
8.554679e+003,1.615924e+000
8.558535e+003,1.612923e+000
8.562393e+003,1.605803e+000
8.566249e+003,1.607876e+000
8.570106e+003,1.601544e+000
8.573963e+003,1.577181e+000
8.577820e+003,1.584105e+000
8.581677e+003,1.593882e+000
8.585534e+003,1.583497e+000
8.589391e+003,1.595861e+000
8.593248e+003,1.610826e+000
8.597104e+003,1.595457e+000
8.600962e+003,1.577750e+000
8.604818e+003,1.586755e+000
8.608676e+003,1.595031e+000
8.612532e+003,1.600466e+000
8.616390e+003,1.606350e+000
8.620246e+003,1.611778e+000
8.624104e+003,1.608244e+000
8.627960e+003,1.604199e+000
8.631817e+003,1.593825e+000
8.635674e+003,1.594874e+000
8.639531e+003,1.589794e+000
8.643388e+003,1.582604e+000
8.647245e+003,1.592515e+000
8.651102e+003,1.617897e+000
8.654959e+003,1.614273e+000
8.658815e+003,1.595883e+000
8.662673e+003,1.602351e+000
8.666529e+003,1.598551e+000
8.670387e+003,1.603719e+000
8.674243e+003,1.587555e+000
8.678101e+003,1.584000e+000
8.681957e+003,1.599478e+000
8.685814e+003,1.606817e+000
8.689671e+003,1.593385e+000
8.693528e+003,1.572916e+000
8.697385e+003,1.591611e+000
8.701242e+003,1.598416e+000
8.705099e+003,1.603414e+000
8.708956e+003,1.594651e+000
8.712813e+003,1.580966e+000
8.716670e+003,1.598614e+000
8.720526e+003,1.603032e+000
8.724384e+003,1.591390e+000
8.728240e+003,1.588297e+000
8.732098e+003,1.584307e+000
8.735954e+003,1.590461e+000
8.739812e+003,1.573975e+000
8.743668e+003,1.568857e+000
8.747525e+003,1.559533e+000
8.751382e+003,1.554366e+000
8.755239e+003,1.559877e+000
8.759096e+003,1.569882e+000
8.762953e+003,1.594187e+000
8.766810e+003,1.590302e+000
8.770667e+003,1.568092e+000
8.774523e+003,1.555656e+000
8.778381e+003,1.553378e+000
8.782237e+003,1.566801e+000
8.786095e+003,1.569649e+000
8.789951e+003,1.551700e+000
8.793809e+003,1.561250e+000
8.797665e+003,1.551234e+000
8.801522e+003,1.549444e+000
8.805379e+003,1.552130e+000
8.809236e+003,1.536414e+000
8.813093e+003,1.540899e+000
8.816950e+003,1.549435e+000
8.820807e+003,1.538191e+000
8.824664e+003,1.542320e+000
8.828521e+003,1.551425e+000
8.832378e+003,1.565666e+000
8.836234e+003,1.558348e+000
8.840092e+003,1.546092e+000
8.843948e+003,1.543373e+000
8.847806e+003,1.548682e+000
8.851662e+003,1.546631e+000
8.855520e+003,1.532791e+000
8.859376e+003,1.524951e+000
8.863233e+003,1.527882e+000
8.867090e+003,1.540975e+000
8.870947e+003,1.538131e+000
8.874804e+003,1.533388e+000
8.878661e+003,1.540607e+000
8.882518e+003,1.527695e+000
8.886375e+003,1.509984e+000
8.890231e+003,1.514028e+000
8.894089e+003,1.523914e+000
8.897945e+003,1.531088e+000
8.901803e+003,1.550233e+000
8.905659e+003,1.544635e+000
8.909517e+003,1.533723e+000
8.913373e+003,1.531033e+000
8.917230e+003,1.541301e+000
8.921087e+003,1.548415e+000
8.924944e+003,1.546371e+000
8.928801e+003,1.541272e+000
8.932658e+003,1.533128e+000
8.936515e+003,1.528271e+000
8.940372e+003,1.524681e+000
8.944229e+003,1.524045e+000
8.948086e+003,1.517644e+000
8.951942e+003,1.526273e+000
8.955800e+003,1.545325e+000
8.959656e+003,1.545252e+000
8.963514e+003,1.536660e+000
8.967370e+003,1.517902e+000
8.971228e+003,1.518985e+000
8.975084e+003,1.536650e+000
8.978941e+003,1.532207e+000
8.982798e+003,1.519665e+000
8.986655e+003,1.518067e+000
8.990512e+003,1.539844e+000
8.994369e+003,1.533179e+000
8.998226e+003,1.533759e+000
9.002083e+003,1.534360e+000
9.005939e+003,1.513426e+000
9.009797e+003,1.499297e+000
9.013653e+003,1.520972e+000
9.017511e+003,1.526720e+000
9.021367e+003,1.524602e+000
9.025225e+003,1.526299e+000
9.029081e+003,1.526673e+000
9.032938e+003,1.517825e+000
9.036795e+003,1.512698e+000
9.040652e+003,1.512518e+000
9.044509e+003,1.526506e+000
9.048366e+003,1.540884e+000
9.052223e+003,1.541779e+000
9.056080e+003,1.518958e+000
9.059937e+003,1.525523e+000
9.063794e+003,1.537316e+000
9.067650e+003,1.537086e+000
9.071508e+003,1.532302e+000
9.075364e+003,1.531694e+000
9.079222e+003,1.523450e+000
9.083078e+003,1.510846e+000
9.086936e+003,1.501599e+000
9.090792e+003,1.520601e+000
9.094649e+003,1.543442e+000
9.098506e+003,1.547311e+000
9.102363e+003,1.539201e+000
9.106220e+003,1.533316e+000
9.110077e+003,1.520031e+000
9.113934e+003,1.531307e+000
9.117791e+003,1.531525e+000
9.121647e+003,1.526986e+000
9.125505e+003,1.530681e+000
9.129361e+003,1.509805e+000
9.133219e+003,1.512870e+000
9.137075e+003,1.547007e+000
9.140933e+003,1.550056e+000
9.144789e+003,1.539310e+000
9.148646e+003,1.539284e+000
9.152503e+003,1.534094e+000
9.156360e+003,1.532499e+000
9.160217e+003,1.526501e+000
9.164074e+003,1.555097e+000
9.167931e+003,1.563956e+000
9.171788e+003,1.554853e+000
9.175645e+003,1.554714e+000
9.179502e+003,1.531997e+000
9.183358e+003,1.537474e+000
9.187216e+003,1.533137e+000
9.191072e+003,1.532800e+000
9.194930e+003,1.556751e+000
9.198786e+003,1.558001e+000
9.202644e+003,1.561234e+000
9.206500e+003,1.560500e+000
9.210357e+003,1.558007e+000
9.214214e+003,1.555725e+000
9.218071e+003,1.549884e+000
9.221928e+003,1.556028e+000
9.225785e+003,1.560652e+000
9.229642e+003,1.552870e+000
9.233499e+003,1.530435e+000
9.237355e+003,1.530023e+000
9.241213e+003,1.527022e+000
9.245069e+003,1.531237e+000
9.248927e+003,1.523718e+000
9.252783e+003,1.532037e+000
9.256641e+003,1.529723e+000
9.260497e+003,1.511313e+000
9.264354e+003,1.501410e+000
9.268211e+003,1.509459e+000
9.272068e+003,1.520319e+000
9.275925e+003,1.531814e+000
9.279782e+003,1.547854e+000
9.283639e+003,1.542771e+000
9.287496e+003,1.538289e+000
9.291353e+003,1.531175e+000
9.295210e+003,1.538339e+000
9.299066e+003,1.551927e+000
9.302924e+003,1.544785e+000
9.306780e+003,1.541576e+000
9.310638e+003,1.543417e+000
9.314494e+003,1.552688e+000
9.318352e+003,1.546293e+000
9.322208e+003,1.538264e+000
9.326065e+003,1.561137e+000
9.329922e+003,1.557247e+000
9.333779e+003,1.514201e+000
9.337636e+003,1.530313e+000
9.341493e+003,1.532030e+000
9.345350e+003,1.527153e+000
9.349207e+003,1.531339e+000
9.353063e+003,1.516353e+000
9.356921e+003,1.524820e+000
9.360777e+003,1.543671e+000
9.364635e+003,1.531587e+000
9.368491e+003,1.530089e+000
9.372349e+003,1.548766e+000
9.376205e+003,1.551872e+000
9.380063e+003,1.532580e+000
9.383919e+003,1.538162e+000
9.387776e+003,1.537512e+000
9.391633e+003,1.537010e+000
9.395490e+003,1.546248e+000
9.399347e+003,1.536550e+000
9.403204e+003,1.521673e+000
9.407061e+003,1.498794e+000
9.410918e+003,1.518937e+000
9.414774e+003,1.520566e+000
9.418632e+003,1.510802e+000
9.422488e+003,1.519352e+000
9.426346e+003,1.496850e+000
9.430202e+003,1.496574e+000
9.434060e+003,1.546350e+000
9.437916e+003,1.548066e+000
9.441773e+003,1.536024e+000
9.445630e+003,1.538260e+000
9.449487e+003,1.539800e+000
9.453344e+003,1.531981e+000
9.457201e+003,1.540205e+000
9.461058e+003,1.527486e+000
9.464915e+003,1.533975e+000
9.468771e+003,1.537156e+000
9.472629e+003,1.550235e+000
9.476485e+003,1.545590e+000
9.480343e+003,1.517181e+000
9.484199e+003,1.523993e+000
9.488057e+003,1.549739e+000
9.491913e+003,1.542430e+000
9.495771e+003,1.527465e+000
9.499627e+003,1.558216e+000
9.503484e+003,1.537540e+000
9.507341e+003,1.525288e+000
9.511198e+003,1.538304e+000
9.515055e+003,1.544644e+000
9.518912e+003,1.540174e+000
9.522769e+003,1.535362e+000
9.526626e+003,1.540784e+000
9.530482e+003,1.506638e+000
9.534340e+003,1.511240e+000
9.538196e+003,1.538015e+000
9.542054e+003,1.549036e+000
9.545910e+003,1.545517e+000
9.549768e+003,1.523187e+000
9.553624e+003,1.509788e+000
9.557481e+003,1.531558e+000
9.561338e+003,1.544891e+000
9.565195e+003,1.520684e+000
9.569052e+003,1.518408e+000
9.572909e+003,1.518725e+000
9.576766e+003,1.527366e+000
9.580623e+003,1.521245e+000
9.584479e+003,1.540360e+000
9.588337e+003,1.515973e+000
9.592193e+003,1.505443e+000
9.596051e+003,1.553115e+000
9.599907e+003,1.544749e+000
9.603765e+003,1.533348e+000
9.607621e+003,1.512814e+000
9.611479e+003,1.510671e+000
9.615335e+003,1.502582e+000
9.619192e+003,1.494366e+000
9.623049e+003,1.512068e+000
9.626906e+003,1.518997e+000
9.630763e+003,1.516482e+000
9.634620e+003,1.523922e+000
9.638477e+003,1.532349e+000
9.642334e+003,1.527653e+000
9.646190e+003,1.517800e+000
9.650048e+003,1.519353e+000
9.653904e+003,1.525305e+000
9.657762e+003,1.521907e+000
9.661618e+003,1.512605e+000
9.665476e+003,1.546692e+000
9.669332e+003,1.558562e+000
9.673189e+003,1.539367e+000
9.677046e+003,1.514659e+000
9.680903e+003,1.505127e+000
9.684760e+003,1.537288e+000
9.688617e+003,1.538594e+000
9.692474e+003,1.519991e+000
9.696331e+003,1.525125e+000
9.700188e+003,1.541700e+000
9.704045e+003,1.543498e+000
9.707901e+003,1.548954e+000
9.711759e+003,1.531504e+000
9.715615e+003,1.518877e+000
9.719473e+003,1.523497e+000
9.723329e+003,1.536305e+000
9.727187e+003,1.526579e+000
9.731043e+003,1.528083e+000
9.734900e+003,1.543433e+000
9.738757e+003,1.532151e+000
9.742614e+003,1.541175e+000
9.746471e+003,1.562348e+000
9.750328e+003,1.569348e+000
9.754185e+003,1.524173e+000
9.758042e+003,1.518878e+000
9.761898e+003,1.525655e+000
9.765756e+003,1.530442e+000
9.769612e+003,1.553830e+000
9.773470e+003,1.545033e+000
9.777326e+003,1.544435e+000
9.781184e+003,1.541771e+000
9.785040e+003,1.545799e+000
9.788897e+003,1.551632e+000
9.792754e+003,1.550040e+000
9.796611e+003,1.564797e+000
9.800468e+003,1.557259e+000
9.804325e+003,1.522393e+000
9.808182e+003,1.517531e+000
9.812039e+003,1.509379e+000
9.815896e+003,1.505391e+000
9.819753e+003,1.517985e+000
9.823609e+003,1.543068e+000
9.827467e+003,1.551137e+000
9.831323e+003,1.557469e+000
9.835181e+003,1.555143e+000
9.839037e+003,1.540283e+000
9.842895e+003,1.554357e+000
9.846751e+003,1.575612e+000
9.850608e+003,1.553747e+000
9.854465e+003,1.538341e+000
9.858322e+003,1.556639e+000
9.862179e+003,1.544062e+000
9.866036e+003,1.540253e+000
9.869893e+003,1.548138e+000
9.873750e+003,1.551155e+000
9.877606e+003,1.556315e+000
9.881464e+003,1.532633e+000
9.885320e+003,1.533922e+000
9.889178e+003,1.549405e+000
9.893034e+003,1.555461e+000
9.896892e+003,1.547720e+000
9.900748e+003,1.556476e+000
9.904605e+003,1.543284e+000
9.908462e+003,1.561655e+000
9.912319e+003,1.569559e+000
9.916176e+003,1.552242e+000
9.920033e+003,1.546051e+000
9.923890e+003,1.534015e+000
9.927747e+003,1.535282e+000
9.931604e+003,1.553918e+000
9.935461e+003,1.538058e+000
9.939317e+003,1.533318e+000
9.943175e+003,1.546393e+000
9.947031e+003,1.558786e+000
9.950889e+003,1.543717e+000
9.954745e+003,1.513801e+000
9.958603e+003,1.482765e+000
9.962459e+003,1.536123e+000
9.966316e+003,1.579533e+000
9.970173e+003,1.551661e+000
9.974030e+003,1.561970e+000
9.977887e+003,1.542137e+000
9.981744e+003,1.514114e+000
9.985601e+003,1.514052e+000
9.989458e+003,1.523392e+000
9.993314e+003,1.530477e+000
9.997172e+003,1.544554e+000
1.000103e+004,1.578617e+000
