3.999640e+003,2.090577e+000
4.003497e+003,1.197739e+000
4.007354e+003,1.031769e+000
4.011211e+003,1.088047e+000
4.015068e+003,1.272232e+000
4.018925e+003,1.265844e+000
4.022781e+003,1.147708e+000
4.026638e+003,1.314112e+000
4.030495e+003,3.031651e+000
4.034352e+003,6.000000e+000
4.038209e+003,1.181236e+000
4.042066e+003,9.225873e-001
4.045923e+003,1.038039e+000
4.049780e+003,1.325187e+000
4.053637e+003,1.442775e+000
4.057494e+003,1.760551e+000
4.061351e+003,1.451109e+000
4.065208e+003,1.098293e+000
4.069065e+003,1.298782e+000
4.072922e+003,1.522839e+000
4.076779e+003,6.000000e+000
4.080635e+003,6.000000e+000
4.084492e+003,8.835632e-001
4.088349e+003,8.977414e-001
4.092206e+003,1.132970e+000
4.096063e+003,1.281151e+000
4.099920e+003,2.157508e+000
4.103777e+003,6.000000e+000
4.107634e+003,6.000000e+000
4.111491e+003,6.000000e+000
4.115348e+003,1.625179e+000
4.119205e+003,1.735855e+000
4.123062e+003,6.000000e+000
4.126919e+003,2.391944e+000
4.130775e+003,2.170677e+000
4.134633e+003,6.000000e+000
4.138489e+003,6.000000e+000
4.142347e+003,1.641466e+000
4.146203e+003,1.547458e+000
4.150061e+003,1.479376e+000
4.153917e+003,1.442997e+000
4.157774e+003,1.483144e+000
4.161631e+003,1.648675e+000
4.165488e+003,1.494627e+000
4.169345e+003,1.531243e+000
4.173202e+003,1.720844e+000
4.177059e+003,2.791121e+000
4.180916e+003,2.301943e+000
4.184772e+003,1.660158e+000
4.188630e+003,1.594810e+000
4.192486e+003,1.777802e+000
4.196344e+003,1.913411e+000
4.200200e+003,1.730545e+000
4.204058e+003,1.624565e+000
4.207914e+003,1.541415e+000
4.211771e+003,1.531660e+000
4.215628e+003,1.539009e+000
4.219485e+003,1.551349e+000
4.223342e+003,1.720818e+000
4.227199e+003,1.683583e+000
4.231056e+003,1.630725e+000
4.234913e+003,1.624313e+000
4.238770e+003,1.732319e+000
4.242627e+003,1.802854e+000
4.246483e+003,1.663001e+000
4.250341e+003,1.672261e+000
4.254197e+003,1.804333e+000
4.258055e+003,1.763052e+000
4.261911e+003,1.662342e+000
4.265769e+003,1.643885e+000
4.269625e+003,1.649767e+000
4.273482e+003,1.608976e+000
4.277339e+003,1.646410e+000
4.281196e+003,1.650223e+000
4.285053e+003,1.726499e+000
4.288910e+003,1.763767e+000
4.292767e+003,1.785037e+000
4.296624e+003,1.778940e+000
4.300480e+003,1.685088e+000
4.304338e+003,1.742535e+000
4.308194e+003,1.745247e+000
4.312052e+003,1.701227e+000
4.315908e+003,1.710759e+000
4.319766e+003,1.696405e+000
4.323622e+003,1.678144e+000
4.327479e+003,1.707833e+000
4.331336e+003,1.700794e+000
4.335193e+003,1.629700e+000
4.339050e+003,1.620404e+000
4.342907e+003,1.648836e+000
4.346764e+003,1.633369e+000
4.350621e+003,1.693904e+000
4.354478e+003,1.718539e+000
4.358335e+003,1.744785e+000
4.362191e+003,1.730720e+000
4.366049e+003,1.684691e+000
4.369905e+003,1.635692e+000
4.373763e+003,1.600977e+000
4.377619e+003,1.634900e+000
4.381477e+003,1.636114e+000
4.385333e+003,1.629118e+000
4.389190e+003,1.655826e+000
4.393047e+003,1.656859e+000
4.396904e+003,1.664217e+000
4.400761e+003,1.642847e+000
4.404618e+003,1.664726e+000
4.408475e+003,1.736745e+000
4.412332e+003,1.712231e+000
4.416188e+003,1.690940e+000
4.420046e+003,1.702788e+000
4.423902e+003,1.726600e+000
4.427760e+003,1.748436e+000
4.431616e+003,1.725226e+000
4.435474e+003,1.756442e+000
4.439330e+003,1.737839e+000
4.443188e+003,1.731917e+000
4.447044e+003,1.713338e+000
4.450901e+003,1.704255e+000
4.454758e+003,1.768982e+000
4.458615e+003,1.805256e+000
4.462472e+003,1.761019e+000
4.466329e+003,1.752483e+000
4.470186e+003,1.739312e+000
4.474043e+003,1.719272e+000
4.477899e+003,1.730981e+000
4.481757e+003,1.752149e+000
4.485613e+003,1.744318e+000
4.489471e+003,1.709183e+000
4.493327e+003,1.734529e+000
4.497185e+003,1.772573e+000
4.501041e+003,1.768643e+000
4.504898e+003,1.742964e+000
4.508755e+003,1.734186e+000
4.512612e+003,1.706243e+000
4.516469e+003,1.722620e+000
4.520326e+003,1.753879e+000
4.524183e+003,1.737771e+000
4.528040e+003,1.750534e+000
4.531896e+003,1.741261e+000
4.535754e+003,1.776056e+000
4.539610e+003,1.819715e+000
4.543468e+003,1.804131e+000
4.547324e+003,1.766440e+000
4.551182e+003,1.719382e+000
4.555038e+003,1.704929e+000
4.558896e+003,1.736261e+000
4.562752e+003,1.756569e+000
4.566609e+003,1.729125e+000
4.570466e+003,1.667971e+000
4.574323e+003,1.672958e+000
4.578180e+003,1.677173e+000
4.582037e+003,1.689435e+000
4.585894e+003,1.673231e+000
4.589751e+003,1.660077e+000
4.593607e+003,1.647203e+000
4.597465e+003,1.651056e+000
4.601321e+003,1.626312e+000
4.605179e+003,1.606876e+000
4.609035e+003,1.606833e+000
4.612893e+003,1.604818e+000
4.616749e+003,1.620074e+000
4.620606e+003,1.620636e+000
4.624463e+003,1.616306e+000
4.628320e+003,1.611839e+000
4.632177e+003,1.592993e+000
4.636034e+003,1.591317e+000
4.639891e+003,1.583517e+000
4.643748e+003,1.578839e+000
4.647604e+003,1.577548e+000
4.651462e+003,1.573032e+000
4.655318e+003,1.567377e+000
4.659176e+003,1.561680e+000
4.663032e+003,1.551691e+000
4.666890e+003,1.538469e+000
4.670746e+003,1.526423e+000
4.674604e+003,1.509439e+000
4.678460e+003,1.515376e+000
4.682317e+003,1.507758e+000
4.686174e+003,1.492652e+000
4.690031e+003,1.502930e+000
4.693888e+003,1.508394e+000
4.697745e+003,1.493154e+000
4.701602e+003,1.492763e+000
4.705459e+003,1.501781e+000
4.709315e+003,1.510154e+000
4.713173e+003,1.506308e+000
4.717029e+003,1.486767e+000
4.720887e+003,1.473334e+000
4.724743e+003,1.468196e+000
4.728601e+003,1.463743e+000
4.732457e+003,1.458270e+000
4.736314e+003,1.445936e+000
4.740171e+003,1.458634e+000
4.744028e+003,1.472837e+000
4.747885e+003,1.464328e+000
4.751742e+003,1.457833e+000
4.755599e+003,1.470409e+000
4.759456e+003,1.464079e+000
4.763313e+003,1.454939e+000
4.767170e+003,1.464776e+000
4.771026e+003,1.475148e+000
4.774884e+003,1.473777e+000
4.778740e+003,1.473894e+000
4.782598e+003,1.480963e+000
4.786454e+003,1.479529e+000
4.790312e+003,1.469270e+000
4.794168e+003,1.485370e+000
4.798025e+003,1.492059e+000
4.801882e+003,1.481524e+000
4.805739e+003,1.485085e+000
4.809596e+003,1.489745e+000
4.813453e+003,1.486977e+000
4.817310e+003,1.481896e+000
4.821167e+003,1.494145e+000
4.825023e+003,1.514604e+000
4.828881e+003,1.518791e+000
4.832737e+003,1.509869e+000
4.836595e+003,1.521534e+000
4.840451e+003,1.532949e+000
4.844309e+003,1.542209e+000
4.848165e+003,1.537468e+000
4.852022e+003,1.535715e+000
4.855879e+003,1.546010e+000
4.859736e+003,1.553841e+000
4.863593e+003,1.549276e+000
4.867450e+003,1.551959e+000
4.871307e+003,1.562895e+000
4.875164e+003,1.573610e+000
4.879021e+003,1.572520e+000
4.882878e+003,1.573842e+000
4.886734e+003,1.589301e+000
4.890592e+003,1.601711e+000
4.894448e+003,1.613986e+000
4.898306e+003,1.626837e+000
4.902162e+003,1.621145e+000
4.906020e+003,1.614120e+000
4.909876e+003,1.614064e+000
4.913733e+003,1.625474e+000
4.917590e+003,1.620807e+000
4.921447e+003,1.616866e+000
4.925304e+003,1.614575e+000
4.929161e+003,1.618248e+000
4.933018e+003,1.618025e+000
4.936875e+003,1.620986e+000
4.940731e+003,1.632129e+000
4.944589e+003,1.634766e+000
4.948445e+003,1.644723e+000
4.952303e+003,1.654099e+000
4.956159e+003,1.648931e+000
4.960017e+003,1.645169e+000
4.963873e+003,1.647389e+000
4.967730e+003,1.655065e+000
4.971587e+003,1.656110e+000
4.975444e+003,1.644508e+000
4.979301e+003,1.650237e+000
4.983158e+003,1.652184e+000
4.987015e+003,1.652779e+000
4.990872e+003,1.656126e+000
4.994729e+003,1.657843e+000
4.998586e+003,1.654506e+000
5.002442e+003,1.658510e+000
5.006300e+003,1.658924e+000
5.010156e+003,1.664225e+000
5.014014e+003,1.665441e+000
5.017870e+003,1.666859e+000
5.021728e+003,1.661416e+000
5.025584e+003,1.658789e+000
5.029441e+003,1.658552e+000
5.033298e+003,1.666499e+000
5.037155e+003,1.671808e+000
5.041012e+003,1.666863e+000
5.044869e+003,1.664917e+000
5.048726e+003,1.666511e+000
5.052583e+003,1.661699e+000
5.056439e+003,1.668620e+000
5.060297e+003,1.671350e+000
5.064153e+003,1.665055e+000
5.068011e+003,1.665538e+000
5.071867e+003,1.666980e+000
5.075725e+003,1.663937e+000
5.079581e+003,1.671789e+000
5.083438e+003,1.669648e+000
5.087295e+003,1.666026e+000
5.091152e+003,1.661270e+000
5.095009e+003,1.652859e+000
5.098866e+003,1.648221e+000
5.102723e+003,1.645455e+000
5.106580e+003,1.636738e+000
5.110437e+003,1.636804e+000
5.114294e+003,1.638817e+000
5.118150e+003,1.628644e+000
5.122008e+003,1.628262e+000
5.125864e+003,1.635609e+000
5.129722e+003,1.638206e+000
5.133578e+003,1.629261e+000
5.137436e+003,1.625565e+000
5.141292e+003,1.632187e+000
5.145149e+003,1.629633e+000
5.149006e+003,1.619775e+000
5.152863e+003,1.616935e+000
5.156720e+003,1.622317e+000
5.160577e+003,1.625152e+000
5.164434e+003,1.627013e+000
5.168291e+003,1.627479e+000
5.172147e+003,1.616699e+000
5.176005e+003,1.612876e+000
5.179861e+003,1.627158e+000
5.183719e+003,1.626179e+000
5.187575e+003,1.617200e+000
5.191433e+003,1.617847e+000
5.195289e+003,1.616181e+000
5.199146e+003,1.611024e+000
5.203003e+003,1.605894e+000
5.206860e+003,1.617691e+000
5.210717e+003,1.623444e+000
5.214574e+003,1.616760e+000
5.218431e+003,1.613141e+000
5.222288e+003,1.620088e+000
5.226145e+003,1.627504e+000
5.230002e+003,1.626954e+000
5.233858e+003,1.616073e+000
5.237716e+003,1.616560e+000
5.241572e+003,1.614732e+000
5.245430e+003,1.620049e+000
5.249286e+003,1.630439e+000
5.253144e+003,1.632570e+000
5.257000e+003,1.619621e+000
5.260857e+003,1.620497e+000
5.264714e+003,1.631104e+000
5.268571e+003,1.632683e+000
5.272428e+003,1.624214e+000
5.276285e+003,1.620267e+000
5.280142e+003,1.615746e+000
5.283999e+003,1.612540e+000
5.287855e+003,1.611266e+000
5.291713e+003,1.609308e+000
5.295569e+003,1.607114e+000
5.299427e+003,1.605529e+000
5.303283e+003,1.602270e+000
5.307141e+003,1.599965e+000
5.310997e+003,1.603672e+000
5.314854e+003,1.608982e+000
5.318711e+003,1.605763e+000
5.322568e+003,1.605751e+000
5.326425e+003,1.597548e+000
5.330282e+003,1.598222e+000
5.334139e+003,1.604323e+000
5.337996e+003,1.605986e+000
5.341853e+003,1.609759e+000
5.345710e+003,1.614550e+000
5.349566e+003,1.611765e+000
5.353424e+003,1.619612e+000
5.357280e+003,1.627397e+000
5.361138e+003,1.635542e+000
5.364994e+003,1.644968e+000
5.368852e+003,1.654677e+000
5.372708e+003,1.667134e+000
5.376565e+003,1.683068e+000
5.380422e+003,1.707494e+000
5.384279e+003,1.712550e+000
5.388136e+003,1.718987e+000
5.391993e+003,1.746221e+000
5.395850e+003,1.761823e+000
5.399707e+003,1.757607e+000
5.403563e+003,1.740517e+000
5.407421e+003,1.734329e+000
5.411277e+003,1.727744e+000
5.415135e+003,1.714713e+000
5.418991e+003,1.708742e+000
5.422849e+003,1.701262e+000
5.426705e+003,1.702503e+000
5.430563e+003,1.711978e+000
5.434419e+003,1.724821e+000
5.438276e+003,1.734320e+000
5.442133e+003,1.738174e+000
5.445990e+003,1.737861e+000
5.449847e+003,1.729859e+000
5.453704e+003,1.710433e+000
5.457561e+003,1.700979e+000
5.461418e+003,1.683499e+000
5.465274e+003,1.656288e+000
5.469132e+003,1.643529e+000
5.472988e+003,1.640214e+000
5.476846e+003,1.635095e+000
5.480702e+003,1.623915e+000
5.484560e+003,1.616170e+000
5.488416e+003,1.610906e+000
5.492273e+003,1.611041e+000
5.496130e+003,1.612876e+000
5.499987e+003,1.606369e+000
5.503844e+003,1.598099e+000
5.507701e+003,1.593518e+000
5.511558e+003,1.599893e+000
5.515415e+003,1.600071e+000
5.519271e+003,1.597642e+000
5.523129e+003,1.597178e+000
5.526985e+003,1.603122e+000
5.530843e+003,1.612010e+000
5.534699e+003,1.613969e+000
5.538557e+003,1.611808e+000
5.542413e+003,1.607606e+000
5.546271e+003,1.620464e+000
5.550127e+003,1.632114e+000
5.553984e+003,1.643870e+000
5.557841e+003,1.654953e+000
5.561698e+003,1.649507e+000
5.565555e+003,1.655377e+000
5.569412e+003,1.668650e+000
5.573269e+003,1.689866e+000
5.577126e+003,1.696728e+000
5.580982e+003,1.703150e+000
5.584840e+003,1.726194e+000
5.588696e+003,1.733609e+000
5.592554e+003,1.720883e+000
5.596410e+003,1.722565e+000
5.600268e+003,1.729697e+000
5.604124e+003,1.737216e+000
5.607981e+003,1.735411e+000
5.611838e+003,1.736286e+000
5.615695e+003,1.728782e+000
5.619552e+003,1.710620e+000
5.623409e+003,1.701455e+000
5.627266e+003,1.704528e+000
5.631123e+003,1.705771e+000
5.634979e+003,1.704108e+000
5.638837e+003,1.704276e+000
5.642693e+003,1.708969e+000
5.646551e+003,1.710974e+000
5.650407e+003,1.695778e+000
5.654265e+003,1.691176e+000
5.658121e+003,1.695447e+000
5.661979e+003,1.701111e+000
5.665835e+003,1.710015e+000
5.669692e+003,1.722054e+000
5.673549e+003,1.720103e+000
5.677406e+003,1.706465e+000
5.681263e+003,1.706863e+000
5.685120e+003,1.722284e+000
5.688977e+003,1.742874e+000
5.692834e+003,1.741666e+000
5.696690e+003,1.753785e+000
5.700548e+003,1.750562e+000
5.704404e+003,1.739364e+000
5.708262e+003,1.731271e+000
5.712118e+003,1.732499e+000
5.715976e+003,1.729493e+000
5.719832e+003,1.727871e+000
5.723689e+003,1.731339e+000
5.727546e+003,1.731279e+000
5.731403e+003,1.737190e+000
5.735260e+003,1.739656e+000
5.739117e+003,1.743657e+000
5.742974e+003,1.729244e+000
5.746831e+003,1.720907e+000
5.750688e+003,1.726832e+000
5.754545e+003,1.733451e+000
5.758401e+003,1.737582e+000
5.762259e+003,1.735775e+000
5.766115e+003,1.737117e+000
5.769973e+003,1.739565e+000
5.773829e+003,1.733258e+000
5.777687e+003,1.728569e+000
5.781543e+003,1.735762e+000
5.785400e+003,1.718904e+000
5.789257e+003,1.703322e+000
5.793114e+003,1.710869e+000
5.796971e+003,1.716129e+000
5.800828e+003,1.711025e+000
5.804685e+003,1.703292e+000
5.808542e+003,1.706908e+000
5.812398e+003,1.693294e+000
5.816256e+003,1.686030e+000
5.820112e+003,1.699000e+000
5.823970e+003,1.701948e+000
5.827826e+003,1.697217e+000
5.831684e+003,1.692092e+000
5.835540e+003,1.693143e+000
5.839397e+003,1.702252e+000
5.843254e+003,1.713065e+000
5.847111e+003,1.715777e+000
5.850968e+003,1.718195e+000
5.854825e+003,1.730767e+000
5.858682e+003,1.730486e+000
5.862539e+003,1.731311e+000
5.866396e+003,1.730279e+000
5.870253e+003,1.731427e+000
5.874109e+003,1.740120e+000
5.877967e+003,1.726175e+000
5.881823e+003,1.729329e+000
5.885681e+003,1.734438e+000
5.889537e+003,1.737801e+000
5.893395e+003,1.727604e+000
5.897251e+003,1.724141e+000
5.901108e+003,1.730954e+000
5.904965e+003,1.739612e+000
5.908822e+003,1.731785e+000
5.912679e+003,1.735827e+000
5.916536e+003,1.737047e+000
5.920393e+003,1.737536e+000
5.924250e+003,1.731756e+000
5.928106e+003,1.731942e+000
5.931964e+003,1.722074e+000
5.935820e+003,1.720828e+000
5.939678e+003,1.721235e+000
5.943534e+003,1.701741e+000
5.947392e+003,1.690109e+000
5.951248e+003,1.688821e+000
5.955105e+003,1.674801e+000
5.958962e+003,1.656411e+000
5.962819e+003,1.641856e+000
5.966676e+003,1.633129e+000
5.970533e+003,1.624172e+000
5.974390e+003,1.611863e+000
5.978247e+003,1.602300e+000
5.982104e+003,1.602415e+000
5.985961e+003,1.608447e+000
5.989817e+003,1.613479e+000
5.993675e+003,1.608884e+000
5.997531e+003,1.607700e+000
6.001389e+003,1.606809e+000
6.005245e+003,1.598123e+000
6.009103e+003,1.598390e+000
6.012959e+003,1.594674e+000
6.016816e+003,1.590124e+000
6.020673e+003,1.592929e+000
6.024530e+003,1.591128e+000
6.028387e+003,1.593292e+000
6.032244e+003,1.584746e+000
6.036101e+003,1.579405e+000
6.039958e+003,1.588986e+000
6.043814e+003,1.588698e+000
6.047672e+003,1.585592e+000
6.051528e+003,1.583761e+000
6.055386e+003,1.579932e+000
6.059242e+003,1.575413e+000
6.063100e+003,1.573176e+000
6.066956e+003,1.571662e+000
6.070813e+003,1.572165e+000
6.074670e+003,1.563398e+000
6.078527e+003,1.561356e+000
6.082384e+003,1.557897e+000
6.086241e+003,1.553218e+000
6.090098e+003,1.541215e+000
6.093955e+003,1.530711e+000
6.097812e+003,1.527899e+000
6.101669e+003,1.532321e+000
6.105525e+003,1.526511e+000
6.109383e+003,1.518829e+000
6.113239e+003,1.519545e+000
6.117097e+003,1.514908e+000
6.120953e+003,1.506196e+000
6.124811e+003,1.510548e+000
6.128667e+003,1.504945e+000
6.132524e+003,1.495659e+000
6.136381e+003,1.499300e+000
6.140238e+003,1.498374e+000
6.144095e+003,1.492694e+000
6.147952e+003,1.493618e+000
6.151809e+003,1.494230e+000
6.155666e+003,1.489577e+000
6.159522e+003,1.484974e+000
6.163380e+003,1.482843e+000
6.167236e+003,1.480349e+000
6.171094e+003,1.473454e+000
6.174950e+003,1.472399e+000
6.178808e+003,1.480075e+000
6.182664e+003,1.480112e+000
6.186521e+003,1.473674e+000
6.190378e+003,1.477157e+000
6.194235e+003,1.475863e+000
6.198092e+003,1.471042e+000
6.201949e+003,1.462927e+000
6.205806e+003,1.464591e+000
6.209663e+003,1.466787e+000
6.213520e+003,1.464157e+000
6.217377e+003,1.461259e+000
6.221233e+003,1.463993e+000
6.225091e+003,1.461920e+000
6.228947e+003,1.452015e+000
6.232805e+003,1.455297e+000
6.236661e+003,1.463442e+000
6.240519e+003,1.459965e+000
6.244375e+003,1.457459e+000
6.248232e+003,1.458174e+000
6.252089e+003,1.452636e+000
6.255946e+003,1.452329e+000
6.259803e+003,1.446882e+000
6.263660e+003,1.448796e+000
6.267517e+003,1.456833e+000
6.271374e+003,1.458736e+000
6.275230e+003,1.454327e+000
6.279088e+003,1.451500e+000
6.282944e+003,1.453633e+000
6.286802e+003,1.453811e+000
6.290658e+003,1.447042e+000
6.294516e+003,1.449173e+000
6.298372e+003,1.461376e+000
6.302229e+003,1.460717e+000
6.306086e+003,1.450029e+000
6.309943e+003,1.450958e+000
6.313800e+003,1.451555e+000
6.317657e+003,1.455180e+000
6.321514e+003,1.457421e+000
6.325371e+003,1.458280e+000
6.329228e+003,1.459888e+000
6.333085e+003,1.464763e+000
6.336941e+003,1.465841e+000
6.340799e+003,1.467917e+000
6.344655e+003,1.466969e+000
6.348513e+003,1.456832e+000
6.352369e+003,1.451933e+000
6.356227e+003,1.463929e+000
6.360083e+003,1.476090e+000
6.363940e+003,1.480760e+000
6.367797e+003,1.488472e+000
6.371654e+003,1.480293e+000
6.375511e+003,1.475161e+000
6.379368e+003,1.489872e+000
6.383225e+003,1.499022e+000
6.387082e+003,1.494327e+000
6.390938e+003,1.493399e+000
6.394796e+003,1.502403e+000
6.398652e+003,1.505719e+000
6.402510e+003,1.500593e+000
6.406366e+003,1.509856e+000
6.410224e+003,1.508128e+000
6.414080e+003,1.510972e+000
6.417938e+003,1.520386e+000
6.421794e+003,1.518670e+000
6.425651e+003,1.519114e+000
6.429508e+003,1.528558e+000
6.433365e+003,1.532240e+000
6.437222e+003,1.528730e+000
6.441079e+003,1.524404e+000
6.444936e+003,1.518342e+000
6.448793e+003,1.523068e+000
6.452649e+003,1.530213e+000
6.456507e+003,1.534814e+000
6.460363e+003,1.527486e+000
6.464221e+003,1.518385e+000
6.468077e+003,1.517504e+000
6.471935e+003,1.516574e+000
6.475791e+003,1.530910e+000
6.479648e+003,1.541610e+000
6.483505e+003,1.532908e+000
6.487362e+003,1.527701e+000
6.491219e+003,1.527905e+000
6.495076e+003,1.523723e+000
6.498933e+003,1.525307e+000
6.502790e+003,1.533694e+000
6.506646e+003,1.534383e+000
6.510504e+003,1.535508e+000
6.514360e+003,1.525777e+000
6.518218e+003,1.521743e+000
6.522074e+003,1.526945e+000
6.525932e+003,1.532415e+000
6.529788e+003,1.535499e+000
6.533646e+003,1.538812e+000
6.537502e+003,1.540343e+000
6.541359e+003,1.541526e+000
6.545216e+003,1.534368e+000
6.549073e+003,1.530727e+000
6.552930e+003,1.536861e+000
6.556787e+003,1.543146e+000
6.560644e+003,1.536780e+000
6.564501e+003,1.534343e+000
6.568357e+003,1.524834e+000
6.572215e+003,1.527652e+000
6.576071e+003,1.533210e+000
6.579929e+003,1.532307e+000
6.583785e+003,1.527735e+000
6.587643e+003,1.529123e+000
6.591499e+003,1.531359e+000
6.595356e+003,1.532224e+000
6.599213e+003,1.542217e+000
6.603070e+003,1.537835e+000
6.606927e+003,1.529143e+000
6.610784e+003,1.520785e+000
6.614641e+003,1.519595e+000
6.618498e+003,1.526349e+000
6.622354e+003,1.533359e+000
6.626212e+003,1.533339e+000
6.630068e+003,1.530285e+000
6.633926e+003,1.527581e+000
6.637782e+003,1.527049e+000
6.641640e+003,1.527380e+000
6.645496e+003,1.528621e+000
6.649354e+003,1.534357e+000
6.653210e+003,1.529149e+000
6.657067e+003,1.524375e+000
6.660924e+003,1.517454e+000
6.664781e+003,1.521762e+000
6.668638e+003,1.531621e+000
6.672495e+003,1.539664e+000
6.676352e+003,1.521779e+000
6.680209e+003,1.515549e+000
6.684065e+003,1.523090e+000
6.687923e+003,1.524221e+000
6.691779e+003,1.520550e+000
6.695637e+003,1.523839e+000
6.699493e+003,1.534668e+000
6.703351e+003,1.533784e+000
6.707207e+003,1.518938e+000
6.711064e+003,1.514951e+000
6.714921e+003,1.520612e+000
6.718778e+003,1.525609e+000
6.722635e+003,1.527693e+000
6.726492e+003,1.534849e+000
6.730349e+003,1.540093e+000
6.734206e+003,1.534081e+000
6.738063e+003,1.534322e+000
6.741920e+003,1.542682e+000
6.745776e+003,1.543235e+000
6.749634e+003,1.538321e+000
6.753490e+003,1.537028e+000
6.757348e+003,1.540511e+000
6.761204e+003,1.538779e+000
6.765062e+003,1.541264e+000
6.768918e+003,1.544510e+000
6.772775e+003,1.543046e+000
6.776632e+003,1.544955e+000
6.780489e+003,1.547724e+000
6.784346e+003,1.537718e+000
6.788203e+003,1.531501e+000
6.792060e+003,1.537224e+000
6.795917e+003,1.540815e+000
6.799773e+003,1.549053e+000
6.803631e+003,1.546874e+000
6.807487e+003,1.542425e+000
6.811345e+003,1.545092e+000
6.815201e+003,1.550064e+000
6.819059e+003,1.560405e+000
6.822915e+003,1.554523e+000
6.826772e+003,1.550824e+000
6.830629e+003,1.545052e+000
6.834486e+003,1.552747e+000
6.838343e+003,1.555256e+000
6.842200e+003,1.553231e+000
6.846057e+003,1.558912e+000
6.849914e+003,1.562149e+000
6.853771e+003,1.560690e+000
6.857628e+003,1.555318e+000
6.861484e+003,1.554658e+000
6.865342e+003,1.555636e+000
6.869198e+003,1.561867e+000
6.873056e+003,1.565183e+000
6.876912e+003,1.570799e+000
6.880770e+003,1.574537e+000
6.884626e+003,1.559834e+000
6.888483e+003,1.561825e+000
6.892340e+003,1.578150e+000
6.896197e+003,1.568210e+000
6.900054e+003,1.561016e+000
6.903911e+003,1.569746e+000
6.907768e+003,1.573028e+000
6.911625e+003,1.569764e+000
6.915481e+003,1.574540e+000
6.919339e+003,1.582493e+000
6.923195e+003,1.589301e+000
6.927053e+003,1.588423e+000
6.930909e+003,1.594563e+000
6.934767e+003,1.590689e+000
6.938623e+003,1.587970e+000
6.942480e+003,1.591664e+000
6.946337e+003,1.591993e+000
6.950194e+003,1.593746e+000
6.954051e+003,1.590234e+000
6.957908e+003,1.591082e+000
6.961765e+003,1.605472e+000
6.965622e+003,1.610406e+000
6.969479e+003,1.604257e+000
6.973336e+003,1.596472e+000
6.977192e+003,1.607371e+000
6.981050e+003,1.621709e+000
6.984906e+003,1.617615e+000
6.988764e+003,1.613333e+000
6.992620e+003,1.632776e+000
6.996478e+003,1.640600e+000
7.000334e+003,1.643160e+000
7.004191e+003,1.633952e+000
7.008048e+003,1.636373e+000
7.011905e+003,1.645264e+000
7.015762e+003,1.640703e+000
7.019619e+003,1.635272e+000
7.023476e+003,1.634729e+000
7.027333e+003,1.633620e+000
7.031189e+003,1.648791e+000
7.035047e+003,1.654967e+000
7.038903e+003,1.652672e+000
7.042761e+003,1.647273e+000
7.046617e+003,1.642876e+000
7.050475e+003,1.660838e+000
7.054331e+003,1.679930e+000
7.058188e+003,1.687398e+000
7.062045e+003,1.681174e+000
7.065902e+003,1.690522e+000
7.069759e+003,1.706060e+000
7.073616e+003,1.710084e+000
7.077473e+003,1.702975e+000
7.081330e+003,1.694679e+000
7.085187e+003,1.700832e+000
7.089044e+003,1.715907e+000
7.092900e+003,1.738062e+000
7.096758e+003,1.733488e+000
7.100614e+003,1.736314e+000
7.104472e+003,1.737220e+000
7.108328e+003,1.736824e+000
7.112186e+003,1.758514e+000
7.116042e+003,1.761017e+000
7.119899e+003,1.744219e+000
7.123756e+003,1.741527e+000
7.127613e+003,1.742377e+000
7.131470e+003,1.748254e+000
7.135327e+003,1.750212e+000
7.139184e+003,1.745852e+000
7.143041e+003,1.751977e+000
7.146897e+003,1.766626e+000
7.150755e+003,1.768685e+000
7.154611e+003,1.759069e+000
7.158469e+003,1.765394e+000
7.162325e+003,1.750138e+000
7.166183e+003,1.757311e+000
7.170039e+003,1.788083e+000
7.173896e+003,1.777641e+000
7.177753e+003,1.750149e+000
7.181610e+003,1.737332e+000
7.185467e+003,1.742071e+000
7.189324e+003,1.735952e+000
7.193181e+003,1.748090e+000
7.197038e+003,1.745272e+000
7.200895e+003,1.739424e+000
7.204752e+003,1.750715e+000
7.208608e+003,1.740004e+000
7.212466e+003,1.716685e+000
7.216322e+003,1.701170e+000
7.220180e+003,1.712615e+000
7.224036e+003,1.729648e+000
7.227894e+003,1.717774e+000
7.231750e+003,1.717122e+000
7.235607e+003,1.718427e+000
7.239464e+003,1.705388e+000
7.243321e+003,1.709257e+000
7.247178e+003,1.719197e+000
7.251035e+003,1.721935e+000
7.254892e+003,1.724754e+000
7.258749e+003,1.710695e+000
7.262605e+003,1.712970e+000
7.266463e+003,1.711556e+000
7.270319e+003,1.708339e+000
7.274177e+003,1.696185e+000
7.278033e+003,1.685455e+000
7.281891e+003,1.690159e+000
7.285747e+003,1.698710e+000
7.289604e+003,1.715490e+000
7.293461e+003,1.713131e+000
7.297318e+003,1.702570e+000
7.301175e+003,1.703853e+000
7.305032e+003,1.692135e+000
7.308889e+003,1.690521e+000
7.312746e+003,1.679333e+000
7.316603e+003,1.665068e+000
7.320460e+003,1.662806e+000
7.324316e+003,1.657060e+000
7.328174e+003,1.640473e+000
7.332030e+003,1.636928e+000
7.335888e+003,1.636302e+000
7.339744e+003,1.625085e+000
7.343602e+003,1.601963e+000
7.347458e+003,1.603020e+000
7.351315e+003,1.603234e+000
7.355172e+003,1.603474e+000
7.359029e+003,1.592669e+000
7.362886e+003,1.594785e+000
7.366743e+003,1.596145e+000
7.370600e+003,1.587903e+000
7.374457e+003,1.592803e+000
7.378313e+003,1.593509e+000
7.382171e+003,1.583980e+000
7.386027e+003,1.577244e+000
7.389885e+003,1.578751e+000
7.393741e+003,1.571499e+000
7.397599e+003,1.568186e+000
7.401455e+003,1.573334e+000
7.405313e+003,1.579389e+000
7.409169e+003,1.568349e+000
7.413026e+003,1.562491e+000
7.416883e+003,1.571471e+000
7.420740e+003,1.571426e+000
7.424597e+003,1.563926e+000
7.428454e+003,1.555646e+000
7.432311e+003,1.556959e+000
7.436168e+003,1.566201e+000
7.440024e+003,1.562623e+000
7.443882e+003,1.571596e+000
7.447738e+003,1.570391e+000
7.451596e+003,1.562613e+000
7.455452e+003,1.553590e+000
7.459310e+003,1.550730e+000
7.463166e+003,1.553869e+000
7.467023e+003,1.556383e+000
7.470880e+003,1.558693e+000
7.474737e+003,1.552624e+000
7.478594e+003,1.545757e+000
7.482451e+003,1.542130e+000
7.486308e+003,1.540921e+000
7.490165e+003,1.539895e+000
7.494021e+003,1.540596e+000
7.497879e+003,1.545853e+000
7.501735e+003,1.541636e+000
7.505593e+003,1.546743e+000
7.509449e+003,1.546522e+000
7.513307e+003,1.540438e+000
7.517163e+003,1.548494e+000
7.521021e+003,1.557690e+000
7.524877e+003,1.556133e+000
7.528734e+003,1.549944e+000
7.532591e+003,1.553049e+000
7.536448e+003,1.549110e+000
7.540305e+003,1.541097e+000
7.544162e+003,1.540076e+000
7.548019e+003,1.540219e+000
7.551876e+003,1.540087e+000
7.555732e+003,1.535654e+000
7.559590e+003,1.537454e+000
7.563446e+003,1.539607e+000
7.567304e+003,1.542097e+000
7.571160e+003,1.537670e+000
7.575018e+003,1.534803e+000
7.578874e+003,1.533963e+000
7.582731e+003,1.530542e+000
7.586588e+003,1.538323e+000
7.590445e+003,1.539012e+000
7.594302e+003,1.541714e+000
7.598159e+003,1.544712e+000
7.602016e+003,1.543430e+000
7.605873e+003,1.539083e+000
7.609729e+003,1.539547e+000
7.613587e+003,1.534869e+000
7.617443e+003,1.528901e+000
7.621301e+003,1.524887e+000
7.625157e+003,1.537309e+000
7.629015e+003,1.539037e+000
7.632871e+003,1.526252e+000
7.636729e+003,1.523958e+000
7.640585e+003,1.531702e+000
7.644442e+003,1.531307e+000
7.648299e+003,1.529482e+000
7.652156e+003,1.533484e+000
7.656013e+003,1.532029e+000
7.659870e+003,1.532409e+000
7.663727e+003,1.541227e+000
7.667584e+003,1.537982e+000
7.671440e+003,1.532536e+000
7.675298e+003,1.533595e+000
7.679154e+003,1.534926e+000
7.683012e+003,1.535221e+000
7.686868e+003,1.540119e+000
7.690726e+003,1.547134e+000
7.694582e+003,1.543411e+000
7.698439e+003,1.537609e+000
7.702296e+003,1.535695e+000
7.706153e+003,1.534646e+000
7.710010e+003,1.539345e+000
7.713867e+003,1.541118e+000
7.717724e+003,1.536964e+000
7.721581e+003,1.537507e+000
7.725438e+003,1.542255e+000
7.729295e+003,1.541774e+000
7.733151e+003,1.537189e+000
7.737009e+003,1.535621e+000
7.740865e+003,1.542568e+000
7.744723e+003,1.548995e+000
7.748579e+003,1.540798e+000
7.752437e+003,1.536294e+000
7.756293e+003,1.541599e+000
7.760150e+003,1.546455e+000
7.764007e+003,1.538758e+000
7.767864e+003,1.537118e+000
7.771721e+003,1.538802e+000
7.775578e+003,1.542781e+000
7.779435e+003,1.539281e+000
7.783292e+003,1.533539e+000
7.787148e+003,1.531020e+000
7.791006e+003,1.534119e+000
7.794862e+003,1.538602e+000
7.798720e+003,1.538413e+000
7.802576e+003,1.538312e+000
7.806434e+003,1.543950e+000
7.810290e+003,1.532336e+000
7.814147e+003,1.527303e+000
7.818004e+003,1.529477e+000
7.821861e+003,1.537773e+000
7.825718e+003,1.559273e+000
7.829575e+003,1.564136e+000
7.833432e+003,1.552893e+000
7.837289e+003,1.539762e+000
7.841146e+003,1.538426e+000
7.845003e+003,1.539147e+000
7.848859e+003,1.536654e+000
7.852717e+003,1.546528e+000
7.856573e+003,1.536436e+000
7.860431e+003,1.526995e+000
7.864287e+003,1.538254e+000
7.868145e+003,1.554758e+000
7.872001e+003,1.549485e+000
7.875858e+003,1.544435e+000
7.879715e+003,1.546801e+000
7.883572e+003,1.554943e+000
7.887429e+003,1.556731e+000
7.891286e+003,1.544841e+000
7.895143e+003,1.535934e+000
7.899000e+003,1.537001e+000
7.902856e+003,1.530822e+000
7.906714e+003,1.539924e+000
7.910570e+003,1.537777e+000
7.914428e+003,1.530681e+000
7.918284e+003,1.529458e+000
7.922142e+003,1.546256e+000
7.925998e+003,1.553820e+000
7.929855e+003,1.556405e+000
7.933712e+003,1.551600e+000
7.937569e+003,1.547017e+000
7.941426e+003,1.537122e+000
7.945283e+003,1.542266e+000
7.949140e+003,1.555362e+000
7.952997e+003,1.551731e+000
7.956854e+003,1.541315e+000
7.960711e+003,1.544604e+000
7.964567e+003,1.540951e+000
7.968425e+003,1.541197e+000
7.972281e+003,1.548882e+000
7.976139e+003,1.547165e+000
7.979995e+003,1.541377e+000
7.983853e+003,1.542208e+000
7.987709e+003,1.545665e+000
7.991566e+003,1.543951e+000
7.995423e+003,1.544153e+000
7.999280e+003,1.539730e+000
8.003137e+003,1.542782e+000
8.006994e+003,1.552380e+000
8.010851e+003,1.544819e+000
8.014708e+003,1.545286e+000
8.018564e+003,1.547847e+000
8.022422e+003,1.545029e+000
8.026278e+003,1.546331e+000
8.030136e+003,1.543278e+000
8.033992e+003,1.545563e+000
8.037850e+003,1.541959e+000
8.041706e+003,1.538766e+000
8.045563e+003,1.550753e+000
8.049420e+003,1.555353e+000
8.053277e+003,1.546069e+000
8.057134e+003,1.542118e+000
8.060991e+003,1.535680e+000
8.064848e+003,1.528216e+000
8.068705e+003,1.539297e+000
8.072562e+003,1.536774e+000
8.076419e+003,1.535455e+000
8.080275e+003,1.550386e+000
8.084133e+003,1.542407e+000
8.087989e+003,1.531910e+000
8.091847e+003,1.537320e+000
8.095703e+003,1.542920e+000
8.099561e+003,1.532740e+000
8.103417e+003,1.526222e+000
8.107274e+003,1.528165e+000
8.111131e+003,1.546502e+000
8.114988e+003,1.552102e+000
8.118845e+003,1.545597e+000
8.122702e+003,1.537123e+000
8.126559e+003,1.542281e+000
8.130416e+003,1.550666e+000
8.134272e+003,1.551369e+000
8.138130e+003,1.547175e+000
8.141986e+003,1.544376e+000
8.145844e+003,1.544466e+000
8.149700e+003,1.547764e+000
8.153558e+003,1.558806e+000
8.157414e+003,1.560997e+000
8.161271e+003,1.556341e+000
8.165128e+003,1.554531e+000
8.168985e+003,1.538866e+000
8.172842e+003,1.530126e+000
8.176699e+003,1.549080e+000
8.180556e+003,1.566261e+000
8.184413e+003,1.568290e+000
8.188270e+003,1.569152e+000
8.192127e+003,1.567180e+000
8.195983e+003,1.571218e+000
8.199841e+003,1.566088e+000
8.203697e+003,1.560880e+000
8.207555e+003,1.560727e+000
8.211411e+003,1.564930e+000
8.215269e+003,1.577696e+000
8.219125e+003,1.602568e+000
8.222982e+003,1.603662e+000
8.226839e+003,1.595349e+000
8.230696e+003,1.585157e+000
8.234553e+003,1.575654e+000
8.238410e+003,1.573450e+000
8.242267e+003,1.566698e+000
8.246124e+003,1.570009e+000
8.249980e+003,1.578142e+000
8.253838e+003,1.571657e+000
8.257694e+003,1.555999e+000
8.261552e+003,1.550850e+000
8.265408e+003,1.570438e+000
8.269266e+003,1.561253e+000
8.273122e+003,1.558391e+000
8.276979e+003,1.557822e+000
8.280836e+003,1.555815e+000
8.284693e+003,1.560447e+000
8.288550e+003,1.567876e+000
8.292407e+003,1.566868e+000
8.296264e+003,1.569763e+000
8.300121e+003,1.561793e+000
8.303978e+003,1.549646e+000
8.307835e+003,1.556424e+000
8.311691e+003,1.559988e+000
8.315549e+003,1.553683e+000
8.319405e+003,1.571906e+000
8.323263e+003,1.576929e+000
8.327119e+003,1.575082e+000
8.330977e+003,1.578731e+000
8.334833e+003,1.575358e+000
8.338690e+003,1.583084e+000
8.342547e+003,1.583543e+000
8.346404e+003,1.588821e+000
8.350261e+003,1.609350e+000
8.354118e+003,1.618072e+000
8.357975e+003,1.618491e+000
8.361832e+003,1.627154e+000
8.365688e+003,1.641190e+000
8.369546e+003,1.646560e+000
8.373402e+003,1.657525e+000
8.377260e+003,1.685479e+000
8.381116e+003,1.703305e+000
8.384974e+003,1.695146e+000
8.388830e+003,1.709611e+000
8.392688e+003,1.721552e+000
8.396544e+003,1.720029e+000
8.400401e+003,1.719812e+000
8.404258e+003,1.719309e+000
8.408115e+003,1.733188e+000
8.411972e+003,1.733737e+000
8.415829e+003,1.726075e+000
8.419686e+003,1.727020e+000
8.423543e+003,1.728252e+000
8.427399e+003,1.735968e+000
8.431257e+003,1.732004e+000
8.435113e+003,1.741131e+000
8.438971e+003,1.741154e+000
8.442827e+003,1.747290e+000
8.446685e+003,1.745486e+000
8.450541e+003,1.753902e+000
8.454398e+003,1.743130e+000
8.458255e+003,1.724024e+000
8.462112e+003,1.740652e+000
8.465969e+003,1.744624e+000
8.469826e+003,1.704938e+000
8.473683e+003,1.686922e+000
8.477540e+003,1.696113e+000
8.481396e+003,1.698000e+000
8.485254e+003,1.689230e+000
8.489110e+003,1.682605e+000
8.492968e+003,1.675211e+000
8.496824e+003,1.691072e+000
8.500682e+003,1.666984e+000
8.504538e+003,1.648040e+000
8.508396e+003,1.663586e+000
8.512252e+003,1.671635e+000
8.516109e+003,1.662651e+000
8.519966e+003,1.653997e+000
8.523823e+003,1.625355e+000
8.527680e+003,1.612364e+000
8.531537e+003,1.618584e+000
8.535394e+003,1.623101e+000
8.539251e+003,1.608994e+000
8.543107e+003,1.604691e+000
8.546965e+003,1.609743e+000
8.550821e+003,1.615501e+000
8.554679e+003,1.606822e+000
8.558535e+003,1.607716e+000
8.562393e+003,1.595485e+000
8.566249e+003,1.573707e+000
8.570106e+003,1.589351e+000
8.573963e+003,1.608721e+000
8.577820e+003,1.617444e+000
8.581677e+003,1.605525e+000
8.585534e+003,1.601915e+000
8.589391e+003,1.611622e+000
8.593248e+003,1.597588e+000
8.597104e+003,1.594257e+000
8.600962e+003,1.604962e+000
8.604818e+003,1.595223e+000
8.608676e+003,1.594787e+000
8.612532e+003,1.610037e+000
8.616390e+003,1.609025e+000
8.620246e+003,1.601651e+000
8.624104e+003,1.597041e+000
8.627960e+003,1.599750e+000
8.631817e+003,1.614772e+000
8.635674e+003,1.608598e+000
8.639531e+003,1.602509e+000
8.643388e+003,1.607075e+000
8.647245e+003,1.607922e+000
8.651102e+003,1.595339e+000
8.654959e+003,1.587957e+000
8.658815e+003,1.591816e+000
8.662673e+003,1.617747e+000
8.666529e+003,1.611444e+000
8.670387e+003,1.619750e+000
8.674243e+003,1.616982e+000
8.678101e+003,1.608394e+000
8.681957e+003,1.589717e+000
8.685814e+003,1.581130e+000
8.689671e+003,1.598729e+000
8.693528e+003,1.606311e+000
8.697385e+003,1.608660e+000
8.701242e+003,1.611055e+000
8.705099e+003,1.613011e+000
8.708956e+003,1.607792e+000
8.712813e+003,1.601621e+000
8.716670e+003,1.596602e+000
8.720526e+003,1.594039e+000
8.724384e+003,1.593652e+000
8.728240e+003,1.590984e+000
8.732098e+003,1.586602e+000
8.735954e+003,1.580382e+000
8.739812e+003,1.580581e+000
8.743668e+003,1.583873e+000
8.747525e+003,1.568748e+000
8.751382e+003,1.568659e+000
8.755239e+003,1.572442e+000
8.759096e+003,1.590080e+000
8.762953e+003,1.593330e+000
8.766810e+003,1.567768e+000
8.770667e+003,1.556654e+000
8.774523e+003,1.553240e+000
8.778381e+003,1.550881e+000
8.782237e+003,1.556139e+000
8.786095e+003,1.559079e+000
8.789951e+003,1.550792e+000
8.793809e+003,1.549999e+000
8.797665e+003,1.557750e+000
8.801522e+003,1.551521e+000
8.805379e+003,1.542084e+000
8.809236e+003,1.552370e+000
8.813093e+003,1.551044e+000
8.816950e+003,1.539883e+000
8.820807e+003,1.552948e+000
8.824664e+003,1.545590e+000
8.828521e+003,1.535457e+000
8.832378e+003,1.551597e+000
8.836234e+003,1.548908e+000
8.840092e+003,1.537034e+000
8.843948e+003,1.545416e+000
8.847806e+003,1.545946e+000
8.851662e+003,1.554083e+000
8.855520e+003,1.556747e+000
8.859376e+003,1.531370e+000
8.863233e+003,1.529222e+000
8.867090e+003,1.526080e+000
8.870947e+003,1.533428e+000
8.874804e+003,1.549335e+000
8.878661e+003,1.554946e+000
8.882518e+003,1.551331e+000
8.886375e+003,1.547615e+000
8.890231e+003,1.537047e+000
8.894089e+003,1.526248e+000
8.897945e+003,1.524876e+000
8.901803e+003,1.533484e+000
8.905659e+003,1.541607e+000
8.909517e+003,1.537647e+000
8.913373e+003,1.543119e+000
8.917230e+003,1.553368e+000
8.921087e+003,1.558210e+000
8.924944e+003,1.551437e+000
8.928801e+003,1.549754e+000
8.932658e+003,1.542728e+000
8.936515e+003,1.539392e+000
8.940372e+003,1.533531e+000
8.944229e+003,1.527352e+000
8.948086e+003,1.527994e+000
8.951942e+003,1.521275e+000
8.955800e+003,1.511681e+000
8.959656e+003,1.522136e+000
8.963514e+003,1.545842e+000
8.967370e+003,1.546643e+000
8.971228e+003,1.520072e+000
8.975084e+003,1.517107e+000
8.978941e+003,1.535998e+000
8.982798e+003,1.520721e+000
8.986655e+003,1.528995e+000
8.990512e+003,1.530771e+000
8.994369e+003,1.544306e+000
8.998226e+003,1.540007e+000
9.002083e+003,1.525252e+000
9.005939e+003,1.535547e+000
9.009797e+003,1.553472e+000
9.013653e+003,1.539722e+000
9.017511e+003,1.517746e+000
9.021367e+003,1.524790e+000
9.025225e+003,1.534905e+000
9.029081e+003,1.558627e+000
9.032938e+003,1.564795e+000
9.036795e+003,1.559103e+000
9.040652e+003,1.551384e+000
9.044509e+003,1.542606e+000
9.048366e+003,1.540938e+000
9.052223e+003,1.534930e+000
9.056080e+003,1.530989e+000
9.059937e+003,1.537038e+000
9.063794e+003,1.548184e+000
9.067650e+003,1.542708e+000
9.071508e+003,1.541607e+000
9.075364e+003,1.556684e+000
9.079222e+003,1.563808e+000
9.083078e+003,1.547482e+000
9.086936e+003,1.544417e+000
9.090792e+003,1.527000e+000
9.094649e+003,1.535576e+000
9.098506e+003,1.560729e+000
9.102363e+003,1.560243e+000
9.106220e+003,1.539307e+000
9.110077e+003,1.538515e+000
9.113934e+003,1.548522e+000
9.117791e+003,1.540506e+000
9.121647e+003,1.539623e+000
9.125505e+003,1.540176e+000
9.129361e+003,1.538004e+000
9.133219e+003,1.548198e+000
9.137075e+003,1.550233e+000
9.140933e+003,1.546373e+000
9.144789e+003,1.540368e+000
9.148646e+003,1.542991e+000
9.152503e+003,1.535232e+000
9.156360e+003,1.529604e+000
9.160217e+003,1.535050e+000
9.164074e+003,1.535763e+000
9.167931e+003,1.545210e+000
9.171788e+003,1.547817e+000
9.175645e+003,1.552249e+000
9.179502e+003,1.539390e+000
9.183358e+003,1.534697e+000
9.187216e+003,1.534712e+000
9.191072e+003,1.531707e+000
9.194930e+003,1.531753e+000
9.198786e+003,1.540305e+000
9.202644e+003,1.552116e+000
9.206500e+003,1.541671e+000
9.210357e+003,1.533009e+000
9.214214e+003,1.569511e+000
9.218071e+003,1.557796e+000
9.221928e+003,1.534210e+000
9.225785e+003,1.520817e+000
9.229642e+003,1.535599e+000
9.233499e+003,1.532554e+000
9.237355e+003,1.516185e+000
9.241213e+003,1.534347e+000
9.245069e+003,1.557294e+000
9.248927e+003,1.555001e+000
9.252783e+003,1.535519e+000
9.256641e+003,1.549164e+000
9.260497e+003,1.546948e+000
9.264354e+003,1.531777e+000
9.268211e+003,1.510583e+000
9.272068e+003,1.516121e+000
9.275925e+003,1.537995e+000
9.279782e+003,1.533927e+000
9.283639e+003,1.522603e+000
9.287496e+003,1.531324e+000
9.291353e+003,1.525061e+000
9.295210e+003,1.521219e+000
9.299066e+003,1.518097e+000
9.302924e+003,1.520198e+000
9.306780e+003,1.535203e+000
9.310638e+003,1.531242e+000
9.314494e+003,1.545770e+000
9.318352e+003,1.556959e+000
9.322208e+003,1.575143e+000
9.326065e+003,1.540909e+000
9.329922e+003,1.540523e+000
9.333779e+003,1.559686e+000
9.337636e+003,1.535348e+000
9.341493e+003,1.529724e+000
9.345350e+003,1.548358e+000
9.349207e+003,1.536566e+000
9.353063e+003,1.514893e+000
9.356921e+003,1.528769e+000
9.360777e+003,1.527086e+000
9.364635e+003,1.538910e+000
9.368491e+003,1.529085e+000
9.372349e+003,1.511448e+000
9.376205e+003,1.516969e+000
9.380063e+003,1.521659e+000
9.383919e+003,1.531256e+000
9.387776e+003,1.536152e+000
9.391633e+003,1.518419e+000
9.395490e+003,1.520357e+000
9.399347e+003,1.506032e+000
9.403204e+003,1.505349e+000
9.407061e+003,1.524512e+000
9.410918e+003,1.549008e+000
9.414774e+003,1.542380e+000
9.418632e+003,1.533384e+000
9.422488e+003,1.521179e+000
9.426346e+003,1.512624e+000
9.430202e+003,1.517668e+000
9.434060e+003,1.541246e+000
9.437916e+003,1.538368e+000
9.441773e+003,1.522499e+000
9.445630e+003,1.530213e+000
9.449487e+003,1.526636e+000
9.453344e+003,1.517906e+000
9.457201e+003,1.510250e+000
9.461058e+003,1.528590e+000
9.464915e+003,1.560036e+000
9.468771e+003,1.541714e+000
9.472629e+003,1.528661e+000
9.476485e+003,1.550208e+000
9.480343e+003,1.551337e+000
9.484199e+003,1.534330e+000
9.488057e+003,1.541331e+000
9.491913e+003,1.550873e+000
9.495771e+003,1.531090e+000
9.499627e+003,1.530475e+000
9.503484e+003,1.529580e+000
9.507341e+003,1.529102e+000
9.511198e+003,1.517839e+000
9.515055e+003,1.493871e+000
9.518912e+003,1.515914e+000
9.522769e+003,1.544605e+000
9.526626e+003,1.546394e+000
9.530482e+003,1.530402e+000
9.534340e+003,1.513607e+000
9.538196e+003,1.515756e+000
9.542054e+003,1.514986e+000
9.545910e+003,1.533780e+000
9.549768e+003,1.543876e+000
9.553624e+003,1.546870e+000
9.557481e+003,1.521928e+000
9.561338e+003,1.523080e+000
9.565195e+003,1.522449e+000
9.569052e+003,1.519230e+000
9.572909e+003,1.531376e+000
9.576766e+003,1.545112e+000
9.580623e+003,1.547512e+000
9.584479e+003,1.541721e+000
9.588337e+003,1.541160e+000
9.592193e+003,1.538083e+000
9.596051e+003,1.535607e+000
9.599907e+003,1.554818e+000
9.603765e+003,1.525965e+000
9.607621e+003,1.512399e+000
9.611479e+003,1.532084e+000
9.615335e+003,1.530461e+000
9.619192e+003,1.534419e+000
9.623049e+003,1.550274e+000
9.626906e+003,1.548076e+000
9.630763e+003,1.535673e+000
9.634620e+003,1.539081e+000
9.638477e+003,1.548973e+000
9.642334e+003,1.550737e+000
9.646190e+003,1.528165e+000
9.650048e+003,1.507426e+000
9.653904e+003,1.514032e+000
9.657762e+003,1.514037e+000
9.661618e+003,1.535301e+000
9.665476e+003,1.566355e+000
9.669332e+003,1.554705e+000
9.673189e+003,1.549439e+000
9.677046e+003,1.562793e+000
9.680903e+003,1.557784e+000
9.684760e+003,1.537666e+000
9.688617e+003,1.532681e+000
9.692474e+003,1.533474e+000
9.696331e+003,1.563429e+000
9.700188e+003,1.551111e+000
9.704045e+003,1.524090e+000
9.707901e+003,1.538783e+000
9.711759e+003,1.533320e+000
9.715615e+003,1.507502e+000
9.719473e+003,1.525235e+000
9.723329e+003,1.550967e+000
9.727187e+003,1.545419e+000
9.731043e+003,1.534356e+000
9.734900e+003,1.528520e+000
9.738757e+003,1.523093e+000
9.742614e+003,1.555001e+000
9.746471e+003,1.566632e+000
9.750328e+003,1.565161e+000
9.754185e+003,1.540365e+000
9.758042e+003,1.547963e+000
9.761898e+003,1.548149e+000
9.765756e+003,1.560196e+000
9.769612e+003,1.547887e+000
9.773470e+003,1.529810e+000
9.777326e+003,1.536988e+000
9.781184e+003,1.533967e+000
9.785040e+003,1.548777e+000
9.788897e+003,1.562765e+000
9.792754e+003,1.538004e+000
9.796611e+003,1.542717e+000
9.800468e+003,1.558202e+000
9.804325e+003,1.530832e+000
9.808182e+003,1.533944e+000
9.812039e+003,1.571575e+000
9.815896e+003,1.580139e+000
9.819753e+003,1.572729e+000
9.823609e+003,1.591530e+000
9.827467e+003,1.579039e+000
9.831323e+003,1.552997e+000
9.835181e+003,1.542479e+000
9.839037e+003,1.518898e+000
9.842895e+003,1.516523e+000
9.846751e+003,1.552043e+000
9.850608e+003,1.540530e+000
9.854465e+003,1.519802e+000
9.858322e+003,1.548306e+000
9.862179e+003,1.558073e+000
9.866036e+003,1.555407e+000
9.869893e+003,1.565456e+000
9.873750e+003,1.550888e+000
9.877606e+003,1.544891e+000
9.881464e+003,1.564983e+000
9.885320e+003,1.539265e+000
9.889178e+003,1.515672e+000
9.893034e+003,1.521652e+000
9.896892e+003,1.552707e+000
9.900748e+003,1.541162e+000
9.904605e+003,1.523145e+000
9.908462e+003,1.545341e+000
9.912319e+003,1.541198e+000
9.916176e+003,1.522848e+000
9.920033e+003,1.532851e+000
9.923890e+003,1.557313e+000
9.927747e+003,1.576012e+000
9.931604e+003,1.541433e+000
9.935461e+003,1.541018e+000
9.939317e+003,1.551977e+000
9.943175e+003,1.553930e+000
9.947031e+003,1.568243e+000
9.950889e+003,1.546702e+000
9.954745e+003,1.547193e+000
9.958603e+003,1.553106e+000
9.962459e+003,1.540365e+000
9.966316e+003,1.530518e+000
9.970173e+003,1.511659e+000
9.974030e+003,1.548525e+000
9.977887e+003,1.575566e+000
9.981744e+003,1.569875e+000
9.985601e+003,1.554308e+000
9.989458e+003,1.554118e+000
9.993314e+003,1.569668e+000
9.997172e+003,1.541785e+000
1.000103e+004,1.519053e+000
