3.999640e+003,1.966002e+000
4.003497e+003,6.000000e+000
4.007354e+003,6.000000e+000
4.011211e+003,1.171890e+000
4.015068e+003,1.220089e+000
4.018925e+003,1.029106e+000
4.022781e+003,1.042284e+000
4.026638e+003,1.136794e+000
4.030495e+003,2.166415e+000
4.034352e+003,6.000000e+000
4.038209e+003,6.000000e+000
4.042066e+003,1.328472e+000
4.045923e+003,9.816504e-001
4.049780e+003,1.968353e+000
4.053637e+003,6.000000e+000
4.057494e+003,1.719657e+000
4.061351e+003,1.748573e+000
4.065208e+003,6.000000e+000
4.069065e+003,6.000000e+000
4.072922e+003,1.105503e+000
4.076779e+003,8.884372e-001
4.080635e+003,1.025850e+000
4.084492e+003,6.000000e+000
4.088349e+003,2.654572e+000
4.092206e+003,1.459513e+000
4.096063e+003,1.520080e+000
4.099920e+003,6.000000e+000
4.103777e+003,1.795133e+000
4.107634e+003,2.004077e+000
4.111491e+003,1.545905e+000
4.115348e+003,1.692645e+000
4.119205e+003,1.462032e+000
4.123062e+003,1.562889e+000
4.126919e+003,2.098757e+000
4.130775e+003,6.000000e+000
4.134633e+003,2.513159e+000
4.138489e+003,1.551692e+000
4.142347e+003,1.466255e+000
4.146203e+003,2.144077e+000
4.150061e+003,1.616795e+000
4.153917e+003,1.298697e+000
4.157774e+003,1.438397e+000
4.161631e+003,2.095077e+000
4.165488e+003,1.679229e+000
4.169345e+003,1.406243e+000
4.173202e+003,1.500962e+000
4.177059e+003,1.717665e+000
4.180916e+003,2.050425e+000
4.184772e+003,1.688132e+000
4.188630e+003,1.671838e+000
4.192486e+003,1.607532e+000
4.196344e+003,1.672664e+000
4.200200e+003,1.670488e+000
4.204058e+003,1.695561e+000
4.207914e+003,1.531879e+000
4.211771e+003,1.510303e+000
4.215628e+003,1.616269e+000
4.219485e+003,1.569510e+000
4.223342e+003,1.472458e+000
4.227199e+003,1.503871e+000
4.231056e+003,1.607750e+000
4.234913e+003,1.571986e+000
4.238770e+003,1.603027e+000
4.242627e+003,1.575238e+000
4.246483e+003,1.595641e+000
4.250341e+003,1.757700e+000
4.254197e+003,1.750903e+000
4.258055e+003,1.671676e+000
4.261911e+003,1.631303e+000
4.265769e+003,1.622111e+000
4.269625e+003,1.672496e+000
4.273482e+003,1.783718e+000
4.277339e+003,1.736750e+000
4.281196e+003,1.721801e+000
4.285053e+003,1.690276e+000
4.288910e+003,1.606302e+000
4.292767e+003,1.573592e+000
4.296624e+003,1.640615e+000
4.300480e+003,1.648029e+000
4.304338e+003,1.609820e+000
4.308194e+003,1.665473e+000
4.312052e+003,1.647356e+000
4.315908e+003,1.654578e+000
4.319766e+003,1.716221e+000
4.323622e+003,1.719831e+000
4.327479e+003,1.725985e+000
4.331336e+003,1.687100e+000
4.335193e+003,1.679391e+000
4.339050e+003,1.746917e+000
4.342907e+003,1.738454e+000
4.346764e+003,1.652648e+000
4.350621e+003,1.652083e+000
4.354478e+003,1.705399e+000
4.358335e+003,1.641249e+000
4.362191e+003,1.606762e+000
4.366049e+003,1.619643e+000
4.369905e+003,1.700597e+000
4.373763e+003,1.755087e+000
4.377619e+003,1.763506e+000
4.381477e+003,1.705320e+000
4.385333e+003,1.649250e+000
4.389190e+003,1.603304e+000
4.393047e+003,1.626127e+000
4.396904e+003,1.671999e+000
4.400761e+003,1.621632e+000
4.404618e+003,1.632578e+000
4.408475e+003,1.703267e+000
4.412332e+003,1.784699e+000
4.416188e+003,1.804479e+000
4.420046e+003,1.724690e+000
4.423902e+003,1.758071e+000
4.427760e+003,1.779289e+000
4.431616e+003,1.758840e+000
4.435474e+003,1.680577e+000
4.439330e+003,1.701753e+000
4.443188e+003,1.750375e+000
4.447044e+003,1.751763e+000
4.450901e+003,1.721809e+000
4.454758e+003,1.704900e+000
4.458615e+003,1.829477e+000
4.462472e+003,1.899415e+000
4.466329e+003,1.845192e+000
4.470186e+003,1.788340e+000
4.474043e+003,1.735181e+000
4.477899e+003,1.718146e+000
4.481757e+003,1.715913e+000
4.485613e+003,1.713855e+000
4.489471e+003,1.727062e+000
4.493327e+003,1.724016e+000
4.497185e+003,1.714411e+000
4.501041e+003,1.723626e+000
4.504898e+003,1.783546e+000
4.508755e+003,1.806294e+000
4.512612e+003,1.801834e+000
4.516469e+003,1.770977e+000
4.520326e+003,1.731713e+000
4.524183e+003,1.731209e+000
4.528040e+003,1.758986e+000
4.531896e+003,1.732539e+000
4.535754e+003,1.734776e+000
4.539610e+003,1.715620e+000
4.543468e+003,1.708743e+000
4.547324e+003,1.712022e+000
4.551182e+003,1.708006e+000
4.555038e+003,1.706717e+000
4.558896e+003,1.698399e+000
4.562752e+003,1.705661e+000
4.566609e+003,1.741936e+000
4.570466e+003,1.712916e+000
4.574323e+003,1.676253e+000
4.578180e+003,1.645590e+000
4.582037e+003,1.663940e+000
4.585894e+003,1.676586e+000
4.589751e+003,1.643126e+000
4.593607e+003,1.612018e+000
4.597465e+003,1.642379e+000
4.601321e+003,1.658242e+000
4.605179e+003,1.649741e+000
4.609035e+003,1.633904e+000
4.612893e+003,1.634609e+000
4.616749e+003,1.629264e+000
4.620606e+003,1.612496e+000
4.624463e+003,1.591062e+000
4.628320e+003,1.596268e+000
4.632177e+003,1.597654e+000
4.636034e+003,1.582302e+000
4.639891e+003,1.588494e+000
4.643748e+003,1.590542e+000
4.647604e+003,1.568136e+000
4.651462e+003,1.573368e+000
4.655318e+003,1.579115e+000
4.659176e+003,1.565167e+000
4.663032e+003,1.558507e+000
4.666890e+003,1.558810e+000
4.670746e+003,1.543168e+000
4.674604e+003,1.528300e+000
4.678460e+003,1.515145e+000
4.682317e+003,1.515810e+000
4.686174e+003,1.523024e+000
4.690031e+003,1.522749e+000
4.693888e+003,1.518952e+000
4.697745e+003,1.505465e+000
4.701602e+003,1.495230e+000
4.705459e+003,1.491078e+000
4.709315e+003,1.487731e+000
4.713173e+003,1.483163e+000
4.717029e+003,1.480556e+000
4.720887e+003,1.466916e+000
4.724743e+003,1.459026e+000
4.728601e+003,1.458269e+000
4.732457e+003,1.474427e+000
4.736314e+003,1.483735e+000
4.740171e+003,1.492049e+000
4.744028e+003,1.481889e+000
4.747885e+003,1.474474e+000
4.751742e+003,1.471885e+000
4.755599e+003,1.469084e+000
4.759456e+003,1.466444e+000
4.763313e+003,1.480206e+000
4.767170e+003,1.479394e+000
4.771026e+003,1.467865e+000
4.774884e+003,1.463811e+000
4.778740e+003,1.465538e+000
4.782598e+003,1.478679e+000
4.786454e+003,1.472442e+000
4.790312e+003,1.467496e+000
4.794168e+003,1.464427e+000
4.798025e+003,1.461487e+000
4.801882e+003,1.469986e+000
4.805739e+003,1.481447e+000
4.809596e+003,1.491700e+000
4.813453e+003,1.491287e+000
4.817310e+003,1.487583e+000
4.821167e+003,1.494518e+000
4.825023e+003,1.507260e+000
4.828881e+003,1.512227e+000
4.832737e+003,1.509030e+000
4.836595e+003,1.511294e+000
4.840451e+003,1.522462e+000
4.844309e+003,1.521597e+000
4.848165e+003,1.521819e+000
4.852022e+003,1.537863e+000
4.855879e+003,1.544654e+000
4.859736e+003,1.542548e+000
4.863593e+003,1.539564e+000
4.867450e+003,1.547111e+000
4.871307e+003,1.570312e+000
4.875164e+003,1.581714e+000
4.879021e+003,1.587356e+000
4.882878e+003,1.588215e+000
4.886734e+003,1.580937e+000
4.890592e+003,1.582050e+000
4.894448e+003,1.600262e+000
4.898306e+003,1.609087e+000
4.902162e+003,1.613676e+000
4.906020e+003,1.612669e+000
4.909876e+003,1.604021e+000
4.913733e+003,1.607392e+000
4.917590e+003,1.618212e+000
4.921447e+003,1.620526e+000
4.925304e+003,1.617028e+000
4.929161e+003,1.617698e+000
4.933018e+003,1.626318e+000
4.936875e+003,1.626754e+000
4.940731e+003,1.635259e+000
4.944589e+003,1.657807e+000
4.948445e+003,1.668663e+000
4.952303e+003,1.666661e+000
4.956159e+003,1.652077e+000
4.960017e+003,1.649468e+000
4.963873e+003,1.651242e+000
4.967730e+003,1.653722e+000
4.971587e+003,1.653695e+000
4.975444e+003,1.649603e+000
4.979301e+003,1.650795e+000
4.983158e+003,1.653342e+000
4.987015e+003,1.652156e+000
4.990872e+003,1.650784e+000
4.994729e+003,1.653622e+000
4.998586e+003,1.657381e+000
5.002442e+003,1.661669e+000
5.006300e+003,1.667172e+000
5.010156e+003,1.658485e+000
5.014014e+003,1.653220e+000
5.017870e+003,1.662361e+000
5.021728e+003,1.665314e+000
5.025584e+003,1.663534e+000
5.029441e+003,1.665286e+000
5.033298e+003,1.664976e+000
5.037155e+003,1.656988e+000
5.041012e+003,1.662767e+000
5.044869e+003,1.663554e+000
5.048726e+003,1.659409e+000
5.052583e+003,1.661355e+000
5.056439e+003,1.655120e+000
5.060297e+003,1.655433e+000
5.064153e+003,1.663198e+000
5.068011e+003,1.660296e+000
5.071867e+003,1.661643e+000
5.075725e+003,1.671301e+000
5.079581e+003,1.674811e+000
5.083438e+003,1.669457e+000
5.087295e+003,1.662592e+000
5.091152e+003,1.659781e+000
5.095009e+003,1.654347e+000
5.098866e+003,1.646816e+000
5.102723e+003,1.653084e+000
5.106580e+003,1.651890e+000
5.110437e+003,1.634129e+000
5.114294e+003,1.626973e+000
5.118150e+003,1.625924e+000
5.122008e+003,1.630669e+000
5.125864e+003,1.629155e+000
5.129722e+003,1.623420e+000
5.133578e+003,1.621437e+000
5.137436e+003,1.620283e+000
5.141292e+003,1.624714e+000
5.145149e+003,1.631366e+000
5.149006e+003,1.631890e+000
5.152863e+003,1.632196e+000
5.156720e+003,1.628882e+000
5.160577e+003,1.629460e+000
5.164434e+003,1.622135e+000
5.168291e+003,1.619214e+000
5.172147e+003,1.616048e+000
5.176005e+003,1.615559e+000
5.179861e+003,1.621471e+000
5.183719e+003,1.627035e+000
5.187575e+003,1.624626e+000
5.191433e+003,1.629257e+000
5.195289e+003,1.626369e+000
5.199146e+003,1.621429e+000
5.203003e+003,1.622856e+000
5.206860e+003,1.625454e+000
5.210717e+003,1.628322e+000
5.214574e+003,1.631088e+000
5.218431e+003,1.632383e+000
5.222288e+003,1.626276e+000
5.226145e+003,1.623855e+000
5.230002e+003,1.629497e+000
5.233858e+003,1.626957e+000
5.237716e+003,1.626315e+000
5.241572e+003,1.619775e+000
5.245430e+003,1.614631e+000
5.249286e+003,1.631267e+000
5.253144e+003,1.634637e+000
5.257000e+003,1.622825e+000
5.260857e+003,1.618844e+000
5.264714e+003,1.619843e+000
5.268571e+003,1.621707e+000
5.272428e+003,1.620727e+000
5.276285e+003,1.619343e+000
5.280142e+003,1.621196e+000
5.283999e+003,1.613557e+000
5.287855e+003,1.615209e+000
5.291713e+003,1.619305e+000
5.295569e+003,1.612388e+000
5.299427e+003,1.604303e+000
5.303283e+003,1.605201e+000
5.307141e+003,1.604242e+000
5.310997e+003,1.599475e+000
5.314854e+003,1.607009e+000
5.318711e+003,1.605998e+000
5.322568e+003,1.602330e+000
5.326425e+003,1.601748e+000
5.330282e+003,1.601028e+000
5.334139e+003,1.603899e+000
5.337996e+003,1.601759e+000
5.341853e+003,1.608618e+000
5.345710e+003,1.614204e+000
5.349566e+003,1.619691e+000
5.353424e+003,1.623890e+000
5.357280e+003,1.627756e+000
5.361138e+003,1.632668e+000
5.364994e+003,1.639461e+000
5.368852e+003,1.655275e+000
5.372708e+003,1.674260e+000
5.376565e+003,1.687203e+000
5.380422e+003,1.700798e+000
5.384279e+003,1.708032e+000
5.388136e+003,1.735385e+000
5.391993e+003,1.762664e+000
5.395850e+003,1.764587e+000
5.399707e+003,1.757324e+000
5.403563e+003,1.751653e+000
5.407421e+003,1.739184e+000
5.411277e+003,1.721962e+000
5.415135e+003,1.712519e+000
5.418991e+003,1.716579e+000
5.422849e+003,1.719462e+000
5.426705e+003,1.711458e+000
5.430563e+003,1.717662e+000
5.434419e+003,1.728790e+000
5.438276e+003,1.726678e+000
5.442133e+003,1.728811e+000
5.445990e+003,1.735602e+000
5.449847e+003,1.726280e+000
5.453704e+003,1.710171e+000
5.457561e+003,1.697204e+000
5.461418e+003,1.681626e+000
5.465274e+003,1.663771e+000
5.469132e+003,1.652349e+000
5.472988e+003,1.645597e+000
5.476846e+003,1.636211e+000
5.480702e+003,1.623248e+000
5.484560e+003,1.621059e+000
5.488416e+003,1.620662e+000
5.492273e+003,1.611047e+000
5.496130e+003,1.603346e+000
5.499987e+003,1.604386e+000
5.503844e+003,1.605882e+000
5.507701e+003,1.614882e+000
5.511558e+003,1.613229e+000
5.515415e+003,1.612247e+000
5.519271e+003,1.609684e+000
5.523129e+003,1.604368e+000
5.526985e+003,1.603748e+000
5.530843e+003,1.608635e+000
5.534699e+003,1.611745e+000
5.538557e+003,1.620551e+000
5.542413e+003,1.634141e+000
5.546271e+003,1.636098e+000
5.550127e+003,1.637236e+000
5.553984e+003,1.644688e+000
5.557841e+003,1.645889e+000
5.561698e+003,1.653059e+000
5.565555e+003,1.668303e+000
5.569412e+003,1.681092e+000
5.573269e+003,1.689232e+000
5.577126e+003,1.698807e+000
5.580982e+003,1.710764e+000
5.584840e+003,1.719344e+000
5.588696e+003,1.729393e+000
5.592554e+003,1.738949e+000
5.596410e+003,1.736568e+000
5.600268e+003,1.737886e+000
5.604124e+003,1.741655e+000
5.607981e+003,1.742853e+000
5.611838e+003,1.732787e+000
5.615695e+003,1.729036e+000
5.619552e+003,1.716205e+000
5.623409e+003,1.712053e+000
5.627266e+003,1.714360e+000
5.631123e+003,1.700672e+000
5.634979e+003,1.702166e+000
5.638837e+003,1.703907e+000
5.642693e+003,1.705063e+000
5.646551e+003,1.693418e+000
5.650407e+003,1.690639e+000
5.654265e+003,1.697854e+000
5.658121e+003,1.700519e+000
5.661979e+003,1.709755e+000
5.665835e+003,1.723254e+000
5.669692e+003,1.721148e+000
5.673549e+003,1.718550e+000
5.677406e+003,1.729556e+000
5.681263e+003,1.735605e+000
5.685120e+003,1.722335e+000
5.688977e+003,1.726172e+000
5.692834e+003,1.739407e+000
5.696690e+003,1.733455e+000
5.700548e+003,1.731207e+000
5.704404e+003,1.740762e+000
5.708262e+003,1.739085e+000
5.712118e+003,1.738786e+000
5.715976e+003,1.741405e+000
5.719832e+003,1.739067e+000
5.723689e+003,1.738648e+000
5.727546e+003,1.741997e+000
5.731403e+003,1.734323e+000
5.735260e+003,1.726252e+000
5.739117e+003,1.725230e+000
5.742974e+003,1.728541e+000
5.746831e+003,1.735560e+000
5.750688e+003,1.744051e+000
5.754545e+003,1.742169e+000
5.758401e+003,1.737286e+000
5.762259e+003,1.736660e+000
5.766115e+003,1.738957e+000
5.769973e+003,1.737900e+000
5.773829e+003,1.734817e+000
5.777687e+003,1.735573e+000
5.781543e+003,1.737523e+000
5.785400e+003,1.728794e+000
5.789257e+003,1.727130e+000
5.793114e+003,1.725216e+000
5.796971e+003,1.713052e+000
5.800828e+003,1.713499e+000
5.804685e+003,1.710479e+000
5.808542e+003,1.702858e+000
5.812398e+003,1.702118e+000
5.816256e+003,1.694409e+000
5.820112e+003,1.690543e+000
5.823970e+003,1.695484e+000
5.827826e+003,1.703282e+000
5.831684e+003,1.708431e+000
5.835540e+003,1.706530e+000
5.839397e+003,1.711347e+000
5.843254e+003,1.714446e+000
5.847111e+003,1.722262e+000
5.850968e+003,1.732296e+000
5.854825e+003,1.727934e+000
5.858682e+003,1.725121e+000
5.862539e+003,1.737764e+000
5.866396e+003,1.735059e+000
5.870253e+003,1.745415e+000
5.874109e+003,1.742712e+000
5.877967e+003,1.737610e+000
5.881823e+003,1.737528e+000
5.885681e+003,1.744533e+000
5.889537e+003,1.758117e+000
5.893395e+003,1.744501e+000
5.897251e+003,1.727361e+000
5.901108e+003,1.734408e+000
5.904965e+003,1.745971e+000
5.908822e+003,1.751097e+000
5.912679e+003,1.750321e+000
5.916536e+003,1.751162e+000
5.920393e+003,1.744855e+000
5.924250e+003,1.739640e+000
5.928106e+003,1.751927e+000
5.931964e+003,1.733925e+000
5.935820e+003,1.712490e+000
5.939678e+003,1.710894e+000
5.943534e+003,1.699565e+000
5.947392e+003,1.677379e+000
5.951248e+003,1.675283e+000
5.955105e+003,1.668378e+000
5.958962e+003,1.662001e+000
5.962819e+003,1.655544e+000
5.966676e+003,1.645385e+000
5.970533e+003,1.622506e+000
5.974390e+003,1.614930e+000
5.978247e+003,1.616900e+000
5.982104e+003,1.608500e+000
5.985961e+003,1.600370e+000
5.989817e+003,1.600145e+000
5.993675e+003,1.596418e+000
5.997531e+003,1.587442e+000
6.001389e+003,1.588689e+000
6.005245e+003,1.596962e+000
6.009103e+003,1.598750e+000
6.012959e+003,1.591998e+000
6.016816e+003,1.584717e+000
6.020673e+003,1.585055e+000
6.024530e+003,1.592328e+000
6.028387e+003,1.586909e+000
6.032244e+003,1.577606e+000
6.036101e+003,1.581053e+000
6.039958e+003,1.592093e+000
6.043814e+003,1.584527e+000
6.047672e+003,1.576855e+000
6.051528e+003,1.576656e+000
6.055386e+003,1.573209e+000
6.059242e+003,1.565118e+000
6.063100e+003,1.563303e+000
6.066956e+003,1.575980e+000
6.070813e+003,1.571801e+000
6.074670e+003,1.564540e+000
6.078527e+003,1.555128e+000
6.082384e+003,1.545518e+000
6.086241e+003,1.545095e+000
6.090098e+003,1.542276e+000
6.093955e+003,1.534897e+000
6.097812e+003,1.531453e+000
6.101669e+003,1.527058e+000
6.105525e+003,1.529728e+000
6.109383e+003,1.524004e+000
6.113239e+003,1.518927e+000
6.117097e+003,1.514404e+000
6.120953e+003,1.510683e+000
6.124811e+003,1.510971e+000
6.128667e+003,1.507514e+000
6.132524e+003,1.503276e+000
6.136381e+003,1.498053e+000
6.140238e+003,1.496077e+000
6.144095e+003,1.496511e+000
6.147952e+003,1.488189e+000
6.151809e+003,1.478565e+000
6.155666e+003,1.484705e+000
6.159522e+003,1.484999e+000
6.163380e+003,1.477676e+000
6.167236e+003,1.481514e+000
6.171094e+003,1.486516e+000
6.174950e+003,1.483115e+000
6.178808e+003,1.478338e+000
6.182664e+003,1.468501e+000
6.186521e+003,1.459440e+000
6.190378e+003,1.460484e+000
6.194235e+003,1.464882e+000
6.198092e+003,1.465585e+000
6.201949e+003,1.467902e+000
6.205806e+003,1.472353e+000
6.209663e+003,1.473122e+000
6.213520e+003,1.464118e+000
6.217377e+003,1.460443e+000
6.221233e+003,1.456204e+000
6.225091e+003,1.453600e+000
6.228947e+003,1.457941e+000
6.232805e+003,1.457086e+000
6.236661e+003,1.446288e+000
6.240519e+003,1.446748e+000
6.244375e+003,1.457328e+000
6.248232e+003,1.463023e+000
6.252089e+003,1.458224e+000
6.255946e+003,1.450504e+000
6.259803e+003,1.444195e+000
6.263660e+003,1.446588e+000
6.267517e+003,1.453349e+000
6.271374e+003,1.452993e+000
6.275230e+003,1.452735e+000
6.279088e+003,1.458579e+000
6.282944e+003,1.453376e+000
6.286802e+003,1.453833e+000
6.290658e+003,1.458721e+000
6.294516e+003,1.451524e+000
6.298372e+003,1.451104e+000
6.302229e+003,1.451198e+000
6.306086e+003,1.453232e+000
6.309943e+003,1.450258e+000
6.313800e+003,1.453413e+000
6.317657e+003,1.450521e+000
6.321514e+003,1.453297e+000
6.325371e+003,1.455825e+000
6.329228e+003,1.453935e+000
6.333085e+003,1.454854e+000
6.336941e+003,1.458308e+000
6.340799e+003,1.464966e+000
6.344655e+003,1.462851e+000
6.348513e+003,1.458810e+000
6.352369e+003,1.463061e+000
6.356227e+003,1.460977e+000
6.360083e+003,1.469617e+000
6.363940e+003,1.478921e+000
6.367797e+003,1.480381e+000
6.371654e+003,1.480653e+000
6.375511e+003,1.487867e+000
6.379368e+003,1.495111e+000
6.383225e+003,1.490157e+000
6.387082e+003,1.493140e+000
6.390938e+003,1.501168e+000
6.394796e+003,1.494954e+000
6.398652e+003,1.498386e+000
6.402510e+003,1.517419e+000
6.406366e+003,1.518943e+000
6.410224e+003,1.520636e+000
6.414080e+003,1.525761e+000
6.417938e+003,1.534239e+000
6.421794e+003,1.523251e+000
6.425651e+003,1.514198e+000
6.429508e+003,1.527212e+000
6.433365e+003,1.516328e+000
6.437222e+003,1.514902e+000
6.441079e+003,1.529192e+000
6.444936e+003,1.523546e+000
6.448793e+003,1.519765e+000
6.452649e+003,1.520420e+000
6.456507e+003,1.528201e+000
6.460363e+003,1.528146e+000
6.464221e+003,1.523926e+000
6.468077e+003,1.513292e+000
6.471935e+003,1.517072e+000
6.475791e+003,1.520705e+000
6.479648e+003,1.525667e+000
6.483505e+003,1.533063e+000
6.487362e+003,1.527705e+000
6.491219e+003,1.531340e+000
6.495076e+003,1.534293e+000
6.498933e+003,1.529540e+000
6.502790e+003,1.536172e+000
6.506646e+003,1.531365e+000
6.510504e+003,1.528076e+000
6.514360e+003,1.528378e+000
6.518218e+003,1.529496e+000
6.522074e+003,1.528144e+000
6.525932e+003,1.530628e+000
6.529788e+003,1.532043e+000
6.533646e+003,1.528933e+000
6.537502e+003,1.529773e+000
6.541359e+003,1.531784e+000
6.545216e+003,1.533005e+000
6.549073e+003,1.529997e+000
6.552930e+003,1.528448e+000
6.556787e+003,1.531869e+000
6.560644e+003,1.528687e+000
6.564501e+003,1.532195e+000
6.568357e+003,1.533545e+000
6.572215e+003,1.537205e+000
6.576071e+003,1.549569e+000
6.579929e+003,1.540751e+000
6.583785e+003,1.538498e+000
6.587643e+003,1.544523e+000
6.591499e+003,1.549085e+000
6.595356e+003,1.538862e+000
6.599213e+003,1.536802e+000
6.603070e+003,1.545765e+000
6.606927e+003,1.536740e+000
6.610784e+003,1.526924e+000
6.614641e+003,1.530998e+000
6.618498e+003,1.540199e+000
6.622354e+003,1.536283e+000
6.626212e+003,1.531403e+000
6.630068e+003,1.520572e+000
6.633926e+003,1.514698e+000
6.637782e+003,1.513614e+000
6.641640e+003,1.516779e+000
6.645496e+003,1.519945e+000
6.649354e+003,1.527219e+000
6.653210e+003,1.530846e+000
6.657067e+003,1.528479e+000
6.660924e+003,1.522835e+000
6.664781e+003,1.519550e+000
6.668638e+003,1.515231e+000
6.672495e+003,1.511210e+000
6.676352e+003,1.511199e+000
6.680209e+003,1.515373e+000
6.684065e+003,1.519294e+000
6.687923e+003,1.518864e+000
6.691779e+003,1.510676e+000
6.695637e+003,1.511863e+000
6.699493e+003,1.523087e+000
6.703351e+003,1.527929e+000
6.707207e+003,1.525646e+000
6.711064e+003,1.529573e+000
6.714921e+003,1.524038e+000
6.718778e+003,1.523368e+000
6.722635e+003,1.525920e+000
6.726492e+003,1.526039e+000
6.730349e+003,1.527639e+000
6.734206e+003,1.533611e+000
6.738063e+003,1.536538e+000
6.741920e+003,1.534717e+000
6.745776e+003,1.538081e+000
6.749634e+003,1.546005e+000
6.753490e+003,1.539558e+000
6.757348e+003,1.535157e+000
6.761204e+003,1.536730e+000
6.765062e+003,1.539571e+000
6.768918e+003,1.535251e+000
6.772775e+003,1.538288e+000
6.776632e+003,1.544655e+000
6.780489e+003,1.545119e+000
6.784346e+003,1.541933e+000
6.788203e+003,1.547041e+000
6.792060e+003,1.551232e+000
6.795917e+003,1.545335e+000
6.799773e+003,1.537891e+000
6.803631e+003,1.542992e+000
6.807487e+003,1.546370e+000
6.811345e+003,1.551175e+000
6.815201e+003,1.553813e+000
6.819059e+003,1.555323e+000
6.822915e+003,1.553606e+000
6.826772e+003,1.555417e+000
6.830629e+003,1.558390e+000
6.834486e+003,1.560761e+000
6.838343e+003,1.564541e+000
6.842200e+003,1.562780e+000
6.846057e+003,1.550830e+000
6.849914e+003,1.550122e+000
6.853771e+003,1.556846e+000
6.857628e+003,1.559662e+000
6.861484e+003,1.559590e+000
6.865342e+003,1.557362e+000
6.869198e+003,1.563533e+000
6.873056e+003,1.564610e+000
6.876912e+003,1.555221e+000
6.880770e+003,1.553129e+000
6.884626e+003,1.563573e+000
6.888483e+003,1.564702e+000
6.892340e+003,1.565958e+000
6.896197e+003,1.575526e+000
6.900054e+003,1.576021e+000
6.903911e+003,1.571876e+000
6.907768e+003,1.565797e+000
6.911625e+003,1.571664e+000
6.915481e+003,1.578451e+000
6.919339e+003,1.583754e+000
6.923195e+003,1.591220e+000
6.927053e+003,1.591630e+000
6.930909e+003,1.583571e+000
6.934767e+003,1.580981e+000
6.938623e+003,1.587631e+000
6.942480e+003,1.593904e+000
6.946337e+003,1.599382e+000
6.950194e+003,1.599368e+000
6.954051e+003,1.597977e+000
6.957908e+003,1.597335e+000
6.961765e+003,1.604860e+000
6.965622e+003,1.608991e+000
6.969479e+003,1.610848e+000
6.973336e+003,1.609826e+000
6.977192e+003,1.606361e+000
6.981050e+003,1.618742e+000
6.984906e+003,1.611056e+000
6.988764e+003,1.609562e+000
6.992620e+003,1.622716e+000
6.996478e+003,1.638736e+000
7.000334e+003,1.638405e+000
7.004191e+003,1.637936e+000
7.008048e+003,1.643609e+000
7.011905e+003,1.644034e+000
7.015762e+003,1.635459e+000
7.019619e+003,1.629704e+000
7.023476e+003,1.624705e+000
7.027333e+003,1.631083e+000
7.031189e+003,1.636279e+000
7.035047e+003,1.639812e+000
7.038903e+003,1.649956e+000
7.042761e+003,1.652760e+000
7.046617e+003,1.652380e+000
7.050475e+003,1.660274e+000
7.054331e+003,1.664636e+000
7.058188e+003,1.664216e+000
7.062045e+003,1.676879e+000
7.065902e+003,1.696446e+000
7.069759e+003,1.705894e+000
7.073616e+003,1.707969e+000
7.077473e+003,1.709120e+000
7.081330e+003,1.703456e+000
7.085187e+003,1.704915e+000
7.089044e+003,1.704834e+000
7.092900e+003,1.717393e+000
7.096758e+003,1.734715e+000
7.100614e+003,1.735958e+000
7.104472e+003,1.732880e+000
7.108328e+003,1.732932e+000
7.112186e+003,1.739181e+000
7.116042e+003,1.741706e+000
7.119899e+003,1.735838e+000
7.123756e+003,1.756652e+000
7.127613e+003,1.757902e+000
7.131470e+003,1.757287e+000
7.135327e+003,1.750037e+000
7.139184e+003,1.750988e+000
7.143041e+003,1.760277e+000
7.146897e+003,1.764733e+000
7.150755e+003,1.767521e+000
7.154611e+003,1.759728e+000
7.158469e+003,1.759476e+000
7.162325e+003,1.757823e+000
7.166183e+003,1.751739e+000
7.170039e+003,1.754889e+000
7.173896e+003,1.764082e+000
7.177753e+003,1.757992e+000
7.181610e+003,1.749910e+000
7.185467e+003,1.743906e+000
7.189324e+003,1.745605e+000
7.193181e+003,1.758487e+000
7.197038e+003,1.748075e+000
7.200895e+003,1.708416e+000
7.204752e+003,1.702278e+000
7.208608e+003,1.722042e+000
7.212466e+003,1.719201e+000
7.216322e+003,1.728920e+000
7.220180e+003,1.724360e+000
7.224036e+003,1.716309e+000
7.227894e+003,1.709369e+000
7.231750e+003,1.706869e+000
7.235607e+003,1.719299e+000
7.239464e+003,1.732375e+000
7.243321e+003,1.728322e+000
7.247178e+003,1.713024e+000
7.251035e+003,1.710338e+000
7.254892e+003,1.704238e+000
7.258749e+003,1.699149e+000
7.262605e+003,1.705288e+000
7.266463e+003,1.721049e+000
7.270319e+003,1.712460e+000
7.274177e+003,1.696452e+000
7.278033e+003,1.687096e+000
7.281891e+003,1.687582e+000
7.285747e+003,1.685200e+000
7.289604e+003,1.687999e+000
7.293461e+003,1.691708e+000
7.297318e+003,1.681346e+000
7.301175e+003,1.684947e+000
7.305032e+003,1.694823e+000
7.308889e+003,1.684192e+000
7.312746e+003,1.672051e+000
7.316603e+003,1.663112e+000
7.320460e+003,1.645410e+000
7.324316e+003,1.626042e+000
7.328174e+003,1.625091e+000
7.332030e+003,1.633206e+000
7.335888e+003,1.629546e+000
7.339744e+003,1.624592e+000
7.343602e+003,1.623015e+000
7.347458e+003,1.619183e+000
7.351315e+003,1.604162e+000
7.355172e+003,1.605484e+000
7.359029e+003,1.601314e+000
7.362886e+003,1.589536e+000
7.366743e+003,1.591003e+000
7.370600e+003,1.589163e+000
7.374457e+003,1.588035e+000
7.378313e+003,1.586211e+000
7.382171e+003,1.590704e+000
7.386027e+003,1.587008e+000
7.389885e+003,1.587952e+000
7.393741e+003,1.583123e+000
7.397599e+003,1.573595e+000
7.401455e+003,1.564375e+000
7.405313e+003,1.565917e+000
7.409169e+003,1.575833e+000
7.413026e+003,1.569641e+000
7.416883e+003,1.565807e+000
7.420740e+003,1.568965e+000
7.424597e+003,1.562251e+000
7.428454e+003,1.561749e+000
7.432311e+003,1.564056e+000
7.436168e+003,1.561210e+000
7.440024e+003,1.553923e+000
7.443882e+003,1.559929e+000
7.447738e+003,1.560724e+000
7.451596e+003,1.551677e+000
7.455452e+003,1.555381e+000
7.459310e+003,1.556650e+000
7.463166e+003,1.550128e+000
7.467023e+003,1.554954e+000
7.470880e+003,1.542384e+000
7.474737e+003,1.544981e+000
7.478594e+003,1.549871e+000
7.482451e+003,1.547913e+000
7.486308e+003,1.548969e+000
7.490165e+003,1.551388e+000
7.494021e+003,1.551790e+000
7.497879e+003,1.543217e+000
7.501735e+003,1.548298e+000
7.505593e+003,1.545189e+000
7.509449e+003,1.550265e+000
7.513307e+003,1.549203e+000
7.517163e+003,1.545902e+000
7.521021e+003,1.546702e+000
7.524877e+003,1.543934e+000
7.528734e+003,1.541414e+000
7.532591e+003,1.545648e+000
7.536448e+003,1.542061e+000
7.540305e+003,1.538460e+000
7.544162e+003,1.545967e+000
7.548019e+003,1.545687e+000
7.551876e+003,1.539015e+000
7.555732e+003,1.534038e+000
7.559590e+003,1.529334e+000
7.563446e+003,1.536811e+000
7.567304e+003,1.541685e+000
7.571160e+003,1.535855e+000
7.575018e+003,1.522130e+000
7.578874e+003,1.527069e+000
7.582731e+003,1.535339e+000
7.586588e+003,1.537606e+000
7.590445e+003,1.530076e+000
7.594302e+003,1.526776e+000
7.598159e+003,1.528527e+000
7.602016e+003,1.524883e+000
7.605873e+003,1.533488e+000
7.609729e+003,1.541649e+000
7.613587e+003,1.539960e+000
7.617443e+003,1.525591e+000
7.621301e+003,1.526759e+000
7.625157e+003,1.532562e+000
7.629015e+003,1.531339e+000
7.632871e+003,1.545092e+000
7.636729e+003,1.550103e+000
7.640585e+003,1.546367e+000
7.644442e+003,1.545012e+000
7.648299e+003,1.532579e+000
7.652156e+003,1.529376e+000
7.656013e+003,1.534136e+000
7.659870e+003,1.542276e+000
7.663727e+003,1.540061e+000
7.667584e+003,1.540010e+000
7.671440e+003,1.540772e+000
7.675298e+003,1.537619e+000
7.679154e+003,1.536655e+000
7.683012e+003,1.543367e+000
7.686868e+003,1.545607e+000
7.690726e+003,1.539467e+000
7.694582e+003,1.524890e+000
7.698439e+003,1.527640e+000
7.702296e+003,1.535136e+000
7.706153e+003,1.528109e+000
7.710010e+003,1.530792e+000
7.713867e+003,1.533152e+000
7.717724e+003,1.530752e+000
7.721581e+003,1.536894e+000
7.725438e+003,1.541332e+000
7.729295e+003,1.544706e+000
7.733151e+003,1.540466e+000
7.737009e+003,1.539621e+000
7.740865e+003,1.546093e+000
7.744723e+003,1.549300e+000
7.748579e+003,1.547988e+000
7.752437e+003,1.541802e+000
7.756293e+003,1.541962e+000
7.760150e+003,1.536329e+000
7.764007e+003,1.544716e+000
7.767864e+003,1.542173e+000
7.771721e+003,1.527749e+000
7.775578e+003,1.532176e+000
7.779435e+003,1.531952e+000
7.783292e+003,1.530103e+000
7.787148e+003,1.526834e+000
7.791006e+003,1.525248e+000
7.794862e+003,1.529181e+000
7.798720e+003,1.532273e+000
7.802576e+003,1.539923e+000
7.806434e+003,1.534534e+000
7.810290e+003,1.530062e+000
7.814147e+003,1.527477e+000
7.818004e+003,1.532069e+000
7.821861e+003,1.540577e+000
7.825718e+003,1.544462e+000
7.829575e+003,1.547050e+000
7.833432e+003,1.540668e+000
7.837289e+003,1.538507e+000
7.841146e+003,1.540144e+000
7.845003e+003,1.545707e+000
7.848859e+003,1.542760e+000
7.852717e+003,1.539628e+000
7.856573e+003,1.541227e+000
7.860431e+003,1.540396e+000
7.864287e+003,1.530803e+000
7.868145e+003,1.526488e+000
7.872001e+003,1.535283e+000
7.875858e+003,1.538198e+000
7.879715e+003,1.535746e+000
7.883572e+003,1.535198e+000
7.887429e+003,1.530415e+000
7.891286e+003,1.533440e+000
7.895143e+003,1.541959e+000
7.899000e+003,1.543943e+000
7.902856e+003,1.542887e+000
7.906714e+003,1.535912e+000
7.910570e+003,1.531277e+000
7.914428e+003,1.532424e+000
7.918284e+003,1.541897e+000
7.922142e+003,1.549073e+000
7.925998e+003,1.544204e+000
7.929855e+003,1.529388e+000
7.933712e+003,1.528798e+000
7.937569e+003,1.537036e+000
7.941426e+003,1.537370e+000
7.945283e+003,1.535567e+000
7.949140e+003,1.528893e+000
7.952997e+003,1.534648e+000
7.956854e+003,1.547817e+000
7.960711e+003,1.546528e+000
7.964567e+003,1.541442e+000
7.968425e+003,1.536530e+000
7.972281e+003,1.537727e+000
7.976139e+003,1.538463e+000
7.979995e+003,1.536430e+000
7.983853e+003,1.544056e+000
7.987709e+003,1.552066e+000
7.991566e+003,1.542356e+000
7.995423e+003,1.536798e+000
7.999280e+003,1.539973e+000
8.003137e+003,1.528824e+000
8.006994e+003,1.530162e+000
8.010851e+003,1.541372e+000
8.014708e+003,1.537839e+000
8.018564e+003,1.545998e+000
8.022422e+003,1.554444e+000
8.026278e+003,1.554052e+000
8.030136e+003,1.544612e+000
8.033992e+003,1.539733e+000
8.037850e+003,1.539045e+000
8.041706e+003,1.537638e+000
8.045563e+003,1.536212e+000
8.049420e+003,1.536417e+000
8.053277e+003,1.531881e+000
8.057134e+003,1.534843e+000
8.060991e+003,1.542841e+000
8.064848e+003,1.541840e+000
8.068705e+003,1.530571e+000
8.072562e+003,1.528607e+000
8.076419e+003,1.547701e+000
8.080275e+003,1.543344e+000
8.084133e+003,1.528526e+000
8.087989e+003,1.542818e+000
8.091847e+003,1.553136e+000
8.095703e+003,1.550007e+000
8.099561e+003,1.534206e+000
8.103417e+003,1.521348e+000
8.107274e+003,1.524622e+000
8.111131e+003,1.531801e+000
8.114988e+003,1.530539e+000
8.118845e+003,1.528498e+000
8.122702e+003,1.538768e+000
8.126559e+003,1.537253e+000
8.130416e+003,1.533431e+000
8.134272e+003,1.528723e+000
8.138130e+003,1.541426e+000
8.141986e+003,1.557538e+000
8.145844e+003,1.545931e+000
8.149700e+003,1.551627e+000
8.153558e+003,1.551906e+000
8.157414e+003,1.539354e+000
8.161271e+003,1.536837e+000
8.165128e+003,1.542350e+000
8.168985e+003,1.544754e+000
8.172842e+003,1.551478e+000
8.176699e+003,1.549410e+000
8.180556e+003,1.553044e+000
8.184413e+003,1.555038e+000
8.188270e+003,1.557867e+000
8.192127e+003,1.552638e+000
8.195983e+003,1.563868e+000
8.199841e+003,1.568697e+000
8.203697e+003,1.564731e+000
8.207555e+003,1.569533e+000
8.211411e+003,1.564366e+000
8.215269e+003,1.572725e+000
8.219125e+003,1.570991e+000
8.222982e+003,1.569470e+000
8.226839e+003,1.564414e+000
8.230696e+003,1.568096e+000
8.234553e+003,1.567077e+000
8.238410e+003,1.563567e+000
8.242267e+003,1.576102e+000
8.246124e+003,1.574340e+000
8.249980e+003,1.559175e+000
8.253838e+003,1.557667e+000
8.257694e+003,1.561909e+000
8.261552e+003,1.556422e+000
8.265408e+003,1.567531e+000
8.269266e+003,1.569616e+000
8.273122e+003,1.554987e+000
8.276979e+003,1.559349e+000
8.280836e+003,1.571001e+000
8.284693e+003,1.570294e+000
8.288550e+003,1.567019e+000
8.292407e+003,1.581766e+000
8.296264e+003,1.578781e+000
8.300121e+003,1.563595e+000
8.303978e+003,1.560003e+000
8.307835e+003,1.559386e+000
8.311691e+003,1.558631e+000
8.315549e+003,1.561148e+000
8.319405e+003,1.557755e+000
8.323263e+003,1.549276e+000
8.327119e+003,1.559858e+000
8.330977e+003,1.593752e+000
8.334833e+003,1.591041e+000
8.338690e+003,1.577815e+000
8.342547e+003,1.585299e+000
8.346404e+003,1.586973e+000
8.350261e+003,1.600122e+000
8.354118e+003,1.610965e+000
8.357975e+003,1.610752e+000
8.361832e+003,1.611748e+000
8.365688e+003,1.614955e+000
8.369546e+003,1.626823e+000
8.373402e+003,1.635566e+000
8.377260e+003,1.660867e+000
8.381116e+003,1.690225e+000
8.384974e+003,1.695616e+000
8.388830e+003,1.700508e+000
8.392688e+003,1.713225e+000
8.396544e+003,1.717897e+000
8.400401e+003,1.715985e+000
8.404258e+003,1.729363e+000
8.408115e+003,1.730474e+000
8.411972e+003,1.734658e+000
8.415829e+003,1.738048e+000
8.419686e+003,1.735654e+000
8.423543e+003,1.742422e+000
8.427399e+003,1.733289e+000
8.431257e+003,1.730686e+000
8.435113e+003,1.740360e+000
8.438971e+003,1.751114e+000
8.442827e+003,1.759108e+000
8.446685e+003,1.733462e+000
8.450541e+003,1.735822e+000
8.454398e+003,1.721980e+000
8.458255e+003,1.724154e+000
8.462112e+003,1.740600e+000
8.465969e+003,1.727141e+000
8.469826e+003,1.724252e+000
8.473683e+003,1.711062e+000
8.477540e+003,1.682775e+000
8.481396e+003,1.684163e+000
8.485254e+003,1.709933e+000
8.489110e+003,1.683618e+000
8.492968e+003,1.658026e+000
8.496824e+003,1.681598e+000
8.500682e+003,1.660689e+000
8.504538e+003,1.640475e+000
8.508396e+003,1.652099e+000
8.512252e+003,1.650512e+000
8.516109e+003,1.655453e+000
8.519966e+003,1.663376e+000
8.523823e+003,1.652372e+000
8.527680e+003,1.642166e+000
8.531537e+003,1.622540e+000
8.535394e+003,1.605889e+000
8.539251e+003,1.603071e+000
8.543107e+003,1.605870e+000
8.546965e+003,1.591460e+000
8.550821e+003,1.594795e+000
8.554679e+003,1.601839e+000
8.558535e+003,1.606541e+000
8.562393e+003,1.602192e+000
8.566249e+003,1.602993e+000
8.570106e+003,1.596501e+000
8.573963e+003,1.581149e+000
8.577820e+003,1.592196e+000
8.581677e+003,1.606381e+000
8.585534e+003,1.601669e+000
8.589391e+003,1.585987e+000
8.593248e+003,1.583282e+000
8.597104e+003,1.580932e+000
8.600962e+003,1.595749e+000
8.604818e+003,1.619280e+000
8.608676e+003,1.617437e+000
8.612532e+003,1.615106e+000
8.616390e+003,1.621873e+000
8.620246e+003,1.634114e+000
8.624104e+003,1.626083e+000
8.627960e+003,1.597605e+000
8.631817e+003,1.595968e+000
8.635674e+003,1.604973e+000
8.639531e+003,1.600790e+000
8.643388e+003,1.603932e+000
8.647245e+003,1.614165e+000
8.651102e+003,1.600134e+000
8.654959e+003,1.602676e+000
8.658815e+003,1.618258e+000
8.662673e+003,1.625187e+000
8.666529e+003,1.622844e+000
8.670387e+003,1.604309e+000
8.674243e+003,1.593768e+000
8.678101e+003,1.592796e+000
8.681957e+003,1.589308e+000
8.685814e+003,1.592136e+000
8.689671e+003,1.599076e+000
8.693528e+003,1.597429e+000
8.697385e+003,1.577158e+000
8.701242e+003,1.572217e+000
8.705099e+003,1.587650e+000
8.708956e+003,1.593960e+000
8.712813e+003,1.585701e+000
8.716670e+003,1.585658e+000
8.720526e+003,1.587639e+000
8.724384e+003,1.602867e+000
8.728240e+003,1.588531e+000
8.732098e+003,1.583255e+000
8.735954e+003,1.581836e+000
8.739812e+003,1.561772e+000
8.743668e+003,1.557867e+000
8.747525e+003,1.567434e+000
8.751382e+003,1.586416e+000
8.755239e+003,1.587192e+000
8.759096e+003,1.579290e+000
8.762953e+003,1.571144e+000
8.766810e+003,1.549451e+000
8.770667e+003,1.555298e+000
8.774523e+003,1.544309e+000
8.778381e+003,1.554824e+000
8.782237e+003,1.562498e+000
8.786095e+003,1.542307e+000
8.789951e+003,1.535156e+000
8.793809e+003,1.548423e+000
8.797665e+003,1.535805e+000
8.801522e+003,1.530559e+000
8.805379e+003,1.535987e+000
8.809236e+003,1.560236e+000
8.813093e+003,1.546398e+000
8.816950e+003,1.547046e+000
8.820807e+003,1.546235e+000
8.824664e+003,1.536310e+000
8.828521e+003,1.530376e+000
8.832378e+003,1.531852e+000
8.836234e+003,1.547622e+000
8.840092e+003,1.529431e+000
8.843948e+003,1.514026e+000
8.847806e+003,1.520293e+000
8.851662e+003,1.547931e+000
8.855520e+003,1.543599e+000
8.859376e+003,1.533686e+000
8.863233e+003,1.544330e+000
8.867090e+003,1.538100e+000
8.870947e+003,1.519768e+000
8.874804e+003,1.525692e+000
8.878661e+003,1.538171e+000
8.882518e+003,1.536275e+000
8.886375e+003,1.536499e+000
8.890231e+003,1.531778e+000
8.894089e+003,1.521920e+000
8.897945e+003,1.520411e+000
8.901803e+003,1.526280e+000
8.905659e+003,1.518121e+000
8.909517e+003,1.517525e+000
8.913373e+003,1.527071e+000
8.917230e+003,1.521178e+000
8.921087e+003,1.536709e+000
8.924944e+003,1.550684e+000
8.928801e+003,1.550945e+000
8.932658e+003,1.543085e+000
8.936515e+003,1.533409e+000
8.940372e+003,1.524369e+000
8.944229e+003,1.523645e+000
8.948086e+003,1.530985e+000
8.951942e+003,1.524544e+000
8.955800e+003,1.518282e+000
8.959656e+003,1.527950e+000
8.963514e+003,1.546518e+000
8.967370e+003,1.537496e+000
8.971228e+003,1.525346e+000
8.975084e+003,1.527456e+000
8.978941e+003,1.534894e+000
8.982798e+003,1.539503e+000
8.986655e+003,1.529952e+000
8.990512e+003,1.534037e+000
8.994369e+003,1.544900e+000
8.998226e+003,1.542506e+000
9.002083e+003,1.559903e+000
9.005939e+003,1.559667e+000
9.009797e+003,1.543674e+000
9.013653e+003,1.541501e+000
9.017511e+003,1.540887e+000
9.021367e+003,1.524149e+000
9.025225e+003,1.510252e+000
9.029081e+003,1.515061e+000
9.032938e+003,1.536199e+000
9.036795e+003,1.527378e+000
9.040652e+003,1.535602e+000
9.044509e+003,1.559882e+000
9.048366e+003,1.561331e+000
9.052223e+003,1.549721e+000
9.056080e+003,1.542078e+000
9.059937e+003,1.528702e+000
9.063794e+003,1.512297e+000
9.067650e+003,1.529686e+000
9.071508e+003,1.551921e+000
9.075364e+003,1.554487e+000
9.079222e+003,1.546463e+000
9.083078e+003,1.536749e+000
9.086936e+003,1.537054e+000
9.090792e+003,1.540976e+000
9.094649e+003,1.552887e+000
9.098506e+003,1.562103e+000
9.102363e+003,1.565094e+000
9.106220e+003,1.576263e+000
9.110077e+003,1.574794e+000
9.113934e+003,1.549758e+000
9.117791e+003,1.524936e+000
9.121647e+003,1.519441e+000
9.125505e+003,1.522217e+000
9.129361e+003,1.523574e+000
9.133219e+003,1.530287e+000
9.137075e+003,1.549018e+000
9.140933e+003,1.555106e+000
9.144789e+003,1.542616e+000
9.148646e+003,1.548917e+000
9.152503e+003,1.547335e+000
9.156360e+003,1.530001e+000
9.160217e+003,1.520879e+000
9.164074e+003,1.533593e+000
9.167931e+003,1.538985e+000
9.171788e+003,1.525827e+000
9.175645e+003,1.529152e+000
9.179502e+003,1.528550e+000
9.183358e+003,1.526003e+000
9.187216e+003,1.526794e+000
9.191072e+003,1.537493e+000
9.194930e+003,1.531435e+000
9.198786e+003,1.541907e+000
9.202644e+003,1.540776e+000
9.206500e+003,1.537172e+000
9.210357e+003,1.539236e+000
9.214214e+003,1.548341e+000
9.218071e+003,1.546137e+000
9.221928e+003,1.540890e+000
9.225785e+003,1.542477e+000
9.229642e+003,1.538035e+000
9.233499e+003,1.525123e+000
9.237355e+003,1.518737e+000
9.241213e+003,1.514377e+000
9.245069e+003,1.514671e+000
9.248927e+003,1.529809e+000
9.252783e+003,1.541248e+000
9.256641e+003,1.537092e+000
9.260497e+003,1.538728e+000
9.264354e+003,1.547722e+000
9.268211e+003,1.551379e+000
9.272068e+003,1.555047e+000
9.275925e+003,1.545269e+000
9.279782e+003,1.563471e+000
9.283639e+003,1.543351e+000
9.287496e+003,1.514460e+000
9.291353e+003,1.524531e+000
9.295210e+003,1.549918e+000
9.299066e+003,1.551675e+000
9.302924e+003,1.537094e+000
9.306780e+003,1.534125e+000
9.310638e+003,1.539700e+000
9.314494e+003,1.526136e+000
9.318352e+003,1.507655e+000
9.322208e+003,1.505572e+000
9.326065e+003,1.523326e+000
9.329922e+003,1.542723e+000
9.333779e+003,1.538349e+000
9.337636e+003,1.525039e+000
9.341493e+003,1.518366e+000
9.345350e+003,1.521621e+000
9.349207e+003,1.525398e+000
9.353063e+003,1.522025e+000
9.356921e+003,1.527895e+000
9.360777e+003,1.556513e+000
9.364635e+003,1.548505e+000
9.368491e+003,1.534908e+000
9.372349e+003,1.530123e+000
9.376205e+003,1.514385e+000
9.380063e+003,1.504242e+000
9.383919e+003,1.519864e+000
9.387776e+003,1.529874e+000
9.391633e+003,1.534583e+000
9.395490e+003,1.529197e+000
9.399347e+003,1.534703e+000
9.403204e+003,1.529874e+000
9.407061e+003,1.522105e+000
9.410918e+003,1.524198e+000
9.414774e+003,1.534781e+000
9.418632e+003,1.519311e+000
9.422488e+003,1.516410e+000
9.426346e+003,1.526086e+000
9.430202e+003,1.525535e+000
9.434060e+003,1.517735e+000
9.437916e+003,1.523573e+000
9.441773e+003,1.516736e+000
9.445630e+003,1.533682e+000
9.449487e+003,1.545212e+000
9.453344e+003,1.552086e+000
9.457201e+003,1.538568e+000
9.461058e+003,1.519767e+000
9.464915e+003,1.542422e+000
9.468771e+003,1.534533e+000
9.472629e+003,1.523886e+000
9.476485e+003,1.523873e+000
9.480343e+003,1.516605e+000
9.484199e+003,1.517811e+000
9.488057e+003,1.507268e+000
9.491913e+003,1.496425e+000
9.495771e+003,1.534714e+000
9.499627e+003,1.517454e+000
9.503484e+003,1.520855e+000
9.507341e+003,1.529516e+000
9.511198e+003,1.511585e+000
9.515055e+003,1.509537e+000
9.518912e+003,1.529189e+000
9.522769e+003,1.517256e+000
9.526626e+003,1.523489e+000
9.530482e+003,1.531360e+000
9.534340e+003,1.532944e+000
9.538196e+003,1.521615e+000
9.542054e+003,1.509182e+000
9.545910e+003,1.515389e+000
9.549768e+003,1.534085e+000
9.553624e+003,1.533773e+000
9.557481e+003,1.520988e+000
9.561338e+003,1.505861e+000
9.565195e+003,1.495312e+000
9.569052e+003,1.497378e+000
9.572909e+003,1.521593e+000
9.576766e+003,1.524378e+000
9.580623e+003,1.524676e+000
9.584479e+003,1.524897e+000
9.588337e+003,1.515852e+000
9.592193e+003,1.516917e+000
9.596051e+003,1.520448e+000
9.599907e+003,1.528725e+000
9.603765e+003,1.529639e+000
9.607621e+003,1.528766e+000
9.611479e+003,1.536125e+000
9.615335e+003,1.551910e+000
9.619192e+003,1.550851e+000
9.623049e+003,1.540171e+000
9.626906e+003,1.533346e+000
9.630763e+003,1.536045e+000
9.634620e+003,1.525832e+000
9.638477e+003,1.497046e+000
9.642334e+003,1.491019e+000
9.646190e+003,1.510778e+000
9.650048e+003,1.527265e+000
9.653904e+003,1.531198e+000
9.657762e+003,1.525687e+000
9.661618e+003,1.530989e+000
9.665476e+003,1.565540e+000
9.669332e+003,1.566982e+000
9.673189e+003,1.534692e+000
9.677046e+003,1.549277e+000
9.680903e+003,1.555709e+000
9.684760e+003,1.538949e+000
9.688617e+003,1.506255e+000
9.692474e+003,1.495528e+000
9.696331e+003,1.510632e+000
9.700188e+003,1.521020e+000
9.704045e+003,1.524889e+000
9.707901e+003,1.550314e+000
9.711759e+003,1.528474e+000
9.715615e+003,1.500422e+000
9.719473e+003,1.508944e+000
9.723329e+003,1.530654e+000
9.727187e+003,1.567273e+000
9.731043e+003,1.569876e+000
9.734900e+003,1.551483e+000
9.738757e+003,1.538905e+000
9.742614e+003,1.549530e+000
9.746471e+003,1.544104e+000
9.750328e+003,1.547936e+000
9.754185e+003,1.529976e+000
9.758042e+003,1.526706e+000
9.761898e+003,1.533177e+000
9.765756e+003,1.541543e+000
9.769612e+003,1.554806e+000
9.773470e+003,1.553016e+000
9.777326e+003,1.544365e+000
9.781184e+003,1.543748e+000
9.785040e+003,1.547375e+000
9.788897e+003,1.545379e+000
9.792754e+003,1.572997e+000
9.796611e+003,1.559091e+000
9.800468e+003,1.532327e+000
9.804325e+003,1.526520e+000
9.808182e+003,1.550735e+000
9.812039e+003,1.542796e+000
9.815896e+003,1.520119e+000
9.819753e+003,1.563510e+000
9.823609e+003,1.580100e+000
9.827467e+003,1.552740e+000
9.831323e+003,1.529062e+000
9.835181e+003,1.531525e+000
9.839037e+003,1.525746e+000
9.842895e+003,1.529272e+000
9.846751e+003,1.541301e+000
9.850608e+003,1.566404e+000
9.854465e+003,1.573352e+000
9.858322e+003,1.554033e+000
9.862179e+003,1.545934e+000
9.866036e+003,1.541173e+000
9.869893e+003,1.536845e+000
9.873750e+003,1.535578e+000
9.877606e+003,1.546557e+000
9.881464e+003,1.549705e+000
9.885320e+003,1.560668e+000
9.889178e+003,1.567526e+000
9.893034e+003,1.556484e+000
9.896892e+003,1.537070e+000
9.900748e+003,1.509158e+000
9.904605e+003,1.513588e+000
9.908462e+003,1.536493e+000
9.912319e+003,1.568405e+000
9.916176e+003,1.554265e+000
9.920033e+003,1.566604e+000
9.923890e+003,1.547215e+000
9.927747e+003,1.514837e+000
9.931604e+003,1.539176e+000
9.935461e+003,1.548550e+000
9.939317e+003,1.513223e+000
9.943175e+003,1.514476e+000
9.947031e+003,1.541931e+000
9.950889e+003,1.542245e+000
9.954745e+003,1.558313e+000
9.958603e+003,1.560072e+000
9.962459e+003,1.543957e+000
9.966316e+003,1.559246e+000
9.970173e+003,1.555063e+000
9.974030e+003,1.568753e+000
9.977887e+003,1.541042e+000
9.981744e+003,1.523935e+000
9.985601e+003,1.538431e+000
9.989458e+003,1.565728e+000
9.993314e+003,1.591417e+000
9.997172e+003,1.562820e+000
1.000103e+004,1.540933e+000
