3.999640e+003,1.659257e+000
4.003497e+003,1.866795e+000
4.007354e+003,2.200846e+000
4.011211e+003,1.244502e+000
4.015068e+003,1.090985e+000
4.018925e+003,1.240148e+000
4.022781e+003,1.266856e+000
4.026638e+003,1.073254e+000
4.030495e+003,1.367053e+000
4.034352e+003,2.413395e+000
4.038209e+003,1.474299e+000
4.042066e+003,2.193015e+000
4.045923e+003,6.000000e+000
4.049780e+003,1.635602e+000
4.053637e+003,6.000000e+000
4.057494e+003,1.424097e+000
4.061351e+003,1.184007e+000
4.065208e+003,1.160413e+000
4.069065e+003,9.445735e-001
4.072922e+003,1.573565e+000
4.076779e+003,1.561077e+000
4.080635e+003,1.028973e+000
4.084492e+003,8.565103e-001
4.088349e+003,7.033254e-001
4.092206e+003,8.898802e-001
4.096063e+003,2.013308e+000
4.099920e+003,1.528058e+000
4.103777e+003,6.000000e+000
4.107634e+003,6.000000e+000
4.111491e+003,1.367950e+000
4.115348e+003,1.341015e+000
4.119205e+003,1.536598e+000
4.123062e+003,1.779675e+000
4.126919e+003,2.099381e+000
4.130775e+003,1.638609e+000
4.134633e+003,1.589879e+000
4.138489e+003,1.627985e+000
4.142347e+003,1.569727e+000
4.146203e+003,1.285905e+000
4.150061e+003,1.296195e+000
4.153917e+003,1.494830e+000
4.157774e+003,1.873785e+000
4.161631e+003,1.500860e+000
4.165488e+003,1.319981e+000
4.169345e+003,1.286212e+000
4.173202e+003,1.364070e+000
4.177059e+003,1.745927e+000
4.180916e+003,1.951702e+000
4.184772e+003,1.802296e+000
4.188630e+003,1.692797e+000
4.192486e+003,1.797304e+000
4.196344e+003,1.676378e+000
4.200200e+003,1.530313e+000
4.204058e+003,1.563434e+000
4.207914e+003,1.570026e+000
4.211771e+003,1.552064e+000
4.215628e+003,1.589946e+000
4.219485e+003,1.665524e+000
4.223342e+003,1.679889e+000
4.227199e+003,1.726991e+000
4.231056e+003,1.711119e+000
4.234913e+003,1.655931e+000
4.238770e+003,1.670944e+000
4.242627e+003,1.675179e+000
4.246483e+003,1.596227e+000
4.250341e+003,1.627577e+000
4.254197e+003,1.783209e+000
4.258055e+003,1.954692e+000
4.261911e+003,1.717939e+000
4.265769e+003,1.635218e+000
4.269625e+003,1.634840e+000
4.273482e+003,1.650290e+000
4.277339e+003,1.662179e+000
4.281196e+003,1.620505e+000
4.285053e+003,1.598537e+000
4.288910e+003,1.638434e+000
4.292767e+003,1.626659e+000
4.296624e+003,1.605594e+000
4.300480e+003,1.563954e+000
4.304338e+003,1.625455e+000
4.308194e+003,1.735861e+000
4.312052e+003,1.778965e+000
4.315908e+003,1.746635e+000
4.319766e+003,1.674794e+000
4.323622e+003,1.611436e+000
4.327479e+003,1.638964e+000
4.331336e+003,1.671303e+000
4.335193e+003,1.714288e+000
4.339050e+003,1.687972e+000
4.342907e+003,1.654112e+000
4.346764e+003,1.692023e+000
4.350621e+003,1.707945e+000
4.354478e+003,1.645753e+000
4.358335e+003,1.625654e+000
4.362191e+003,1.657549e+000
4.366049e+003,1.735374e+000
4.369905e+003,1.697893e+000
4.373763e+003,1.622957e+000
4.377619e+003,1.626491e+000
4.381477e+003,1.616080e+000
4.385333e+003,1.585958e+000
4.389190e+003,1.604772e+000
4.393047e+003,1.614618e+000
4.396904e+003,1.661029e+000
4.400761e+003,1.691499e+000
4.404618e+003,1.668439e+000
4.408475e+003,1.681622e+000
4.412332e+003,1.745889e+000
4.416188e+003,1.739283e+000
4.420046e+003,1.733516e+000
4.423902e+003,1.744531e+000
4.427760e+003,1.750880e+000
4.431616e+003,1.745817e+000
4.435474e+003,1.782067e+000
4.439330e+003,1.757983e+000
4.443188e+003,1.732835e+000
4.447044e+003,1.701881e+000
4.450901e+003,1.734566e+000
4.454758e+003,1.766968e+000
4.458615e+003,1.790732e+000
4.462472e+003,1.801988e+000
4.466329e+003,1.822152e+000
4.470186e+003,1.775498e+000
4.474043e+003,1.770875e+000
4.477899e+003,1.762561e+000
4.481757e+003,1.736561e+000
4.485613e+003,1.742424e+000
4.489471e+003,1.712626e+000
4.493327e+003,1.703490e+000
4.497185e+003,1.711872e+000
4.501041e+003,1.769095e+000
4.504898e+003,1.783057e+000
4.508755e+003,1.728964e+000
4.512612e+003,1.690261e+000
4.516469e+003,1.697086e+000
4.520326e+003,1.750748e+000
4.524183e+003,1.753652e+000
4.528040e+003,1.722892e+000
4.531896e+003,1.749410e+000
4.535754e+003,1.770124e+000
4.539610e+003,1.777286e+000
4.543468e+003,1.754177e+000
4.547324e+003,1.738813e+000
4.551182e+003,1.769034e+000
4.555038e+003,1.761627e+000
4.558896e+003,1.698804e+000
4.562752e+003,1.695211e+000
4.566609e+003,1.707356e+000
4.570466e+003,1.687832e+000
4.574323e+003,1.696593e+000
4.578180e+003,1.701917e+000
4.582037e+003,1.664462e+000
4.585894e+003,1.647395e+000
4.589751e+003,1.647984e+000
4.593607e+003,1.666239e+000
4.597465e+003,1.660177e+000
4.601321e+003,1.658074e+000
4.605179e+003,1.661914e+000
4.609035e+003,1.640617e+000
4.612893e+003,1.608853e+000
4.616749e+003,1.586955e+000
4.620606e+003,1.590948e+000
4.624463e+003,1.612340e+000
4.628320e+003,1.613305e+000
4.632177e+003,1.612723e+000
4.636034e+003,1.583772e+000
4.639891e+003,1.576100e+000
4.643748e+003,1.583907e+000
4.647604e+003,1.583305e+000
4.651462e+003,1.567863e+000
4.655318e+003,1.554650e+000
4.659176e+003,1.565897e+000
4.663032e+003,1.550183e+000
4.666890e+003,1.539669e+000
4.670746e+003,1.526131e+000
4.674604e+003,1.506522e+000
4.678460e+003,1.507427e+000
4.682317e+003,1.506404e+000
4.686174e+003,1.507537e+000
4.690031e+003,1.501582e+000
4.693888e+003,1.503409e+000
4.697745e+003,1.513116e+000
4.701602e+003,1.502160e+000
4.705459e+003,1.478660e+000
4.709315e+003,1.473678e+000
4.713173e+003,1.489996e+000
4.717029e+003,1.483557e+000
4.720887e+003,1.464850e+000
4.724743e+003,1.470419e+000
4.728601e+003,1.472667e+000
4.732457e+003,1.460809e+000
4.736314e+003,1.450143e+000
4.740171e+003,1.443201e+000
4.744028e+003,1.452466e+000
4.747885e+003,1.464842e+000
4.751742e+003,1.466753e+000
4.755599e+003,1.461583e+000
4.759456e+003,1.455596e+000
4.763313e+003,1.452484e+000
4.767170e+003,1.456985e+000
4.771026e+003,1.454954e+000
4.774884e+003,1.455668e+000
4.778740e+003,1.461876e+000
4.782598e+003,1.459382e+000
4.786454e+003,1.465539e+000
4.790312e+003,1.475433e+000
4.794168e+003,1.484341e+000
4.798025e+003,1.477057e+000
4.801882e+003,1.477292e+000
4.805739e+003,1.480626e+000
4.809596e+003,1.483715e+000
4.813453e+003,1.490837e+000
4.817310e+003,1.496402e+000
4.821167e+003,1.496247e+000
4.825023e+003,1.498899e+000
4.828881e+003,1.505107e+000
4.832737e+003,1.512244e+000
4.836595e+003,1.508563e+000
4.840451e+003,1.510932e+000
4.844309e+003,1.519572e+000
4.848165e+003,1.520571e+000
4.852022e+003,1.538037e+000
4.855879e+003,1.551672e+000
4.859736e+003,1.552977e+000
4.863593e+003,1.547235e+000
4.867450e+003,1.550046e+000
4.871307e+003,1.552136e+000
4.875164e+003,1.566215e+000
4.879021e+003,1.556060e+000
4.882878e+003,1.564459e+000
4.886734e+003,1.585296e+000
4.890592e+003,1.592793e+000
4.894448e+003,1.602734e+000
4.898306e+003,1.614954e+000
4.902162e+003,1.610296e+000
4.906020e+003,1.606110e+000
4.909876e+003,1.615411e+000
4.913733e+003,1.622706e+000
4.917590e+003,1.619501e+000
4.921447e+003,1.615702e+000
4.925304e+003,1.604259e+000
4.929161e+003,1.608081e+000
4.933018e+003,1.627844e+000
4.936875e+003,1.636881e+000
4.940731e+003,1.635920e+000
4.944589e+003,1.638780e+000
4.948445e+003,1.646630e+000
4.952303e+003,1.651501e+000
4.956159e+003,1.655684e+000
4.960017e+003,1.650520e+000
4.963873e+003,1.636804e+000
4.967730e+003,1.637621e+000
4.971587e+003,1.652335e+000
4.975444e+003,1.646161e+000
4.979301e+003,1.640872e+000
4.983158e+003,1.641877e+000
4.987015e+003,1.646643e+000
4.990872e+003,1.646342e+000
4.994729e+003,1.647398e+000
4.998586e+003,1.665094e+000
5.002442e+003,1.661525e+000
5.006300e+003,1.649182e+000
5.010156e+003,1.658463e+000
5.014014e+003,1.664212e+000
5.017870e+003,1.668878e+000
5.021728e+003,1.671882e+000
5.025584e+003,1.673723e+000
5.029441e+003,1.674655e+000
5.033298e+003,1.671843e+000
5.037155e+003,1.680092e+000
5.041012e+003,1.681321e+000
5.044869e+003,1.669052e+000
5.048726e+003,1.674204e+000
5.052583e+003,1.672687e+000
5.056439e+003,1.671922e+000
5.060297e+003,1.671309e+000
5.064153e+003,1.666612e+000
5.068011e+003,1.666225e+000
5.071867e+003,1.671206e+000
5.075725e+003,1.675864e+000
5.079581e+003,1.672687e+000
5.083438e+003,1.665658e+000
5.087295e+003,1.663069e+000
5.091152e+003,1.669238e+000
5.095009e+003,1.668577e+000
5.098866e+003,1.662318e+000
5.102723e+003,1.649653e+000
5.106580e+003,1.636553e+000
5.110437e+003,1.636602e+000
5.114294e+003,1.629315e+000
5.118150e+003,1.627141e+000
5.122008e+003,1.630405e+000
5.125864e+003,1.620763e+000
5.129722e+003,1.617129e+000
5.133578e+003,1.619995e+000
5.137436e+003,1.625611e+000
5.141292e+003,1.628715e+000
5.145149e+003,1.629688e+000
5.149006e+003,1.625712e+000
5.152863e+003,1.623543e+000
5.156720e+003,1.619242e+000
5.160577e+003,1.610145e+000
5.164434e+003,1.612844e+000
5.168291e+003,1.627696e+000
5.172147e+003,1.630677e+000
5.176005e+003,1.629118e+000
5.179861e+003,1.621705e+000
5.183719e+003,1.611606e+000
5.187575e+003,1.609864e+000
5.191433e+003,1.614655e+000
5.195289e+003,1.628178e+000
5.199146e+003,1.633204e+000
5.203003e+003,1.628567e+000
5.206860e+003,1.621273e+000
5.210717e+003,1.626297e+000
5.214574e+003,1.630969e+000
5.218431e+003,1.621476e+000
5.222288e+003,1.625775e+000
5.226145e+003,1.627912e+000
5.230002e+003,1.624146e+000
5.233858e+003,1.618967e+000
5.237716e+003,1.615974e+000
5.241572e+003,1.618400e+000
5.245430e+003,1.619279e+000
5.249286e+003,1.613491e+000
5.253144e+003,1.609164e+000
5.257000e+003,1.608218e+000
5.260857e+003,1.610329e+000
5.264714e+003,1.609400e+000
5.268571e+003,1.612547e+000
5.272428e+003,1.618542e+000
5.276285e+003,1.615674e+000
5.280142e+003,1.606119e+000
5.283999e+003,1.603331e+000
5.287855e+003,1.612421e+000
5.291713e+003,1.612611e+000
5.295569e+003,1.610854e+000
5.299427e+003,1.612674e+000
5.303283e+003,1.604941e+000
5.307141e+003,1.597265e+000
5.310997e+003,1.601179e+000
5.314854e+003,1.598776e+000
5.318711e+003,1.598081e+000
5.322568e+003,1.602224e+000
5.326425e+003,1.601102e+000
5.330282e+003,1.603900e+000
5.334139e+003,1.602197e+000
5.337996e+003,1.610379e+000
5.341853e+003,1.611465e+000
5.345710e+003,1.610398e+000
5.349566e+003,1.611344e+000
5.353424e+003,1.624336e+000
5.357280e+003,1.632284e+000
5.361138e+003,1.635073e+000
5.364994e+003,1.643734e+000
5.368852e+003,1.655417e+000
5.372708e+003,1.661029e+000
5.376565e+003,1.666682e+000
5.380422e+003,1.691077e+000
5.384279e+003,1.718474e+000
5.388136e+003,1.743334e+000
5.391993e+003,1.751807e+000
5.395850e+003,1.754984e+000
5.399707e+003,1.746072e+000
5.403563e+003,1.745872e+000
5.407421e+003,1.741684e+000
5.411277e+003,1.725664e+000
5.415135e+003,1.708186e+000
5.418991e+003,1.702971e+000
5.422849e+003,1.704226e+000
5.426705e+003,1.703091e+000
5.430563e+003,1.710176e+000
5.434419e+003,1.722524e+000
5.438276e+003,1.725456e+000
5.442133e+003,1.728042e+000
5.445990e+003,1.725722e+000
5.449847e+003,1.714308e+000
5.453704e+003,1.709181e+000
5.457561e+003,1.709490e+000
5.461418e+003,1.687252e+000
5.465274e+003,1.660828e+000
5.469132e+003,1.647992e+000
5.472988e+003,1.640571e+000
5.476846e+003,1.634295e+000
5.480702e+003,1.627418e+000
5.484560e+003,1.616595e+000
5.488416e+003,1.608702e+000
5.492273e+003,1.602589e+000
5.496130e+003,1.599831e+000
5.499987e+003,1.601321e+000
5.503844e+003,1.605480e+000
5.507701e+003,1.598336e+000
5.511558e+003,1.599365e+000
5.515415e+003,1.603283e+000
5.519271e+003,1.615148e+000
5.523129e+003,1.613579e+000
5.526985e+003,1.615675e+000
5.530843e+003,1.616254e+000
5.534699e+003,1.620566e+000
5.538557e+003,1.626196e+000
5.542413e+003,1.630521e+000
5.546271e+003,1.638889e+000
5.550127e+003,1.641002e+000
5.553984e+003,1.638750e+000
5.557841e+003,1.642248e+000
5.561698e+003,1.649504e+000
5.565555e+003,1.660017e+000
5.569412e+003,1.668772e+000
5.573269e+003,1.674977e+000
5.577126e+003,1.687511e+000
5.580982e+003,1.701474e+000
5.584840e+003,1.710247e+000
5.588696e+003,1.707748e+000
5.592554e+003,1.714100e+000
5.596410e+003,1.722029e+000
5.600268e+003,1.726314e+000
5.604124e+003,1.726203e+000
5.607981e+003,1.728991e+000
5.611838e+003,1.729858e+000
5.615695e+003,1.734165e+000
5.619552e+003,1.733587e+000
5.623409e+003,1.727485e+000
5.627266e+003,1.716737e+000
5.631123e+003,1.708597e+000
5.634979e+003,1.699894e+000
5.638837e+003,1.695648e+000
5.642693e+003,1.689994e+000
5.646551e+003,1.693599e+000
5.650407e+003,1.705094e+000
5.654265e+003,1.709759e+000
5.658121e+003,1.705269e+000
5.661979e+003,1.712834e+000
5.665835e+003,1.728769e+000
5.669692e+003,1.725195e+000
5.673549e+003,1.721596e+000
5.677406e+003,1.725781e+000
5.681263e+003,1.740404e+000
5.685120e+003,1.741532e+000
5.688977e+003,1.732734e+000
5.692834e+003,1.732255e+000
5.696690e+003,1.731931e+000
5.700548e+003,1.732343e+000
5.704404e+003,1.738917e+000
5.708262e+003,1.740686e+000
5.712118e+003,1.728268e+000
5.715976e+003,1.723304e+000
5.719832e+003,1.722607e+000
5.723689e+003,1.727594e+000
5.727546e+003,1.732014e+000
5.731403e+003,1.742643e+000
5.735260e+003,1.738778e+000
5.739117e+003,1.736432e+000
5.742974e+003,1.735225e+000
5.746831e+003,1.743861e+000
5.750688e+003,1.741248e+000
5.754545e+003,1.733755e+000
5.758401e+003,1.731467e+000
5.762259e+003,1.738298e+000
5.766115e+003,1.738426e+000
5.769973e+003,1.734105e+000
5.773829e+003,1.730293e+000
5.777687e+003,1.722062e+000
5.781543e+003,1.718537e+000
5.785400e+003,1.731758e+000
5.789257e+003,1.740140e+000
5.793114e+003,1.718162e+000
5.796971e+003,1.701216e+000
5.800828e+003,1.698183e+000
5.804685e+003,1.700284e+000
5.808542e+003,1.689367e+000
5.812398e+003,1.687558e+000
5.816256e+003,1.695140e+000
5.820112e+003,1.701067e+000
5.823970e+003,1.701151e+000
5.827826e+003,1.697515e+000
5.831684e+003,1.699976e+000
5.835540e+003,1.705769e+000
5.839397e+003,1.704272e+000
5.843254e+003,1.705927e+000
5.847111e+003,1.706417e+000
5.850968e+003,1.702443e+000
5.854825e+003,1.725270e+000
5.858682e+003,1.736207e+000
5.862539e+003,1.726022e+000
5.866396e+003,1.734290e+000
5.870253e+003,1.740439e+000
5.874109e+003,1.755394e+000
5.877967e+003,1.743721e+000
5.881823e+003,1.738038e+000
5.885681e+003,1.737340e+000
5.889537e+003,1.739307e+000
5.893395e+003,1.737700e+000
5.897251e+003,1.731988e+000
5.901108e+003,1.725704e+000
5.904965e+003,1.723243e+000
5.908822e+003,1.732335e+000
5.912679e+003,1.736589e+000
5.916536e+003,1.733648e+000
5.920393e+003,1.728885e+000
5.924250e+003,1.738247e+000
5.928106e+003,1.755001e+000
5.931964e+003,1.753762e+000
5.935820e+003,1.731292e+000
5.939678e+003,1.715672e+000
5.943534e+003,1.712569e+000
5.947392e+003,1.700403e+000
5.951248e+003,1.680230e+000
5.955105e+003,1.663303e+000
5.958962e+003,1.648611e+000
5.962819e+003,1.639333e+000
5.966676e+003,1.627095e+000
5.970533e+003,1.618020e+000
5.974390e+003,1.613883e+000
5.978247e+003,1.610136e+000
5.982104e+003,1.602859e+000
5.985961e+003,1.598552e+000
5.989817e+003,1.593388e+000
5.993675e+003,1.595509e+000
5.997531e+003,1.600594e+000
6.001389e+003,1.598368e+000
6.005245e+003,1.591688e+000
6.009103e+003,1.590666e+000
6.012959e+003,1.595587e+000
6.016816e+003,1.591187e+000
6.020673e+003,1.592074e+000
6.024530e+003,1.589556e+000
6.028387e+003,1.581210e+000
6.032244e+003,1.584835e+000
6.036101e+003,1.586509e+000
6.039958e+003,1.580512e+000
6.043814e+003,1.578890e+000
6.047672e+003,1.584603e+000
6.051528e+003,1.588407e+000
6.055386e+003,1.579739e+000
6.059242e+003,1.568145e+000
6.063100e+003,1.572689e+000
6.066956e+003,1.570448e+000
6.070813e+003,1.572369e+000
6.074670e+003,1.567509e+000
6.078527e+003,1.561786e+000
6.082384e+003,1.552543e+000
6.086241e+003,1.541556e+000
6.090098e+003,1.537071e+000
6.093955e+003,1.534290e+000
6.097812e+003,1.534544e+000
6.101669e+003,1.533554e+000
6.105525e+003,1.532544e+000
6.109383e+003,1.523324e+000
6.113239e+003,1.507931e+000
6.117097e+003,1.509173e+000
6.120953e+003,1.510107e+000
6.124811e+003,1.501724e+000
6.128667e+003,1.495555e+000
6.132524e+003,1.503346e+000
6.136381e+003,1.500109e+000
6.140238e+003,1.498843e+000
6.144095e+003,1.499902e+000
6.147952e+003,1.488954e+000
6.151809e+003,1.482907e+000
6.155666e+003,1.479878e+000
6.159522e+003,1.473975e+000
6.163380e+003,1.471955e+000
6.167236e+003,1.465918e+000
6.171094e+003,1.475555e+000
6.174950e+003,1.474225e+000
6.178808e+003,1.466235e+000
6.182664e+003,1.471896e+000
6.186521e+003,1.473100e+000
6.190378e+003,1.472991e+000
6.194235e+003,1.472715e+000
6.198092e+003,1.476886e+000
6.201949e+003,1.469597e+000
6.205806e+003,1.463580e+000
6.209663e+003,1.460962e+000
6.213520e+003,1.461255e+000
6.217377e+003,1.461497e+000
6.221233e+003,1.462955e+000
6.225091e+003,1.462638e+000
6.228947e+003,1.460863e+000
6.232805e+003,1.462634e+000
6.236661e+003,1.456604e+000
6.240519e+003,1.451240e+000
6.244375e+003,1.453326e+000
6.248232e+003,1.447686e+000
6.252089e+003,1.447228e+000
6.255946e+003,1.448072e+000
6.259803e+003,1.444783e+000
6.263660e+003,1.446820e+000
6.267517e+003,1.453374e+000
6.271374e+003,1.458228e+000
6.275230e+003,1.455821e+000
6.279088e+003,1.455589e+000
6.282944e+003,1.459069e+000
6.286802e+003,1.451777e+000
6.290658e+003,1.449898e+000
6.294516e+003,1.453784e+000
6.298372e+003,1.456134e+000
6.302229e+003,1.461140e+000
6.306086e+003,1.460302e+000
6.309943e+003,1.463556e+000
6.313800e+003,1.462431e+000
6.317657e+003,1.457127e+000
6.321514e+003,1.462531e+000
6.325371e+003,1.469008e+000
6.329228e+003,1.462988e+000
6.333085e+003,1.459819e+000
6.336941e+003,1.463635e+000
6.340799e+003,1.465424e+000
6.344655e+003,1.467271e+000
6.348513e+003,1.462214e+000
6.352369e+003,1.469271e+000
6.356227e+003,1.478070e+000
6.360083e+003,1.470391e+000
6.363940e+003,1.467789e+000
6.367797e+003,1.474460e+000
6.371654e+003,1.481262e+000
6.375511e+003,1.487088e+000
6.379368e+003,1.492853e+000
6.383225e+003,1.494360e+000
6.387082e+003,1.492345e+000
6.390938e+003,1.493816e+000
6.394796e+003,1.495593e+000
6.398652e+003,1.500385e+000
6.402510e+003,1.504994e+000
6.406366e+003,1.508275e+000
6.410224e+003,1.502905e+000
6.414080e+003,1.499759e+000
6.417938e+003,1.502947e+000
6.421794e+003,1.511950e+000
6.425651e+003,1.515464e+000
6.429508e+003,1.513705e+000
6.433365e+003,1.522818e+000
6.437222e+003,1.526586e+000
6.441079e+003,1.525084e+000
6.444936e+003,1.524147e+000
6.448793e+003,1.529383e+000
6.452649e+003,1.542349e+000
6.456507e+003,1.536728e+000
6.460363e+003,1.526540e+000
6.464221e+003,1.530559e+000
6.468077e+003,1.525716e+000
6.471935e+003,1.527394e+000
6.475791e+003,1.535244e+000
6.479648e+003,1.538069e+000
6.483505e+003,1.531807e+000
6.487362e+003,1.534035e+000
6.491219e+003,1.539970e+000
6.495076e+003,1.532191e+000
6.498933e+003,1.525862e+000
6.502790e+003,1.523270e+000
6.506646e+003,1.525296e+000
6.510504e+003,1.532554e+000
6.514360e+003,1.535756e+000
6.518218e+003,1.528500e+000
6.522074e+003,1.529256e+000
6.525932e+003,1.520905e+000
6.529788e+003,1.523337e+000
6.533646e+003,1.537750e+000
6.537502e+003,1.527846e+000
6.541359e+003,1.525730e+000
6.545216e+003,1.531729e+000
6.549073e+003,1.535872e+000
6.552930e+003,1.536548e+000
6.556787e+003,1.534014e+000
6.560644e+003,1.545690e+000
6.564501e+003,1.544655e+000
6.568357e+003,1.533500e+000
6.572215e+003,1.519991e+000
6.576071e+003,1.525766e+000
6.579929e+003,1.536671e+000
6.583785e+003,1.536445e+000
6.587643e+003,1.531401e+000
6.591499e+003,1.526111e+000
6.595356e+003,1.531806e+000
6.599213e+003,1.536192e+000
6.603070e+003,1.529806e+000
6.606927e+003,1.531369e+000
6.610784e+003,1.527268e+000
6.614641e+003,1.527507e+000
6.618498e+003,1.529620e+000
6.622354e+003,1.524476e+000
6.626212e+003,1.516746e+000
6.630068e+003,1.519473e+000
6.633926e+003,1.519549e+000
6.637782e+003,1.519220e+000
6.641640e+003,1.516294e+000
6.645496e+003,1.516242e+000
6.649354e+003,1.518234e+000
6.653210e+003,1.526400e+000
6.657067e+003,1.526645e+000
6.660924e+003,1.521002e+000
6.664781e+003,1.527482e+000
6.668638e+003,1.522250e+000
6.672495e+003,1.512505e+000
6.676352e+003,1.511879e+000
6.680209e+003,1.511011e+000
6.684065e+003,1.512929e+000
6.687923e+003,1.511276e+000
6.691779e+003,1.512921e+000
6.695637e+003,1.515439e+000
6.699493e+003,1.520961e+000
6.703351e+003,1.521985e+000
6.707207e+003,1.518691e+000
6.711064e+003,1.526333e+000
6.714921e+003,1.526887e+000
6.718778e+003,1.521533e+000
6.722635e+003,1.515886e+000
6.726492e+003,1.519731e+000
6.730349e+003,1.530095e+000
6.734206e+003,1.536953e+000
6.738063e+003,1.529966e+000
6.741920e+003,1.526794e+000
6.745776e+003,1.527964e+000
6.749634e+003,1.529421e+000
6.753490e+003,1.528359e+000
6.757348e+003,1.533015e+000
6.761204e+003,1.541451e+000
6.765062e+003,1.551749e+000
6.768918e+003,1.550436e+000
6.772775e+003,1.541798e+000
6.776632e+003,1.540378e+000
6.780489e+003,1.538036e+000
6.784346e+003,1.537560e+000
6.788203e+003,1.535416e+000
6.792060e+003,1.537731e+000
6.795917e+003,1.547373e+000
6.799773e+003,1.550148e+000
6.803631e+003,1.552762e+000
6.807487e+003,1.552069e+000
6.811345e+003,1.552575e+000
6.815201e+003,1.548583e+000
6.819059e+003,1.547684e+000
6.822915e+003,1.551382e+000
6.826772e+003,1.553218e+000
6.830629e+003,1.561806e+000
6.834486e+003,1.561916e+000
6.838343e+003,1.556970e+000
6.842200e+003,1.552583e+000
6.846057e+003,1.556816e+000
6.849914e+003,1.559583e+000
6.853771e+003,1.545611e+000
6.857628e+003,1.545513e+000
6.861484e+003,1.554582e+000
6.865342e+003,1.544419e+000
6.869198e+003,1.554266e+000
6.873056e+003,1.559682e+000
6.876912e+003,1.560093e+000
6.880770e+003,1.568830e+000
6.884626e+003,1.571755e+000
6.888483e+003,1.564837e+000
6.892340e+003,1.574616e+000
6.896197e+003,1.585066e+000
6.900054e+003,1.574796e+000
6.903911e+003,1.579535e+000
6.907768e+003,1.579681e+000
6.911625e+003,1.565845e+000
6.915481e+003,1.568787e+000
6.919339e+003,1.581988e+000
6.923195e+003,1.584964e+000
6.927053e+003,1.586907e+000
6.930909e+003,1.589779e+000
6.934767e+003,1.597541e+000
6.938623e+003,1.602496e+000
6.942480e+003,1.597580e+000
6.946337e+003,1.591772e+000
6.950194e+003,1.597928e+000
6.954051e+003,1.600207e+000
6.957908e+003,1.597764e+000
6.961765e+003,1.608311e+000
6.965622e+003,1.609870e+000
6.969479e+003,1.613310e+000
6.973336e+003,1.610365e+000
6.977192e+003,1.606102e+000
6.981050e+003,1.612301e+000
6.984906e+003,1.623814e+000
6.988764e+003,1.617986e+000
6.992620e+003,1.609455e+000
6.996478e+003,1.620389e+000
7.000334e+003,1.634820e+000
7.004191e+003,1.641391e+000
7.008048e+003,1.638166e+000
7.011905e+003,1.635472e+000
7.015762e+003,1.637173e+000
7.019619e+003,1.641389e+000
7.023476e+003,1.652982e+000
7.027333e+003,1.654378e+000
7.031189e+003,1.645816e+000
7.035047e+003,1.644880e+000
7.038903e+003,1.644290e+000
7.042761e+003,1.643020e+000
7.046617e+003,1.642887e+000
7.050475e+003,1.652343e+000
7.054331e+003,1.654410e+000
7.058188e+003,1.662912e+000
7.062045e+003,1.675580e+000
7.065902e+003,1.672490e+000
7.069759e+003,1.672532e+000
7.073616e+003,1.680504e+000
7.077473e+003,1.693179e+000
7.081330e+003,1.699448e+000
7.085187e+003,1.711158e+000
7.089044e+003,1.729227e+000
7.092900e+003,1.739494e+000
7.096758e+003,1.733008e+000
7.100614e+003,1.740361e+000
7.104472e+003,1.741129e+000
7.108328e+003,1.733607e+000
7.112186e+003,1.747350e+000
7.116042e+003,1.761129e+000
7.119899e+003,1.744796e+000
7.123756e+003,1.735797e+000
7.127613e+003,1.729828e+000
7.131470e+003,1.750328e+000
7.135327e+003,1.772944e+000
7.139184e+003,1.769276e+000
7.143041e+003,1.762628e+000
7.146897e+003,1.757611e+000
7.150755e+003,1.747679e+000
7.154611e+003,1.744163e+000
7.158469e+003,1.740041e+000
7.162325e+003,1.748654e+000
7.166183e+003,1.766815e+000
7.170039e+003,1.770850e+000
7.173896e+003,1.752902e+000
7.177753e+003,1.751755e+000
7.181610e+003,1.761739e+000
7.185467e+003,1.735736e+000
7.189324e+003,1.724670e+000
7.193181e+003,1.726186e+000
7.197038e+003,1.727334e+000
7.200895e+003,1.727019e+000
7.204752e+003,1.730384e+000
7.208608e+003,1.724453e+000
7.212466e+003,1.720974e+000
7.216322e+003,1.721190e+000
7.220180e+003,1.729592e+000
7.224036e+003,1.729383e+000
7.227894e+003,1.720132e+000
7.231750e+003,1.718088e+000
7.235607e+003,1.720032e+000
7.239464e+003,1.719164e+000
7.243321e+003,1.712185e+000
7.247178e+003,1.719051e+000
7.251035e+003,1.723153e+000
7.254892e+003,1.711639e+000
7.258749e+003,1.714531e+000
7.262605e+003,1.717574e+000
7.266463e+003,1.718685e+000
7.270319e+003,1.721192e+000
7.274177e+003,1.698466e+000
7.278033e+003,1.694245e+000
7.281891e+003,1.689579e+000
7.285747e+003,1.695655e+000
7.289604e+003,1.699133e+000
7.293461e+003,1.698140e+000
7.297318e+003,1.687337e+000
7.301175e+003,1.667400e+000
7.305032e+003,1.663767e+000
7.308889e+003,1.661067e+000
7.312746e+003,1.667892e+000
7.316603e+003,1.675022e+000
7.320460e+003,1.661225e+000
7.324316e+003,1.646658e+000
7.328174e+003,1.631963e+000
7.332030e+003,1.630376e+000
7.335888e+003,1.623491e+000
7.339744e+003,1.616020e+000
7.343602e+003,1.618018e+000
7.347458e+003,1.612414e+000
7.351315e+003,1.605817e+000
7.355172e+003,1.612033e+000
7.359029e+003,1.608073e+000
7.362886e+003,1.598335e+000
7.366743e+003,1.587602e+000
7.370600e+003,1.584158e+000
7.374457e+003,1.588104e+000
7.378313e+003,1.581814e+000
7.382171e+003,1.577248e+000
7.386027e+003,1.577677e+000
7.389885e+003,1.577450e+000
7.393741e+003,1.576478e+000
7.397599e+003,1.572676e+000
7.401455e+003,1.565717e+000
7.405313e+003,1.570843e+000
7.409169e+003,1.569231e+000
7.413026e+003,1.565504e+000
7.416883e+003,1.563416e+000
7.420740e+003,1.558156e+000
7.424597e+003,1.554023e+000
7.428454e+003,1.557366e+000
7.432311e+003,1.556526e+000
7.436168e+003,1.549237e+000
7.440024e+003,1.558677e+000
7.443882e+003,1.565305e+000
7.447738e+003,1.569233e+000
7.451596e+003,1.565959e+000
7.455452e+003,1.559930e+000
7.459310e+003,1.563389e+000
7.463166e+003,1.555471e+000
7.467023e+003,1.556430e+000
7.470880e+003,1.569405e+000
7.474737e+003,1.556957e+000
7.478594e+003,1.536691e+000
7.482451e+003,1.540567e+000
7.486308e+003,1.550494e+000
7.490165e+003,1.553306e+000
7.494021e+003,1.553319e+000
7.497879e+003,1.548935e+000
7.501735e+003,1.536700e+000
7.505593e+003,1.535381e+000
7.509449e+003,1.531680e+000
7.513307e+003,1.531265e+000
7.517163e+003,1.538997e+000
7.521021e+003,1.547014e+000
7.524877e+003,1.541561e+000
7.528734e+003,1.543193e+000
7.532591e+003,1.538676e+000
7.536448e+003,1.534120e+000
7.540305e+003,1.531730e+000
7.544162e+003,1.544130e+000
7.548019e+003,1.550095e+000
7.551876e+003,1.529693e+000
7.555732e+003,1.529102e+000
7.559590e+003,1.544736e+000
7.563446e+003,1.547476e+000
7.567304e+003,1.540879e+000
7.571160e+003,1.544058e+000
7.575018e+003,1.547207e+000
7.578874e+003,1.542332e+000
7.582731e+003,1.539109e+000
7.586588e+003,1.542269e+000
7.590445e+003,1.540708e+000
7.594302e+003,1.534891e+000
7.598159e+003,1.524318e+000
7.602016e+003,1.530645e+000
7.605873e+003,1.540973e+000
7.609729e+003,1.539596e+000
7.613587e+003,1.534523e+000
7.617443e+003,1.528805e+000
7.621301e+003,1.526318e+000
7.625157e+003,1.538390e+000
7.629015e+003,1.541874e+000
7.632871e+003,1.533945e+000
7.636729e+003,1.538664e+000
7.640585e+003,1.533876e+000
7.644442e+003,1.522802e+000
7.648299e+003,1.526751e+000
7.652156e+003,1.535288e+000
7.656013e+003,1.540557e+000
7.659870e+003,1.539744e+000
7.663727e+003,1.530033e+000
7.667584e+003,1.531893e+000
7.671440e+003,1.544035e+000
7.675298e+003,1.553730e+000
7.679154e+003,1.544871e+000
7.683012e+003,1.534762e+000
7.686868e+003,1.535060e+000
7.690726e+003,1.547487e+000
7.694582e+003,1.553814e+000
7.698439e+003,1.540025e+000
7.702296e+003,1.541385e+000
7.706153e+003,1.546999e+000
7.710010e+003,1.540509e+000
7.713867e+003,1.543545e+000
7.717724e+003,1.546110e+000
7.721581e+003,1.551361e+000
7.725438e+003,1.546648e+000
7.729295e+003,1.544226e+000
7.733151e+003,1.545234e+000
7.737009e+003,1.546683e+000
7.740865e+003,1.541376e+000
7.744723e+003,1.535246e+000
7.748579e+003,1.532396e+000
7.752437e+003,1.543521e+000
7.756293e+003,1.543848e+000
7.760150e+003,1.540041e+000
7.764007e+003,1.551258e+000
7.767864e+003,1.556016e+000
7.771721e+003,1.554841e+000
7.775578e+003,1.542207e+000
7.779435e+003,1.529397e+000
7.783292e+003,1.532853e+000
7.787148e+003,1.551784e+000
7.791006e+003,1.550975e+000
7.794862e+003,1.536077e+000
7.798720e+003,1.532222e+000
7.802576e+003,1.535103e+000
7.806434e+003,1.537697e+000
7.810290e+003,1.538304e+000
7.814147e+003,1.540051e+000
7.818004e+003,1.547014e+000
7.821861e+003,1.552464e+000
7.825718e+003,1.553218e+000
7.829575e+003,1.558725e+000
7.833432e+003,1.550365e+000
7.837289e+003,1.541600e+000
7.841146e+003,1.532602e+000
7.845003e+003,1.535189e+000
7.848859e+003,1.540753e+000
7.852717e+003,1.539391e+000
7.856573e+003,1.539431e+000
7.860431e+003,1.541441e+000
7.864287e+003,1.543299e+000
7.868145e+003,1.553184e+000
7.872001e+003,1.554207e+000
7.875858e+003,1.541937e+000
7.879715e+003,1.535166e+000
7.883572e+003,1.539788e+000
7.887429e+003,1.541373e+000
7.891286e+003,1.533261e+000
7.895143e+003,1.534804e+000
7.899000e+003,1.537981e+000
7.902856e+003,1.538137e+000
7.906714e+003,1.542442e+000
7.910570e+003,1.551285e+000
7.914428e+003,1.545056e+000
7.918284e+003,1.537417e+000
7.922142e+003,1.540094e+000
7.925998e+003,1.550584e+000
7.929855e+003,1.547522e+000
7.933712e+003,1.531921e+000
7.937569e+003,1.526639e+000
7.941426e+003,1.540981e+000
7.945283e+003,1.542775e+000
7.949140e+003,1.532422e+000
7.952997e+003,1.548789e+000
7.956854e+003,1.544532e+000
7.960711e+003,1.533662e+000
7.964567e+003,1.535359e+000
7.968425e+003,1.534656e+000
7.972281e+003,1.532764e+000
7.976139e+003,1.535488e+000
7.979995e+003,1.546701e+000
7.983853e+003,1.543937e+000
7.987709e+003,1.546809e+000
7.991566e+003,1.542676e+000
7.995423e+003,1.545417e+000
7.999280e+003,1.538832e+000
8.003137e+003,1.535714e+000
8.006994e+003,1.544752e+000
8.010851e+003,1.545106e+000
8.014708e+003,1.549138e+000
8.018564e+003,1.546098e+000
8.022422e+003,1.547405e+000
8.026278e+003,1.552699e+000
8.030136e+003,1.538738e+000
8.033992e+003,1.545071e+000
8.037850e+003,1.562339e+000
8.041706e+003,1.542791e+000
8.045563e+003,1.540013e+000
8.049420e+003,1.547831e+000
8.053277e+003,1.544499e+000
8.057134e+003,1.540552e+000
8.060991e+003,1.538044e+000
8.064848e+003,1.539283e+000
8.068705e+003,1.533227e+000
8.072562e+003,1.534512e+000
8.076419e+003,1.534793e+000
8.080275e+003,1.529152e+000
8.084133e+003,1.534541e+000
8.087989e+003,1.546759e+000
8.091847e+003,1.533762e+000
8.095703e+003,1.537123e+000
8.099561e+003,1.547327e+000
8.103417e+003,1.537111e+000
8.107274e+003,1.536037e+000
8.111131e+003,1.541786e+000
8.114988e+003,1.549703e+000
8.118845e+003,1.541922e+000
8.122702e+003,1.527121e+000
8.126559e+003,1.522291e+000
8.130416e+003,1.525930e+000
8.134272e+003,1.534808e+000
8.138130e+003,1.545769e+000
8.141986e+003,1.546552e+000
8.145844e+003,1.543889e+000
8.149700e+003,1.538124e+000
8.153558e+003,1.532541e+000
8.157414e+003,1.541672e+000
8.161271e+003,1.544800e+000
8.165128e+003,1.543743e+000
8.168985e+003,1.538418e+000
8.172842e+003,1.534733e+000
8.176699e+003,1.533749e+000
8.180556e+003,1.541289e+000
8.184413e+003,1.552968e+000
8.188270e+003,1.559488e+000
8.192127e+003,1.569281e+000
8.195983e+003,1.576102e+000
8.199841e+003,1.565099e+000
8.203697e+003,1.565869e+000
8.207555e+003,1.575455e+000
8.211411e+003,1.569469e+000
8.215269e+003,1.572208e+000
8.219125e+003,1.572702e+000
8.222982e+003,1.574305e+000
8.226839e+003,1.576870e+000
8.230696e+003,1.579175e+000
8.234553e+003,1.571714e+000
8.238410e+003,1.559000e+000
8.242267e+003,1.556123e+000
8.246124e+003,1.555443e+000
8.249980e+003,1.559783e+000
8.253838e+003,1.569481e+000
8.257694e+003,1.569799e+000
8.261552e+003,1.571547e+000
8.265408e+003,1.555574e+000
8.269266e+003,1.546448e+000
8.273122e+003,1.556971e+000
8.276979e+003,1.559487e+000
8.280836e+003,1.557553e+000
8.284693e+003,1.574307e+000
8.288550e+003,1.567529e+000
8.292407e+003,1.560066e+000
8.296264e+003,1.563716e+000
8.300121e+003,1.573114e+000
8.303978e+003,1.580121e+000
8.307835e+003,1.569129e+000
8.311691e+003,1.563302e+000
8.315549e+003,1.566029e+000
8.319405e+003,1.565285e+000
8.323263e+003,1.579154e+000
8.327119e+003,1.584876e+000
8.330977e+003,1.570370e+000
8.334833e+003,1.586119e+000
8.338690e+003,1.612345e+000
8.342547e+003,1.610033e+000
8.346404e+003,1.600245e+000
8.350261e+003,1.596510e+000
8.354118e+003,1.599543e+000
8.357975e+003,1.614677e+000
8.361832e+003,1.629133e+000
8.365688e+003,1.647324e+000
8.369546e+003,1.646653e+000
8.373402e+003,1.655230e+000
8.377260e+003,1.665727e+000
8.381116e+003,1.674801e+000
8.384974e+003,1.680495e+000
8.388830e+003,1.687936e+000
8.392688e+003,1.702588e+000
8.396544e+003,1.725865e+000
8.400401e+003,1.734871e+000
8.404258e+003,1.731010e+000
8.408115e+003,1.709716e+000
8.411972e+003,1.727554e+000
8.415829e+003,1.766549e+000
8.419686e+003,1.764225e+000
8.423543e+003,1.746770e+000
8.427399e+003,1.732122e+000
8.431257e+003,1.738931e+000
8.435113e+003,1.730800e+000
8.438971e+003,1.743115e+000
8.442827e+003,1.747308e+000
8.446685e+003,1.748175e+000
8.450541e+003,1.767898e+000
8.454398e+003,1.747959e+000
8.458255e+003,1.735936e+000
8.462112e+003,1.722293e+000
8.465969e+003,1.715528e+000
8.469826e+003,1.714298e+000
8.473683e+003,1.722443e+000
8.477540e+003,1.722309e+000
8.481396e+003,1.729909e+000
8.485254e+003,1.717407e+000
8.489110e+003,1.710407e+000
8.492968e+003,1.681621e+000
8.496824e+003,1.660957e+000
8.500682e+003,1.662920e+000
8.504538e+003,1.650034e+000
8.508396e+003,1.661866e+000
8.512252e+003,1.654740e+000
8.516109e+003,1.658907e+000
8.519966e+003,1.646368e+000
8.523823e+003,1.628051e+000
8.527680e+003,1.627810e+000
8.531537e+003,1.648032e+000
8.535394e+003,1.648474e+000
8.539251e+003,1.631554e+000
8.543107e+003,1.624679e+000
8.546965e+003,1.619134e+000
8.550821e+003,1.598800e+000
8.554679e+003,1.584239e+000
8.558535e+003,1.580744e+000
8.562393e+003,1.591916e+000
8.566249e+003,1.612133e+000
8.570106e+003,1.607454e+000
8.573963e+003,1.601241e+000
8.577820e+003,1.603459e+000
8.581677e+003,1.602834e+000
8.585534e+003,1.611711e+000
8.589391e+003,1.621214e+000
8.593248e+003,1.609493e+000
8.597104e+003,1.613366e+000
8.600962e+003,1.629193e+000
8.604818e+003,1.605380e+000
8.608676e+003,1.617301e+000
8.612532e+003,1.613609e+000
8.616390e+003,1.603771e+000
8.620246e+003,1.617653e+000
8.624104e+003,1.607565e+000
8.627960e+003,1.586631e+000
8.631817e+003,1.599966e+000
8.635674e+003,1.624544e+000
8.639531e+003,1.604468e+000
8.643388e+003,1.591498e+000
8.647245e+003,1.590870e+000
8.651102e+003,1.600231e+000
8.654959e+003,1.622560e+000
8.658815e+003,1.620289e+000
8.662673e+003,1.613224e+000
8.666529e+003,1.610878e+000
8.670387e+003,1.604319e+000
8.674243e+003,1.594243e+000
8.678101e+003,1.607825e+000
8.681957e+003,1.627592e+000
8.685814e+003,1.612599e+000
8.689671e+003,1.605469e+000
8.693528e+003,1.605889e+000
8.697385e+003,1.601317e+000
8.701242e+003,1.610778e+000
8.705099e+003,1.617312e+000
8.708956e+003,1.592659e+000
8.712813e+003,1.572644e+000
8.716670e+003,1.577547e+000
8.720526e+003,1.590025e+000
8.724384e+003,1.595654e+000
8.728240e+003,1.586079e+000
8.732098e+003,1.574191e+000
8.735954e+003,1.566786e+000
8.739812e+003,1.567370e+000
8.743668e+003,1.565325e+000
8.747525e+003,1.560693e+000
8.751382e+003,1.573590e+000
8.755239e+003,1.587012e+000
8.759096e+003,1.564253e+000
8.762953e+003,1.549097e+000
8.766810e+003,1.554402e+000
8.770667e+003,1.557273e+000
8.774523e+003,1.560732e+000
8.778381e+003,1.565622e+000
8.782237e+003,1.555948e+000
8.786095e+003,1.543939e+000
8.789951e+003,1.549364e+000
8.793809e+003,1.555537e+000
8.797665e+003,1.561862e+000
8.801522e+003,1.561370e+000
8.805379e+003,1.554402e+000
8.809236e+003,1.532270e+000
8.813093e+003,1.528488e+000
8.816950e+003,1.544613e+000
8.820807e+003,1.567181e+000
8.824664e+003,1.565717e+000
8.828521e+003,1.532628e+000
8.832378e+003,1.516107e+000
8.836234e+003,1.527186e+000
8.840092e+003,1.543952e+000
8.843948e+003,1.551571e+000
8.847806e+003,1.536389e+000
8.851662e+003,1.528448e+000
8.855520e+003,1.552090e+000
8.859376e+003,1.545830e+000
8.863233e+003,1.533734e+000
8.867090e+003,1.528289e+000
8.870947e+003,1.531670e+000
8.874804e+003,1.533670e+000
8.878661e+003,1.530145e+000
8.882518e+003,1.547756e+000
8.886375e+003,1.545764e+000
8.890231e+003,1.530397e+000
8.894089e+003,1.530280e+000
8.897945e+003,1.553366e+000
8.901803e+003,1.555975e+000
8.905659e+003,1.547822e+000
8.909517e+003,1.545172e+000
8.913373e+003,1.540374e+000
8.917230e+003,1.530144e+000
8.921087e+003,1.521377e+000
8.924944e+003,1.546399e+000
8.928801e+003,1.565216e+000
8.932658e+003,1.556130e+000
8.936515e+003,1.535563e+000
8.940372e+003,1.537172e+000
8.944229e+003,1.528030e+000
8.948086e+003,1.517863e+000
8.951942e+003,1.517863e+000
8.955800e+003,1.538713e+000
8.959656e+003,1.551538e+000
8.963514e+003,1.544696e+000
8.967370e+003,1.518430e+000
8.971228e+003,1.505193e+000
8.975084e+003,1.517346e+000
8.978941e+003,1.528490e+000
8.982798e+003,1.546253e+000
8.986655e+003,1.552217e+000
8.990512e+003,1.535940e+000
8.994369e+003,1.533487e+000
8.998226e+003,1.540362e+000
9.002083e+003,1.532664e+000
9.005939e+003,1.534619e+000
9.009797e+003,1.560379e+000
9.013653e+003,1.551365e+000
9.017511e+003,1.531828e+000
9.021367e+003,1.526704e+000
9.025225e+003,1.531500e+000
9.029081e+003,1.532004e+000
9.032938e+003,1.532318e+000
9.036795e+003,1.524534e+000
9.040652e+003,1.517593e+000
9.044509e+003,1.530364e+000
9.048366e+003,1.525021e+000
9.052223e+003,1.526749e+000
9.056080e+003,1.533906e+000
9.059937e+003,1.535843e+000
9.063794e+003,1.530183e+000
9.067650e+003,1.529163e+000
9.071508e+003,1.534640e+000
9.075364e+003,1.531462e+000
9.079222e+003,1.529299e+000
9.083078e+003,1.529195e+000
9.086936e+003,1.527237e+000
9.090792e+003,1.535620e+000
9.094649e+003,1.549155e+000
9.098506e+003,1.551613e+000
9.102363e+003,1.541287e+000
9.106220e+003,1.535242e+000
9.110077e+003,1.538364e+000
9.113934e+003,1.538065e+000
9.117791e+003,1.526485e+000
9.121647e+003,1.532134e+000
9.125505e+003,1.541858e+000
9.129361e+003,1.525383e+000
9.133219e+003,1.531343e+000
9.137075e+003,1.559296e+000
9.140933e+003,1.561412e+000
9.144789e+003,1.558299e+000
9.148646e+003,1.533390e+000
9.152503e+003,1.525632e+000
9.156360e+003,1.514851e+000
9.160217e+003,1.516410e+000
9.164074e+003,1.541872e+000
9.167931e+003,1.555850e+000
9.171788e+003,1.550407e+000
9.175645e+003,1.559811e+000
9.179502e+003,1.541156e+000
9.183358e+003,1.534827e+000
9.187216e+003,1.533184e+000
9.191072e+003,1.547634e+000
9.194930e+003,1.556863e+000
9.198786e+003,1.572519e+000
9.202644e+003,1.581186e+000
9.206500e+003,1.565375e+000
9.210357e+003,1.540562e+000
9.214214e+003,1.535094e+000
9.218071e+003,1.541164e+000
9.221928e+003,1.554590e+000
9.225785e+003,1.559611e+000
9.229642e+003,1.541482e+000
9.233499e+003,1.546131e+000
9.237355e+003,1.540423e+000
9.241213e+003,1.523339e+000
9.245069e+003,1.536607e+000
9.248927e+003,1.545696e+000
9.252783e+003,1.542212e+000
9.256641e+003,1.535268e+000
9.260497e+003,1.530690e+000
9.264354e+003,1.516791e+000
9.268211e+003,1.520678e+000
9.272068e+003,1.533177e+000
9.275925e+003,1.533229e+000
9.279782e+003,1.536149e+000
9.283639e+003,1.531044e+000
9.287496e+003,1.515236e+000
9.291353e+003,1.536693e+000
9.295210e+003,1.540291e+000
9.299066e+003,1.548542e+000
9.302924e+003,1.572998e+000
9.306780e+003,1.555466e+000
9.310638e+003,1.534683e+000
9.314494e+003,1.512692e+000
9.318352e+003,1.516142e+000
9.322208e+003,1.526206e+000
9.326065e+003,1.541343e+000
9.329922e+003,1.537460e+000
9.333779e+003,1.527005e+000
9.337636e+003,1.537229e+000
9.341493e+003,1.533983e+000
9.345350e+003,1.511123e+000
9.349207e+003,1.525840e+000
9.353063e+003,1.549920e+000
9.356921e+003,1.549249e+000
9.360777e+003,1.535521e+000
9.364635e+003,1.535644e+000
9.368491e+003,1.547022e+000
9.372349e+003,1.545073e+000
9.376205e+003,1.532891e+000
9.380063e+003,1.542496e+000
9.383919e+003,1.555639e+000
9.387776e+003,1.564036e+000
9.391633e+003,1.545678e+000
9.395490e+003,1.540602e+000
9.399347e+003,1.538492e+000
9.403204e+003,1.518794e+000
9.407061e+003,1.514976e+000
9.410918e+003,1.536838e+000
9.414774e+003,1.537772e+000
9.418632e+003,1.534940e+000
9.422488e+003,1.540882e+000
9.426346e+003,1.535539e+000
9.430202e+003,1.528136e+000
9.434060e+003,1.532325e+000
9.437916e+003,1.527669e+000
9.441773e+003,1.511474e+000
9.445630e+003,1.513686e+000
9.449487e+003,1.522551e+000
9.453344e+003,1.537763e+000
9.457201e+003,1.548206e+000
9.461058e+003,1.534739e+000
9.464915e+003,1.527562e+000
9.468771e+003,1.505903e+000
9.472629e+003,1.507705e+000
9.476485e+003,1.512763e+000
9.480343e+003,1.526133e+000
9.484199e+003,1.523291e+000
9.488057e+003,1.532051e+000
9.491913e+003,1.549255e+000
9.495771e+003,1.546986e+000
9.499627e+003,1.526007e+000
9.503484e+003,1.520409e+000
9.507341e+003,1.537477e+000
9.511198e+003,1.515296e+000
9.515055e+003,1.509215e+000
9.518912e+003,1.519101e+000
9.522769e+003,1.521790e+000
9.526626e+003,1.522013e+000
9.530482e+003,1.529429e+000
9.534340e+003,1.527231e+000
9.538196e+003,1.546624e+000
9.542054e+003,1.540524e+000
9.545910e+003,1.522543e+000
9.549768e+003,1.524675e+000
9.553624e+003,1.529433e+000
9.557481e+003,1.524026e+000
9.561338e+003,1.509658e+000
9.565195e+003,1.520852e+000
9.569052e+003,1.556634e+000
9.572909e+003,1.560705e+000
9.576766e+003,1.543270e+000
9.580623e+003,1.521227e+000
9.584479e+003,1.524835e+000
9.588337e+003,1.535303e+000
9.592193e+003,1.532501e+000
9.596051e+003,1.507281e+000
9.599907e+003,1.496375e+000
9.603765e+003,1.521900e+000
9.607621e+003,1.530694e+000
9.611479e+003,1.528888e+000
9.615335e+003,1.544248e+000
9.619192e+003,1.546893e+000
9.623049e+003,1.522828e+000
9.626906e+003,1.517491e+000
9.630763e+003,1.517277e+000
9.634620e+003,1.517861e+000
9.638477e+003,1.521371e+000
9.642334e+003,1.535431e+000
9.646190e+003,1.548893e+000
9.650048e+003,1.544010e+000
9.653904e+003,1.538240e+000
9.657762e+003,1.530184e+000
9.661618e+003,1.519715e+000
9.665476e+003,1.520867e+000
9.669332e+003,1.534678e+000
9.673189e+003,1.538237e+000
9.677046e+003,1.548359e+000
9.680903e+003,1.544510e+000
9.684760e+003,1.535443e+000
9.688617e+003,1.516282e+000
9.692474e+003,1.520705e+000
9.696331e+003,1.536607e+000
9.700188e+003,1.542013e+000
9.704045e+003,1.526132e+000
9.707901e+003,1.522662e+000
9.711759e+003,1.546284e+000
9.715615e+003,1.590996e+000
9.719473e+003,1.584189e+000
9.723329e+003,1.583783e+000
9.727187e+003,1.540942e+000
9.731043e+003,1.523606e+000
9.734900e+003,1.535336e+000
9.738757e+003,1.550113e+000
9.742614e+003,1.565171e+000
9.746471e+003,1.577976e+000
9.750328e+003,1.588387e+000
9.754185e+003,1.572816e+000
9.758042e+003,1.551147e+000
9.761898e+003,1.551385e+000
9.765756e+003,1.561313e+000
9.769612e+003,1.562360e+000
9.773470e+003,1.545451e+000
9.777326e+003,1.532393e+000
9.781184e+003,1.571255e+000
9.785040e+003,1.583526e+000
9.788897e+003,1.554842e+000
9.792754e+003,1.536696e+000
9.796611e+003,1.520964e+000
9.800468e+003,1.521324e+000
9.804325e+003,1.531770e+000
9.808182e+003,1.559443e+000
9.812039e+003,1.559320e+000
9.815896e+003,1.555904e+000
9.819753e+003,1.559692e+000
9.823609e+003,1.553817e+000
9.827467e+003,1.537363e+000
9.831323e+003,1.536482e+000
9.835181e+003,1.539658e+000
9.839037e+003,1.545761e+000
9.842895e+003,1.547897e+000
9.846751e+003,1.569706e+000
9.850608e+003,1.561067e+000
9.854465e+003,1.548721e+000
9.858322e+003,1.525172e+000
9.862179e+003,1.525968e+000
9.866036e+003,1.565390e+000
9.869893e+003,1.551087e+000
9.873750e+003,1.528294e+000
9.877606e+003,1.535121e+000
9.881464e+003,1.536951e+000
9.885320e+003,1.537717e+000
9.889178e+003,1.547249e+000
9.893034e+003,1.550896e+000
9.896892e+003,1.543143e+000
9.900748e+003,1.552899e+000
9.904605e+003,1.549687e+000
9.908462e+003,1.546415e+000
9.912319e+003,1.547779e+000
9.916176e+003,1.544000e+000
9.920033e+003,1.532655e+000
9.923890e+003,1.532382e+000
9.927747e+003,1.537786e+000
9.931604e+003,1.522019e+000
9.935461e+003,1.530317e+000
9.939317e+003,1.551800e+000
9.943175e+003,1.516219e+000
9.947031e+003,1.508964e+000
9.950889e+003,1.524750e+000
9.954745e+003,1.553230e+000
9.958603e+003,1.535496e+000
9.962459e+003,1.537061e+000
9.966316e+003,1.553823e+000
9.970173e+003,1.587427e+000
9.974030e+003,1.567716e+000
9.977887e+003,1.534369e+000
9.981744e+003,1.542734e+000
9.985601e+003,1.559594e+000
9.989458e+003,1.574559e+000
9.993314e+003,1.547749e+000
9.997172e+003,1.525904e+000
1.000103e+004,1.525600e+000
