3.999640e+003,1.184072e+000
4.003497e+003,1.664992e+000
4.007354e+003,6.000000e+000
4.011211e+003,1.508412e+000
4.015068e+003,1.181139e+000
4.018925e+003,1.373752e+000
4.022781e+003,6.000000e+000
4.026638e+003,1.714454e+000
4.030495e+003,1.551389e+000
4.034352e+003,1.391378e+000
4.038209e+003,2.274791e+000
4.042066e+003,2.485094e+000
4.045923e+003,6.000000e+000
4.049780e+003,6.000000e+000
4.053637e+003,1.555520e+000
4.057494e+003,6.000000e+000
4.061351e+003,1.512873e+000
4.065208e+003,9.442526e-001
4.069065e+003,9.270775e-001
4.072922e+003,1.209105e+000
4.076779e+003,1.266268e+000
4.080635e+003,6.000000e+000
4.084492e+003,6.000000e+000
4.088349e+003,2.748267e+000
4.092206e+003,6.000000e+000
4.096063e+003,1.661537e+000
4.099920e+003,1.471471e+000
4.103777e+003,1.251567e+000
4.107634e+003,1.147998e+000
4.111491e+003,1.424201e+000
4.115348e+003,1.472569e+000
4.119205e+003,1.365943e+000
4.123062e+003,1.493398e+000
4.126919e+003,1.736997e+000
4.130775e+003,1.488199e+000
4.134633e+003,1.412405e+000
4.138489e+003,1.772078e+000
4.142347e+003,2.024073e+000
4.146203e+003,1.596411e+000
4.150061e+003,1.254978e+000
4.153917e+003,1.255508e+000
4.157774e+003,1.387474e+000
4.161631e+003,1.429118e+000
4.165488e+003,1.493910e+000
4.169345e+003,2.077817e+000
4.173202e+003,2.498953e+000
4.177059e+003,1.789232e+000
4.180916e+003,1.634682e+000
4.184772e+003,1.611220e+000
4.188630e+003,1.513388e+000
4.192486e+003,1.445081e+000
4.196344e+003,1.460242e+000
4.200200e+003,1.458049e+000
4.204058e+003,1.522363e+000
4.207914e+003,1.555203e+000
4.211771e+003,1.651146e+000
4.215628e+003,1.678703e+000
4.219485e+003,1.706996e+000
4.223342e+003,1.786831e+000
4.227199e+003,1.719137e+000
4.231056e+003,1.762336e+000
4.234913e+003,1.650386e+000
4.238770e+003,1.621056e+000
4.242627e+003,1.726944e+000
4.246483e+003,1.793344e+000
4.250341e+003,1.748897e+000
4.254197e+003,1.739521e+000
4.258055e+003,1.904332e+000
4.261911e+003,1.726086e+000
4.265769e+003,1.650553e+000
4.269625e+003,1.671494e+000
4.273482e+003,1.729662e+000
4.277339e+003,1.705141e+000
4.281196e+003,1.683000e+000
4.285053e+003,1.657592e+000
4.288910e+003,1.596572e+000
4.292767e+003,1.661259e+000
4.296624e+003,1.735710e+000
4.300480e+003,1.711685e+000
4.304338e+003,1.721939e+000
4.308194e+003,1.759807e+000
4.312052e+003,1.754769e+000
4.315908e+003,1.727640e+000
4.319766e+003,1.692558e+000
4.323622e+003,1.679147e+000
4.327479e+003,1.677916e+000
4.331336e+003,1.683739e+000
4.335193e+003,1.667590e+000
4.339050e+003,1.660918e+000
4.342907e+003,1.656989e+000
4.346764e+003,1.652717e+000
4.350621e+003,1.656968e+000
4.354478e+003,1.670714e+000
4.358335e+003,1.709974e+000
4.362191e+003,1.750800e+000
4.366049e+003,1.653562e+000
4.369905e+003,1.620342e+000
4.373763e+003,1.655814e+000
4.377619e+003,1.702319e+000
4.381477e+003,1.622319e+000
4.385333e+003,1.631179e+000
4.389190e+003,1.655941e+000
4.393047e+003,1.622770e+000
4.396904e+003,1.633958e+000
4.400761e+003,1.727343e+000
4.404618e+003,1.776915e+000
4.408475e+003,1.762057e+000
4.412332e+003,1.697080e+000
4.416188e+003,1.695212e+000
4.420046e+003,1.734626e+000
4.423902e+003,1.731865e+000
4.427760e+003,1.786101e+000
4.431616e+003,1.764050e+000
4.435474e+003,1.679802e+000
4.439330e+003,1.695844e+000
4.443188e+003,1.692764e+000
4.447044e+003,1.735021e+000
4.450901e+003,1.717384e+000
4.454758e+003,1.699677e+000
4.458615e+003,1.710264e+000
4.462472e+003,1.768165e+000
4.466329e+003,1.806820e+000
4.470186e+003,1.812131e+000
4.474043e+003,1.752649e+000
4.477899e+003,1.719481e+000
4.481757e+003,1.730041e+000
4.485613e+003,1.762718e+000
4.489471e+003,1.722217e+000
4.493327e+003,1.759507e+000
4.497185e+003,1.810362e+000
4.501041e+003,1.800874e+000
4.504898e+003,1.784261e+000
4.508755e+003,1.771252e+000
4.512612e+003,1.800015e+000
4.516469e+003,1.794792e+000
4.520326e+003,1.769705e+000
4.524183e+003,1.786403e+000
4.528040e+003,1.767319e+000
4.531896e+003,1.772523e+000
4.535754e+003,1.716370e+000
4.539610e+003,1.731221e+000
4.543468e+003,1.767783e+000
4.547324e+003,1.750548e+000
4.551182e+003,1.722388e+000
4.555038e+003,1.715940e+000
4.558896e+003,1.739657e+000
4.562752e+003,1.744035e+000
4.566609e+003,1.722749e+000
4.570466e+003,1.714189e+000
4.574323e+003,1.671287e+000
4.578180e+003,1.672522e+000
4.582037e+003,1.681411e+000
4.585894e+003,1.655152e+000
4.589751e+003,1.662217e+000
4.593607e+003,1.658404e+000
4.597465e+003,1.651112e+000
4.601321e+003,1.644716e+000
4.605179e+003,1.627270e+000
4.609035e+003,1.622565e+000
4.612893e+003,1.621448e+000
4.616749e+003,1.607192e+000
4.620606e+003,1.617597e+000
4.624463e+003,1.612018e+000
4.628320e+003,1.601217e+000
4.632177e+003,1.587048e+000
4.636034e+003,1.579421e+000
4.639891e+003,1.573279e+000
4.643748e+003,1.577733e+000
4.647604e+003,1.585313e+000
4.651462e+003,1.591840e+000
4.655318e+003,1.570627e+000
4.659176e+003,1.536929e+000
4.663032e+003,1.541960e+000
4.666890e+003,1.549058e+000
4.670746e+003,1.533446e+000
4.674604e+003,1.518637e+000
4.678460e+003,1.523410e+000
4.682317e+003,1.508937e+000
4.686174e+003,1.496394e+000
4.690031e+003,1.500417e+000
4.693888e+003,1.510857e+000
4.697745e+003,1.511931e+000
4.701602e+003,1.496966e+000
4.705459e+003,1.479311e+000
4.709315e+003,1.481111e+000
4.713173e+003,1.496322e+000
4.717029e+003,1.491642e+000
4.720887e+003,1.483512e+000
4.724743e+003,1.468955e+000
4.728601e+003,1.458163e+000
4.732457e+003,1.446746e+000
4.736314e+003,1.454717e+000
4.740171e+003,1.474242e+000
4.744028e+003,1.468961e+000
4.747885e+003,1.453557e+000
4.751742e+003,1.459211e+000
4.755599e+003,1.455535e+000
4.759456e+003,1.449289e+000
4.763313e+003,1.451813e+000
4.767170e+003,1.457679e+000
4.771026e+003,1.460230e+000
4.774884e+003,1.462428e+000
4.778740e+003,1.456835e+000
4.782598e+003,1.466297e+000
4.786454e+003,1.471398e+000
4.790312e+003,1.476697e+000
4.794168e+003,1.476572e+000
4.798025e+003,1.481237e+000
4.801882e+003,1.484822e+000
4.805739e+003,1.483959e+000
4.809596e+003,1.488468e+000
4.813453e+003,1.488456e+000
4.817310e+003,1.484433e+000
4.821167e+003,1.499558e+000
4.825023e+003,1.498514e+000
4.828881e+003,1.495616e+000
4.832737e+003,1.510520e+000
4.836595e+003,1.512592e+000
4.840451e+003,1.519101e+000
4.844309e+003,1.526672e+000
4.848165e+003,1.540321e+000
4.852022e+003,1.547895e+000
4.855879e+003,1.543459e+000
4.859736e+003,1.547805e+000
4.863593e+003,1.553681e+000
4.867450e+003,1.566769e+000
4.871307e+003,1.572334e+000
4.875164e+003,1.578153e+000
4.879021e+003,1.582797e+000
4.882878e+003,1.573212e+000
4.886734e+003,1.570639e+000
4.890592e+003,1.583683e+000
4.894448e+003,1.597258e+000
4.898306e+003,1.604471e+000
4.902162e+003,1.602274e+000
4.906020e+003,1.611145e+000
4.909876e+003,1.605747e+000
4.913733e+003,1.611288e+000
4.917590e+003,1.620965e+000
4.921447e+003,1.614276e+000
4.925304e+003,1.622355e+000
4.929161e+003,1.631771e+000
4.933018e+003,1.627045e+000
4.936875e+003,1.628570e+000
4.940731e+003,1.621498e+000
4.944589e+003,1.628249e+000
4.948445e+003,1.640470e+000
4.952303e+003,1.643596e+000
4.956159e+003,1.645768e+000
4.960017e+003,1.648979e+000
4.963873e+003,1.650998e+000
4.967730e+003,1.651791e+000
4.971587e+003,1.646389e+000
4.975444e+003,1.646950e+000
4.979301e+003,1.642918e+000
4.983158e+003,1.644108e+000
4.987015e+003,1.646861e+000
4.990872e+003,1.651832e+000
4.994729e+003,1.663084e+000
4.998586e+003,1.665015e+000
5.002442e+003,1.657127e+000
5.006300e+003,1.653138e+000
5.010156e+003,1.658275e+000
5.014014e+003,1.661212e+000
5.017870e+003,1.664202e+000
5.021728e+003,1.661260e+000
5.025584e+003,1.660840e+000
5.029441e+003,1.659114e+000
5.033298e+003,1.663358e+000
5.037155e+003,1.661840e+000
5.041012e+003,1.665059e+000
5.044869e+003,1.671613e+000
5.048726e+003,1.666250e+000
5.052583e+003,1.661620e+000
5.056439e+003,1.656875e+000
5.060297e+003,1.654238e+000
5.064153e+003,1.662743e+000
5.068011e+003,1.670685e+000
5.071867e+003,1.670975e+000
5.075725e+003,1.672840e+000
5.079581e+003,1.677355e+000
5.083438e+003,1.675309e+000
5.087295e+003,1.676759e+000
5.091152e+003,1.659049e+000
5.095009e+003,1.639082e+000
5.098866e+003,1.631550e+000
5.102723e+003,1.643235e+000
5.106580e+003,1.647837e+000
5.110437e+003,1.635466e+000
5.114294e+003,1.622395e+000
5.118150e+003,1.623014e+000
5.122008e+003,1.629429e+000
5.125864e+003,1.629049e+000
5.129722e+003,1.621881e+000
5.133578e+003,1.622918e+000
5.137436e+003,1.619569e+000
5.141292e+003,1.624058e+000
5.145149e+003,1.629866e+000
5.149006e+003,1.633170e+000
5.152863e+003,1.624670e+000
5.156720e+003,1.623199e+000
5.160577e+003,1.620290e+000
5.164434e+003,1.603860e+000
5.168291e+003,1.618168e+000
5.172147e+003,1.625688e+000
5.176005e+003,1.626899e+000
5.179861e+003,1.628315e+000
5.183719e+003,1.628467e+000
5.187575e+003,1.630598e+000
5.191433e+003,1.625093e+000
5.195289e+003,1.628004e+000
5.199146e+003,1.634582e+000
5.203003e+003,1.640673e+000
5.206860e+003,1.641156e+000
5.210717e+003,1.623130e+000
5.214574e+003,1.621384e+000
5.218431e+003,1.629332e+000
5.222288e+003,1.629049e+000
5.226145e+003,1.626689e+000
5.230002e+003,1.623670e+000
5.233858e+003,1.620655e+000
5.237716e+003,1.615442e+000
5.241572e+003,1.614645e+000
5.245430e+003,1.615093e+000
5.249286e+003,1.623122e+000
5.253144e+003,1.619002e+000
5.257000e+003,1.615792e+000
5.260857e+003,1.623676e+000
5.264714e+003,1.625558e+000
5.268571e+003,1.611309e+000
5.272428e+003,1.616957e+000
5.276285e+003,1.616179e+000
5.280142e+003,1.612539e+000
5.283999e+003,1.611932e+000
5.287855e+003,1.607177e+000
5.291713e+003,1.603416e+000
5.295569e+003,1.606194e+000
5.299427e+003,1.605304e+000
5.303283e+003,1.595607e+000
5.307141e+003,1.597351e+000
5.310997e+003,1.604737e+000
5.314854e+003,1.609291e+000
5.318711e+003,1.609172e+000
5.322568e+003,1.611841e+000
5.326425e+003,1.613055e+000
5.330282e+003,1.608109e+000
5.334139e+003,1.605033e+000
5.337996e+003,1.606373e+000
5.341853e+003,1.608283e+000
5.345710e+003,1.609121e+000
5.349566e+003,1.605093e+000
5.353424e+003,1.615581e+000
5.357280e+003,1.627148e+000
5.361138e+003,1.629454e+000
5.364994e+003,1.638311e+000
5.368852e+003,1.652310e+000
5.372708e+003,1.671500e+000
5.376565e+003,1.685887e+000
5.380422e+003,1.698885e+000
5.384279e+003,1.721971e+000
5.388136e+003,1.733835e+000
5.391993e+003,1.735095e+000
5.395850e+003,1.745067e+000
5.399707e+003,1.753479e+000
5.403563e+003,1.757969e+000
5.407421e+003,1.738801e+000
5.411277e+003,1.718914e+000
5.415135e+003,1.710998e+000
5.418991e+003,1.703675e+000
5.422849e+003,1.694697e+000
5.426705e+003,1.698822e+000
5.430563e+003,1.725329e+000
5.434419e+003,1.742463e+000
5.438276e+003,1.735861e+000
5.442133e+003,1.740482e+000
5.445990e+003,1.741622e+000
5.449847e+003,1.725882e+000
5.453704e+003,1.716254e+000
5.457561e+003,1.702094e+000
5.461418e+003,1.691205e+000
5.465274e+003,1.672254e+000
5.469132e+003,1.651491e+000
5.472988e+003,1.638700e+000
5.476846e+003,1.633989e+000
5.480702e+003,1.627472e+000
5.484560e+003,1.618115e+000
5.488416e+003,1.610321e+000
5.492273e+003,1.606288e+000
5.496130e+003,1.603565e+000
5.499987e+003,1.611807e+000
5.503844e+003,1.615389e+000
5.507701e+003,1.612258e+000
5.511558e+003,1.604942e+000
5.515415e+003,1.602553e+000
5.519271e+003,1.600777e+000
5.523129e+003,1.602178e+000
5.526985e+003,1.603779e+000
5.530843e+003,1.611124e+000
5.534699e+003,1.613625e+000
5.538557e+003,1.621275e+000
5.542413e+003,1.624048e+000
5.546271e+003,1.627501e+000
5.550127e+003,1.629018e+000
5.553984e+003,1.634091e+000
5.557841e+003,1.641137e+000
5.561698e+003,1.654282e+000
5.565555e+003,1.668619e+000
5.569412e+003,1.676571e+000
5.573269e+003,1.681114e+000
5.577126e+003,1.683259e+000
5.580982e+003,1.698506e+000
5.584840e+003,1.703975e+000
5.588696e+003,1.708629e+000
5.592554e+003,1.730236e+000
5.596410e+003,1.743589e+000
5.600268e+003,1.745368e+000
5.604124e+003,1.746336e+000
5.607981e+003,1.746787e+000
5.611838e+003,1.735280e+000
5.615695e+003,1.722262e+000
5.619552e+003,1.722934e+000
5.623409e+003,1.722537e+000
5.627266e+003,1.710170e+000
5.631123e+003,1.704240e+000
5.634979e+003,1.707713e+000
5.638837e+003,1.699193e+000
5.642693e+003,1.689334e+000
5.646551e+003,1.702951e+000
5.650407e+003,1.711981e+000
5.654265e+003,1.705624e+000
5.658121e+003,1.707221e+000
5.661979e+003,1.708961e+000
5.665835e+003,1.718052e+000
5.669692e+003,1.723628e+000
5.673549e+003,1.726715e+000
5.677406e+003,1.729023e+000
5.681263e+003,1.720651e+000
5.685120e+003,1.723241e+000
5.688977e+003,1.734414e+000
5.692834e+003,1.743827e+000
5.696690e+003,1.747366e+000
5.700548e+003,1.749995e+000
5.704404e+003,1.740446e+000
5.708262e+003,1.718042e+000
5.712118e+003,1.722800e+000
5.715976e+003,1.734463e+000
5.719832e+003,1.733857e+000
5.723689e+003,1.733845e+000
5.727546e+003,1.739594e+000
5.731403e+003,1.739304e+000
5.735260e+003,1.725250e+000
5.739117e+003,1.735757e+000
5.742974e+003,1.746926e+000
5.746831e+003,1.745393e+000
5.750688e+003,1.740167e+000
5.754545e+003,1.739117e+000
5.758401e+003,1.745853e+000
5.762259e+003,1.741165e+000
5.766115e+003,1.742715e+000
5.769973e+003,1.748392e+000
5.773829e+003,1.734499e+000
5.777687e+003,1.726630e+000
5.781543e+003,1.732441e+000
5.785400e+003,1.738339e+000
5.789257e+003,1.742906e+000
5.793114e+003,1.730872e+000
5.796971e+003,1.718665e+000
5.800828e+003,1.709342e+000
5.804685e+003,1.709387e+000
5.808542e+003,1.705604e+000
5.812398e+003,1.706914e+000
5.816256e+003,1.700173e+000
5.820112e+003,1.691296e+000
5.823970e+003,1.689947e+000
5.827826e+003,1.692201e+000
5.831684e+003,1.704541e+000
5.835540e+003,1.712533e+000
5.839397e+003,1.718053e+000
5.843254e+003,1.730834e+000
5.847111e+003,1.734671e+000
5.850968e+003,1.728753e+000
5.854825e+003,1.731813e+000
5.858682e+003,1.733067e+000
5.862539e+003,1.732291e+000
5.866396e+003,1.741749e+000
5.870253e+003,1.753084e+000
5.874109e+003,1.752616e+000
5.877967e+003,1.743476e+000
5.881823e+003,1.737561e+000
5.885681e+003,1.735639e+000
5.889537e+003,1.727198e+000
5.893395e+003,1.732845e+000
5.897251e+003,1.742141e+000
5.901108e+003,1.743047e+000
5.904965e+003,1.734990e+000
5.908822e+003,1.735978e+000
5.912679e+003,1.730957e+000
5.916536e+003,1.725831e+000
5.920393e+003,1.741768e+000
5.924250e+003,1.754409e+000
5.928106e+003,1.740470e+000
5.931964e+003,1.736714e+000
5.935820e+003,1.733471e+000
5.939678e+003,1.723697e+000
5.943534e+003,1.700052e+000
5.947392e+003,1.679298e+000
5.951248e+003,1.677878e+000
5.955105e+003,1.672097e+000
5.958962e+003,1.661532e+000
5.962819e+003,1.645248e+000
5.966676e+003,1.631813e+000
5.970533e+003,1.633714e+000
5.974390e+003,1.623019e+000
5.978247e+003,1.616941e+000
5.982104e+003,1.606077e+000
5.985961e+003,1.597648e+000
5.989817e+003,1.600694e+000
5.993675e+003,1.608147e+000
5.997531e+003,1.608233e+000
6.001389e+003,1.592583e+000
6.005245e+003,1.589095e+000
6.009103e+003,1.596639e+000
6.012959e+003,1.586826e+000
6.016816e+003,1.591069e+000
6.020673e+003,1.597003e+000
6.024530e+003,1.588794e+000
6.028387e+003,1.589460e+000
6.032244e+003,1.591455e+000
6.036101e+003,1.585600e+000
6.039958e+003,1.587234e+000
6.043814e+003,1.575455e+000
6.047672e+003,1.571269e+000
6.051528e+003,1.581125e+000
6.055386e+003,1.578720e+000
6.059242e+003,1.584995e+000
6.063100e+003,1.587939e+000
6.066956e+003,1.588400e+000
6.070813e+003,1.580436e+000
6.074670e+003,1.556930e+000
6.078527e+003,1.554580e+000
6.082384e+003,1.555699e+000
6.086241e+003,1.562455e+000
6.090098e+003,1.558547e+000
6.093955e+003,1.546292e+000
6.097812e+003,1.542651e+000
6.101669e+003,1.539224e+000
6.105525e+003,1.536484e+000
6.109383e+003,1.532846e+000
6.113239e+003,1.526116e+000
6.117097e+003,1.515468e+000
6.120953e+003,1.514389e+000
6.124811e+003,1.511258e+000
6.128667e+003,1.512962e+000
6.132524e+003,1.505348e+000
6.136381e+003,1.495789e+000
6.140238e+003,1.495324e+000
6.144095e+003,1.495831e+000
6.147952e+003,1.490175e+000
6.151809e+003,1.489151e+000
6.155666e+003,1.482217e+000
6.159522e+003,1.475053e+000
6.163380e+003,1.483075e+000
6.167236e+003,1.487100e+000
6.171094e+003,1.488389e+000
6.174950e+003,1.483698e+000
6.178808e+003,1.474827e+000
6.182664e+003,1.472667e+000
6.186521e+003,1.466533e+000
6.190378e+003,1.471645e+000
6.194235e+003,1.473287e+000
6.198092e+003,1.466775e+000
6.201949e+003,1.467014e+000
6.205806e+003,1.473357e+000
6.209663e+003,1.475680e+000
6.213520e+003,1.473401e+000
6.217377e+003,1.471774e+000
6.221233e+003,1.475132e+000
6.225091e+003,1.467079e+000
6.228947e+003,1.466195e+000
6.232805e+003,1.462752e+000
6.236661e+003,1.461364e+000
6.240519e+003,1.461030e+000
6.244375e+003,1.461577e+000
6.248232e+003,1.462082e+000
6.252089e+003,1.457180e+000
6.255946e+003,1.457281e+000
6.259803e+003,1.460568e+000
6.263660e+003,1.456557e+000
6.267517e+003,1.450894e+000
6.271374e+003,1.452108e+000
6.275230e+003,1.454074e+000
6.279088e+003,1.458097e+000
6.282944e+003,1.453941e+000
6.286802e+003,1.462027e+000
6.290658e+003,1.467437e+000
6.294516e+003,1.463481e+000
6.298372e+003,1.460664e+000
6.302229e+003,1.462547e+000
6.306086e+003,1.456945e+000
6.309943e+003,1.448677e+000
6.313800e+003,1.455218e+000
6.317657e+003,1.464262e+000
6.321514e+003,1.469485e+000
6.325371e+003,1.463602e+000
6.329228e+003,1.461219e+000
6.333085e+003,1.463238e+000
6.336941e+003,1.470486e+000
6.340799e+003,1.468295e+000
6.344655e+003,1.459775e+000
6.348513e+003,1.462857e+000
6.352369e+003,1.463821e+000
6.356227e+003,1.466557e+000
6.360083e+003,1.465047e+000
6.363940e+003,1.472808e+000
6.367797e+003,1.485014e+000
6.371654e+003,1.486881e+000
6.375511e+003,1.489775e+000
6.379368e+003,1.493470e+000
6.383225e+003,1.494580e+000
6.387082e+003,1.504323e+000
6.390938e+003,1.510343e+000
6.394796e+003,1.513615e+000
6.398652e+003,1.508866e+000
6.402510e+003,1.510268e+000
6.406366e+003,1.511778e+000
6.410224e+003,1.506894e+000
6.414080e+003,1.511541e+000
6.417938e+003,1.521076e+000
6.421794e+003,1.526747e+000
6.425651e+003,1.522887e+000
6.429508e+003,1.528082e+000
6.433365e+003,1.530538e+000
6.437222e+003,1.530570e+000
6.441079e+003,1.521425e+000
6.444936e+003,1.526210e+000
6.448793e+003,1.532357e+000
6.452649e+003,1.538800e+000
6.456507e+003,1.533520e+000
6.460363e+003,1.528434e+000
6.464221e+003,1.526929e+000
6.468077e+003,1.526041e+000
6.471935e+003,1.527318e+000
6.475791e+003,1.527027e+000
6.479648e+003,1.525265e+000
6.483505e+003,1.522645e+000
6.487362e+003,1.526247e+000
6.491219e+003,1.525101e+000
6.495076e+003,1.526713e+000
6.498933e+003,1.538249e+000
6.502790e+003,1.539540e+000
6.506646e+003,1.534607e+000
6.510504e+003,1.531688e+000
6.514360e+003,1.532401e+000
6.518218e+003,1.534261e+000
6.522074e+003,1.529621e+000
6.525932e+003,1.538013e+000
6.529788e+003,1.536702e+000
6.533646e+003,1.532384e+000
6.537502e+003,1.537906e+000
6.541359e+003,1.538296e+000
6.545216e+003,1.537293e+000
6.549073e+003,1.538422e+000
6.552930e+003,1.532618e+000
6.556787e+003,1.522522e+000
6.560644e+003,1.528414e+000
6.564501e+003,1.535535e+000
6.568357e+003,1.531800e+000
6.572215e+003,1.535855e+000
6.576071e+003,1.546163e+000
6.579929e+003,1.546330e+000
6.583785e+003,1.541077e+000
6.587643e+003,1.541504e+000
6.591499e+003,1.546796e+000
6.595356e+003,1.540870e+000
6.599213e+003,1.536030e+000
6.603070e+003,1.529897e+000
6.606927e+003,1.528105e+000
6.610784e+003,1.524762e+000
6.614641e+003,1.519677e+000
6.618498e+003,1.523450e+000
6.622354e+003,1.532923e+000
6.626212e+003,1.535130e+000
6.630068e+003,1.536064e+000
6.633926e+003,1.535025e+000
6.637782e+003,1.526951e+000
6.641640e+003,1.523043e+000
6.645496e+003,1.525659e+000
6.649354e+003,1.512755e+000
6.653210e+003,1.515389e+000
6.657067e+003,1.515916e+000
6.660924e+003,1.513516e+000
6.664781e+003,1.513543e+000
6.668638e+003,1.519721e+000
6.672495e+003,1.525421e+000
6.676352e+003,1.516536e+000
6.680209e+003,1.519809e+000
6.684065e+003,1.521539e+000
6.687923e+003,1.509530e+000
6.691779e+003,1.514102e+000
6.695637e+003,1.524231e+000
6.699493e+003,1.518266e+000
6.703351e+003,1.519708e+000
6.707207e+003,1.523079e+000
6.711064e+003,1.522423e+000
6.714921e+003,1.526706e+000
6.718778e+003,1.533204e+000
6.722635e+003,1.523486e+000
6.726492e+003,1.529311e+000
6.730349e+003,1.527866e+000
6.734206e+003,1.524476e+000
6.738063e+003,1.533051e+000
6.741920e+003,1.530845e+000
6.745776e+003,1.519209e+000
6.749634e+003,1.518679e+000
6.753490e+003,1.528825e+000
6.757348e+003,1.539732e+000
6.761204e+003,1.539926e+000
6.765062e+003,1.540281e+000
6.768918e+003,1.540370e+000
6.772775e+003,1.541425e+000
6.776632e+003,1.540305e+000
6.780489e+003,1.544070e+000
6.784346e+003,1.546411e+000
6.788203e+003,1.555109e+000
6.792060e+003,1.550845e+000
6.795917e+003,1.548068e+000
6.799773e+003,1.544701e+000
6.803631e+003,1.548922e+000
6.807487e+003,1.547036e+000
6.811345e+003,1.544939e+000
6.815201e+003,1.550779e+000
6.819059e+003,1.551311e+000
6.822915e+003,1.554914e+000
6.826772e+003,1.561311e+000
6.830629e+003,1.558336e+000
6.834486e+003,1.555677e+000
6.838343e+003,1.562403e+000
6.842200e+003,1.566928e+000
6.846057e+003,1.560880e+000
6.849914e+003,1.564191e+000
6.853771e+003,1.573102e+000
6.857628e+003,1.565872e+000
6.861484e+003,1.556551e+000
6.865342e+003,1.553662e+000
6.869198e+003,1.558361e+000
6.873056e+003,1.556440e+000
6.876912e+003,1.564188e+000
6.880770e+003,1.569008e+000
6.884626e+003,1.562900e+000
6.888483e+003,1.567562e+000
6.892340e+003,1.572322e+000
6.896197e+003,1.569948e+000
6.900054e+003,1.559315e+000
6.903911e+003,1.556445e+000
6.907768e+003,1.578840e+000
6.911625e+003,1.593700e+000
6.915481e+003,1.586442e+000
6.919339e+003,1.576642e+000
6.923195e+003,1.577454e+000
6.927053e+003,1.594986e+000
6.930909e+003,1.596218e+000
6.934767e+003,1.590346e+000
6.938623e+003,1.595113e+000
6.942480e+003,1.596680e+000
6.946337e+003,1.591571e+000
6.950194e+003,1.596404e+000
6.954051e+003,1.600443e+000
6.957908e+003,1.599560e+000
6.961765e+003,1.597561e+000
6.965622e+003,1.595873e+000
6.969479e+003,1.602311e+000
6.973336e+003,1.610494e+000
6.977192e+003,1.612910e+000
6.981050e+003,1.612626e+000
6.984906e+003,1.623326e+000
6.988764e+003,1.629141e+000
6.992620e+003,1.625044e+000
6.996478e+003,1.618671e+000
7.000334e+003,1.619665e+000
7.004191e+003,1.619682e+000
7.008048e+003,1.633226e+000
7.011905e+003,1.643229e+000
7.015762e+003,1.650968e+000
7.019619e+003,1.660084e+000
7.023476e+003,1.651851e+000
7.027333e+003,1.644480e+000
7.031189e+003,1.649652e+000
7.035047e+003,1.654608e+000
7.038903e+003,1.642993e+000
7.042761e+003,1.638202e+000
7.046617e+003,1.645787e+000
7.050475e+003,1.654341e+000
7.054331e+003,1.657326e+000
7.058188e+003,1.664406e+000
7.062045e+003,1.661757e+000
7.065902e+003,1.664428e+000
7.069759e+003,1.697005e+000
7.073616e+003,1.699106e+000
7.077473e+003,1.690608e+000
7.081330e+003,1.702644e+000
7.085187e+003,1.707004e+000
7.089044e+003,1.708471e+000
7.092900e+003,1.724163e+000
7.096758e+003,1.747777e+000
7.100614e+003,1.755914e+000
7.104472e+003,1.738983e+000
7.108328e+003,1.738227e+000
7.112186e+003,1.749585e+000
7.116042e+003,1.745413e+000
7.119899e+003,1.744513e+000
7.123756e+003,1.762938e+000
7.127613e+003,1.774136e+000
7.131470e+003,1.770937e+000
7.135327e+003,1.757736e+000
7.139184e+003,1.755200e+000
7.143041e+003,1.769582e+000
7.146897e+003,1.759266e+000
7.150755e+003,1.762604e+000
7.154611e+003,1.764930e+000
7.158469e+003,1.754161e+000
7.162325e+003,1.750003e+000
7.166183e+003,1.755813e+000
7.170039e+003,1.747779e+000
7.173896e+003,1.753120e+000
7.177753e+003,1.762694e+000
7.181610e+003,1.749735e+000
7.185467e+003,1.743194e+000
7.189324e+003,1.726548e+000
7.193181e+003,1.734401e+000
7.197038e+003,1.744898e+000
7.200895e+003,1.738400e+000
7.204752e+003,1.749895e+000
7.208608e+003,1.747721e+000
7.212466e+003,1.728252e+000
7.216322e+003,1.727802e+000
7.220180e+003,1.722307e+000
7.224036e+003,1.728894e+000
7.227894e+003,1.733509e+000
7.231750e+003,1.718020e+000
7.235607e+003,1.723976e+000
7.239464e+003,1.731645e+000
7.243321e+003,1.730692e+000
7.247178e+003,1.723148e+000
7.251035e+003,1.714689e+000
7.254892e+003,1.706246e+000
7.258749e+003,1.699560e+000
7.262605e+003,1.690929e+000
7.266463e+003,1.685669e+000
7.270319e+003,1.694135e+000
7.274177e+003,1.710016e+000
7.278033e+003,1.714653e+000
7.281891e+003,1.706332e+000
7.285747e+003,1.698488e+000
7.289604e+003,1.694673e+000
7.293461e+003,1.687935e+000
7.297318e+003,1.692983e+000
7.301175e+003,1.695695e+000
7.305032e+003,1.690021e+000
7.308889e+003,1.671830e+000
7.312746e+003,1.660585e+000
7.316603e+003,1.659506e+000
7.320460e+003,1.655776e+000
7.324316e+003,1.658121e+000
7.328174e+003,1.658138e+000
7.332030e+003,1.643290e+000
7.335888e+003,1.617164e+000
7.339744e+003,1.601606e+000
7.343602e+003,1.603127e+000
7.347458e+003,1.611660e+000
7.351315e+003,1.618380e+000
7.355172e+003,1.610443e+000
7.359029e+003,1.600722e+000
7.362886e+003,1.610480e+000
7.366743e+003,1.609068e+000
7.370600e+003,1.594455e+000
7.374457e+003,1.582728e+000
7.378313e+003,1.581525e+000
7.382171e+003,1.571562e+000
7.386027e+003,1.569935e+000
7.389885e+003,1.577893e+000
7.393741e+003,1.576650e+000
7.397599e+003,1.575466e+000
7.401455e+003,1.574272e+000
7.405313e+003,1.557529e+000
7.409169e+003,1.561050e+000
7.413026e+003,1.562043e+000
7.416883e+003,1.572800e+000
7.420740e+003,1.578392e+000
7.424597e+003,1.571074e+000
7.428454e+003,1.558461e+000
7.432311e+003,1.561461e+000
7.436168e+003,1.572165e+000
7.440024e+003,1.568641e+000
7.443882e+003,1.561226e+000
7.447738e+003,1.563654e+000
7.451596e+003,1.568093e+000
7.455452e+003,1.559289e+000
7.459310e+003,1.551914e+000
7.463166e+003,1.550669e+000
7.467023e+003,1.552259e+000
7.470880e+003,1.552817e+000
7.474737e+003,1.551406e+000
7.478594e+003,1.539225e+000
7.482451e+003,1.543127e+000
7.486308e+003,1.550243e+000
7.490165e+003,1.553850e+000
7.494021e+003,1.539681e+000
7.497879e+003,1.531850e+000
7.501735e+003,1.543023e+000
7.505593e+003,1.556119e+000
7.509449e+003,1.558979e+000
7.513307e+003,1.549934e+000
7.517163e+003,1.539064e+000
7.521021e+003,1.536812e+000
7.524877e+003,1.536728e+000
7.528734e+003,1.548805e+000
7.532591e+003,1.553841e+000
7.536448e+003,1.543981e+000
7.540305e+003,1.533196e+000
7.544162e+003,1.536367e+000
7.548019e+003,1.533685e+000
7.551876e+003,1.534037e+000
7.555732e+003,1.529658e+000
7.559590e+003,1.523801e+000
7.563446e+003,1.532902e+000
7.567304e+003,1.536198e+000
7.571160e+003,1.536373e+000
7.575018e+003,1.542356e+000
7.578874e+003,1.549646e+000
7.582731e+003,1.543144e+000
7.586588e+003,1.539968e+000
7.590445e+003,1.539480e+000
7.594302e+003,1.542640e+000
7.598159e+003,1.550756e+000
7.602016e+003,1.549132e+000
7.605873e+003,1.542761e+000
7.609729e+003,1.538157e+000
7.613587e+003,1.540753e+000
7.617443e+003,1.535417e+000
7.621301e+003,1.538444e+000
7.625157e+003,1.541710e+000
7.629015e+003,1.541439e+000
7.632871e+003,1.542082e+000
7.636729e+003,1.547751e+000
7.640585e+003,1.547586e+000
7.644442e+003,1.543715e+000
7.648299e+003,1.532859e+000
7.652156e+003,1.526821e+000
7.656013e+003,1.523107e+000
7.659870e+003,1.537954e+000
7.663727e+003,1.560537e+000
7.667584e+003,1.555726e+000
7.671440e+003,1.535597e+000
7.675298e+003,1.531583e+000
7.679154e+003,1.542827e+000
7.683012e+003,1.536337e+000
7.686868e+003,1.531399e+000
7.690726e+003,1.534034e+000
7.694582e+003,1.530479e+000
7.698439e+003,1.538428e+000
7.702296e+003,1.530051e+000
7.706153e+003,1.539605e+000
7.710010e+003,1.548440e+000
7.713867e+003,1.546207e+000
7.717724e+003,1.540927e+000
7.721581e+003,1.532960e+000
7.725438e+003,1.540178e+000
7.729295e+003,1.546894e+000
7.733151e+003,1.542796e+000
7.737009e+003,1.536682e+000
7.740865e+003,1.529261e+000
7.744723e+003,1.532871e+000
7.748579e+003,1.536869e+000
7.752437e+003,1.531167e+000
7.756293e+003,1.537584e+000
7.760150e+003,1.548276e+000
7.764007e+003,1.550468e+000
7.767864e+003,1.543772e+000
7.771721e+003,1.539607e+000
7.775578e+003,1.539533e+000
7.779435e+003,1.539046e+000
7.783292e+003,1.548140e+000
7.787148e+003,1.544306e+000
7.791006e+003,1.542758e+000
7.794862e+003,1.550971e+000
7.798720e+003,1.553376e+000
7.802576e+003,1.548910e+000
7.806434e+003,1.540534e+000
7.810290e+003,1.537613e+000
7.814147e+003,1.538205e+000
7.818004e+003,1.535543e+000
7.821861e+003,1.540282e+000
7.825718e+003,1.536170e+000
7.829575e+003,1.535847e+000
7.833432e+003,1.537871e+000
7.837289e+003,1.533772e+000
7.841146e+003,1.532203e+000
7.845003e+003,1.536227e+000
7.848859e+003,1.539797e+000
7.852717e+003,1.532637e+000
7.856573e+003,1.528933e+000
7.860431e+003,1.538155e+000
7.864287e+003,1.537622e+000
7.868145e+003,1.533844e+000
7.872001e+003,1.536658e+000
7.875858e+003,1.543722e+000
7.879715e+003,1.549390e+000
7.883572e+003,1.558488e+000
7.887429e+003,1.559799e+000
7.891286e+003,1.547179e+000
7.895143e+003,1.542372e+000
7.899000e+003,1.547000e+000
7.902856e+003,1.536662e+000
7.906714e+003,1.525453e+000
7.910570e+003,1.524936e+000
7.914428e+003,1.527351e+000
7.918284e+003,1.542711e+000
7.922142e+003,1.548529e+000
7.925998e+003,1.540091e+000
7.929855e+003,1.535832e+000
7.933712e+003,1.532570e+000
7.937569e+003,1.527608e+000
7.941426e+003,1.541829e+000
7.945283e+003,1.547446e+000
7.949140e+003,1.531277e+000
7.952997e+003,1.530672e+000
7.956854e+003,1.541361e+000
7.960711e+003,1.538122e+000
7.964567e+003,1.533154e+000
7.968425e+003,1.543753e+000
7.972281e+003,1.550885e+000
7.976139e+003,1.549648e+000
7.979995e+003,1.541865e+000
7.983853e+003,1.540817e+000
7.987709e+003,1.544080e+000
7.991566e+003,1.542423e+000
7.995423e+003,1.548140e+000
7.999280e+003,1.538283e+000
8.003137e+003,1.538101e+000
8.006994e+003,1.546178e+000
8.010851e+003,1.545034e+000
8.014708e+003,1.546178e+000
8.018564e+003,1.544161e+000
8.022422e+003,1.537713e+000
8.026278e+003,1.542102e+000
8.030136e+003,1.546556e+000
8.033992e+003,1.549186e+000
8.037850e+003,1.541939e+000
8.041706e+003,1.544909e+000
8.045563e+003,1.540474e+000
8.049420e+003,1.542727e+000
8.053277e+003,1.545408e+000
8.057134e+003,1.535589e+000
8.060991e+003,1.530163e+000
8.064848e+003,1.532904e+000
8.068705e+003,1.537719e+000
8.072562e+003,1.540034e+000
8.076419e+003,1.544630e+000
8.080275e+003,1.537394e+000
8.084133e+003,1.537320e+000
8.087989e+003,1.548046e+000
8.091847e+003,1.549309e+000
8.095703e+003,1.542516e+000
8.099561e+003,1.544527e+000
8.103417e+003,1.547257e+000
8.107274e+003,1.536151e+000
8.111131e+003,1.541249e+000
8.114988e+003,1.541843e+000
8.118845e+003,1.533056e+000
8.122702e+003,1.530835e+000
8.126559e+003,1.532183e+000
8.130416e+003,1.533501e+000
8.134272e+003,1.535567e+000
8.138130e+003,1.543418e+000
8.141986e+003,1.541901e+000
8.145844e+003,1.549067e+000
8.149700e+003,1.542405e+000
8.153558e+003,1.541921e+000
8.157414e+003,1.558974e+000
8.161271e+003,1.553377e+000
8.165128e+003,1.554164e+000
8.168985e+003,1.562405e+000
8.172842e+003,1.566246e+000
8.176699e+003,1.564208e+000
8.180556e+003,1.560351e+000
8.184413e+003,1.561276e+000
8.188270e+003,1.567174e+000
8.192127e+003,1.569881e+000
8.195983e+003,1.557669e+000
8.199841e+003,1.555055e+000
8.203697e+003,1.590614e+000
8.207555e+003,1.597703e+000
8.211411e+003,1.570672e+000
8.215269e+003,1.557488e+000
8.219125e+003,1.564723e+000
8.222982e+003,1.570661e+000
8.226839e+003,1.572122e+000
8.230696e+003,1.563074e+000
8.234553e+003,1.563832e+000
8.238410e+003,1.564491e+000
8.242267e+003,1.562840e+000
8.246124e+003,1.569341e+000
8.249980e+003,1.558977e+000
8.253838e+003,1.549884e+000
8.257694e+003,1.561738e+000
8.261552e+003,1.558902e+000
8.265408e+003,1.556106e+000
8.269266e+003,1.562986e+000
8.273122e+003,1.561279e+000
8.276979e+003,1.562402e+000
8.280836e+003,1.565892e+000
8.284693e+003,1.577169e+000
8.288550e+003,1.576698e+000
8.292407e+003,1.571533e+000
8.296264e+003,1.570195e+000
8.300121e+003,1.569234e+000
8.303978e+003,1.569982e+000
8.307835e+003,1.558898e+000
8.311691e+003,1.558697e+000
8.315549e+003,1.563951e+000
8.319405e+003,1.574635e+000
8.323263e+003,1.577035e+000
8.327119e+003,1.573658e+000
8.330977e+003,1.578993e+000
8.334833e+003,1.569009e+000
8.338690e+003,1.578172e+000
8.342547e+003,1.599450e+000
8.346404e+003,1.615168e+000
8.350261e+003,1.610208e+000
8.354118e+003,1.617208e+000
8.357975e+003,1.629490e+000
8.361832e+003,1.631433e+000
8.365688e+003,1.642771e+000
8.369546e+003,1.657080e+000
8.373402e+003,1.645668e+000
8.377260e+003,1.672375e+000
8.381116e+003,1.717877e+000
8.384974e+003,1.713214e+000
8.388830e+003,1.702451e+000
8.392688e+003,1.710441e+000
8.396544e+003,1.725929e+000
8.400401e+003,1.733125e+000
8.404258e+003,1.741937e+000
8.408115e+003,1.751516e+000
8.411972e+003,1.742177e+000
8.415829e+003,1.730412e+000
8.419686e+003,1.732530e+000
8.423543e+003,1.756324e+000
8.427399e+003,1.761819e+000
8.431257e+003,1.743797e+000
8.435113e+003,1.750435e+000
8.438971e+003,1.766180e+000
8.442827e+003,1.742410e+000
8.446685e+003,1.717717e+000
8.450541e+003,1.725188e+000
8.454398e+003,1.731042e+000
8.458255e+003,1.700385e+000
8.462112e+003,1.711381e+000
8.465969e+003,1.742469e+000
8.469826e+003,1.734741e+000
8.473683e+003,1.721099e+000
8.477540e+003,1.703275e+000
8.481396e+003,1.681393e+000
8.485254e+003,1.673077e+000
8.489110e+003,1.677055e+000
8.492968e+003,1.671237e+000
8.496824e+003,1.659567e+000
8.500682e+003,1.669078e+000
8.504538e+003,1.673861e+000
8.508396e+003,1.647087e+000
8.512252e+003,1.640584e+000
8.516109e+003,1.631859e+000
8.519966e+003,1.653399e+000
8.523823e+003,1.656293e+000
8.527680e+003,1.637590e+000
8.531537e+003,1.623352e+000
8.535394e+003,1.630549e+000
8.539251e+003,1.634639e+000
8.543107e+003,1.628794e+000
8.546965e+003,1.602002e+000
8.550821e+003,1.594311e+000
8.554679e+003,1.596042e+000
8.558535e+003,1.607397e+000
8.562393e+003,1.611224e+000
8.566249e+003,1.613732e+000
8.570106e+003,1.606026e+000
8.573963e+003,1.603148e+000
8.577820e+003,1.610868e+000
8.581677e+003,1.593872e+000
8.585534e+003,1.589379e+000
8.589391e+003,1.592332e+000
8.593248e+003,1.593165e+000
8.597104e+003,1.603735e+000
8.600962e+003,1.608489e+000
8.604818e+003,1.596829e+000
8.608676e+003,1.584544e+000
8.612532e+003,1.582799e+000
8.616390e+003,1.600970e+000
8.620246e+003,1.623781e+000
8.624104e+003,1.629603e+000
8.627960e+003,1.620933e+000
8.631817e+003,1.601956e+000
8.635674e+003,1.588534e+000
8.639531e+003,1.583626e+000
8.643388e+003,1.596815e+000
8.647245e+003,1.602396e+000
8.651102e+003,1.608650e+000
8.654959e+003,1.606741e+000
8.658815e+003,1.607414e+000
8.662673e+003,1.609110e+000
8.666529e+003,1.594533e+000
8.670387e+003,1.598852e+000
8.674243e+003,1.607345e+000
8.678101e+003,1.609989e+000
8.681957e+003,1.603151e+000
8.685814e+003,1.578305e+000
8.689671e+003,1.559707e+000
8.693528e+003,1.583818e+000
8.697385e+003,1.625740e+000
8.701242e+003,1.624555e+000
8.705099e+003,1.597545e+000
8.708956e+003,1.589642e+000
8.712813e+003,1.581883e+000
8.716670e+003,1.580744e+000
8.720526e+003,1.586154e+000
8.724384e+003,1.588807e+000
8.728240e+003,1.593515e+000
8.732098e+003,1.580745e+000
8.735954e+003,1.586518e+000
8.739812e+003,1.575329e+000
8.743668e+003,1.567471e+000
8.747525e+003,1.570324e+000
8.751382e+003,1.555940e+000
8.755239e+003,1.548614e+000
8.759096e+003,1.562932e+000
8.762953e+003,1.567287e+000
8.766810e+003,1.564962e+000
8.770667e+003,1.564807e+000
8.774523e+003,1.556919e+000
8.778381e+003,1.557598e+000
8.782237e+003,1.547552e+000
8.786095e+003,1.554996e+000
8.789951e+003,1.563823e+000
8.793809e+003,1.547528e+000
8.797665e+003,1.539476e+000
8.801522e+003,1.547381e+000
8.805379e+003,1.542214e+000
8.809236e+003,1.540571e+000
8.813093e+003,1.548733e+000
8.816950e+003,1.538119e+000
8.820807e+003,1.540191e+000
8.824664e+003,1.536622e+000
8.828521e+003,1.533146e+000
8.832378e+003,1.544791e+000
8.836234e+003,1.541850e+000
8.840092e+003,1.535469e+000
8.843948e+003,1.553010e+000
8.847806e+003,1.551695e+000
8.851662e+003,1.537681e+000
8.855520e+003,1.531643e+000
8.859376e+003,1.544235e+000
8.863233e+003,1.539158e+000
8.867090e+003,1.532727e+000
8.870947e+003,1.552276e+000
8.874804e+003,1.553710e+000
8.878661e+003,1.552913e+000
8.882518e+003,1.538644e+000
8.886375e+003,1.540254e+000
8.890231e+003,1.548875e+000
8.894089e+003,1.524490e+000
8.897945e+003,1.517050e+000
8.901803e+003,1.531368e+000
8.905659e+003,1.540668e+000
8.909517e+003,1.556468e+000
8.913373e+003,1.549403e+000
8.917230e+003,1.526623e+000
8.921087e+003,1.519898e+000
8.924944e+003,1.532899e+000
8.928801e+003,1.541407e+000
8.932658e+003,1.541673e+000
8.936515e+003,1.533977e+000
8.940372e+003,1.526541e+000
8.944229e+003,1.531068e+000
8.948086e+003,1.539657e+000
8.951942e+003,1.541128e+000
8.955800e+003,1.529193e+000
8.959656e+003,1.526257e+000
8.963514e+003,1.538742e+000
8.967370e+003,1.532945e+000
8.971228e+003,1.511118e+000
8.975084e+003,1.522060e+000
8.978941e+003,1.545527e+000
8.982798e+003,1.540285e+000
8.986655e+003,1.538704e+000
8.990512e+003,1.530581e+000
8.994369e+003,1.526039e+000
8.998226e+003,1.528004e+000
9.002083e+003,1.528196e+000
9.005939e+003,1.542032e+000
9.009797e+003,1.548633e+000
9.013653e+003,1.527593e+000
9.017511e+003,1.529364e+000
9.021367e+003,1.539484e+000
9.025225e+003,1.544470e+000
9.029081e+003,1.538815e+000
9.032938e+003,1.542774e+000
9.036795e+003,1.542880e+000
9.040652e+003,1.525373e+000
9.044509e+003,1.525574e+000
9.048366e+003,1.538242e+000
9.052223e+003,1.538506e+000
9.056080e+003,1.537039e+000
9.059937e+003,1.531381e+000
9.063794e+003,1.524907e+000
9.067650e+003,1.513646e+000
9.071508e+003,1.529826e+000
9.075364e+003,1.534075e+000
9.079222e+003,1.525436e+000
9.083078e+003,1.528506e+000
9.086936e+003,1.536858e+000
9.090792e+003,1.549319e+000
9.094649e+003,1.546970e+000
9.098506e+003,1.545080e+000
9.102363e+003,1.519370e+000
9.106220e+003,1.526403e+000
9.110077e+003,1.531047e+000
9.113934e+003,1.530253e+000
9.117791e+003,1.535229e+000
9.121647e+003,1.539295e+000
9.125505e+003,1.534891e+000
9.129361e+003,1.535796e+000
9.133219e+003,1.556047e+000
9.137075e+003,1.560534e+000
9.140933e+003,1.569884e+000
9.144789e+003,1.550700e+000
9.148646e+003,1.533220e+000
9.152503e+003,1.538484e+000
9.156360e+003,1.532882e+000
9.160217e+003,1.537457e+000
9.164074e+003,1.546236e+000
9.167931e+003,1.526786e+000
9.171788e+003,1.519764e+000
9.175645e+003,1.519401e+000
9.179502e+003,1.527455e+000
9.183358e+003,1.532942e+000
9.187216e+003,1.540307e+000
9.191072e+003,1.549439e+000
9.194930e+003,1.562411e+000
9.198786e+003,1.545641e+000
9.202644e+003,1.528154e+000
9.206500e+003,1.530071e+000
9.210357e+003,1.531808e+000
9.214214e+003,1.544113e+000
9.218071e+003,1.552748e+000
9.221928e+003,1.547422e+000
9.225785e+003,1.559485e+000
9.229642e+003,1.558130e+000
9.233499e+003,1.559712e+000
9.237355e+003,1.532333e+000
9.241213e+003,1.517584e+000
9.245069e+003,1.524807e+000
9.248927e+003,1.550227e+000
9.252783e+003,1.535533e+000
9.256641e+003,1.532051e+000
9.260497e+003,1.539042e+000
9.264354e+003,1.546294e+000
9.268211e+003,1.562798e+000
9.272068e+003,1.560071e+000
9.275925e+003,1.553291e+000
9.279782e+003,1.549010e+000
9.283639e+003,1.530365e+000
9.287496e+003,1.538179e+000
9.291353e+003,1.544054e+000
9.295210e+003,1.537611e+000
9.299066e+003,1.535085e+000
9.302924e+003,1.539463e+000
9.306780e+003,1.533001e+000
9.310638e+003,1.534558e+000
9.314494e+003,1.526400e+000
9.318352e+003,1.542779e+000
9.322208e+003,1.537208e+000
9.326065e+003,1.519295e+000
9.329922e+003,1.532730e+000
9.333779e+003,1.543889e+000
9.337636e+003,1.548717e+000
9.341493e+003,1.531682e+000
9.345350e+003,1.511651e+000
9.349207e+003,1.500937e+000
9.353063e+003,1.508447e+000
9.356921e+003,1.515256e+000
9.360777e+003,1.535365e+000
9.364635e+003,1.542195e+000
9.368491e+003,1.528114e+000
9.372349e+003,1.518344e+000
9.376205e+003,1.530326e+000
9.380063e+003,1.532271e+000
9.383919e+003,1.555729e+000
9.387776e+003,1.550212e+000
9.391633e+003,1.554899e+000
9.395490e+003,1.555770e+000
9.399347e+003,1.540982e+000
9.403204e+003,1.551434e+000
9.407061e+003,1.545453e+000
9.410918e+003,1.543312e+000
9.414774e+003,1.549098e+000
9.418632e+003,1.541108e+000
9.422488e+003,1.536129e+000
9.426346e+003,1.552731e+000
9.430202e+003,1.557029e+000
9.434060e+003,1.547471e+000
9.437916e+003,1.542354e+000
9.441773e+003,1.526400e+000
9.445630e+003,1.517045e+000
9.449487e+003,1.537660e+000
9.453344e+003,1.553642e+000
9.457201e+003,1.543611e+000
9.461058e+003,1.533225e+000
9.464915e+003,1.530998e+000
9.468771e+003,1.529441e+000
9.472629e+003,1.538421e+000
9.476485e+003,1.552502e+000
9.480343e+003,1.551810e+000
9.484199e+003,1.537770e+000
9.488057e+003,1.525289e+000
9.491913e+003,1.511157e+000
9.495771e+003,1.525345e+000
9.499627e+003,1.528315e+000
9.503484e+003,1.511214e+000
9.507341e+003,1.518712e+000
9.511198e+003,1.518057e+000
9.515055e+003,1.524031e+000
9.518912e+003,1.533629e+000
9.522769e+003,1.540243e+000
9.526626e+003,1.541754e+000
9.530482e+003,1.524658e+000
9.534340e+003,1.536560e+000
9.538196e+003,1.543955e+000
9.542054e+003,1.525329e+000
9.545910e+003,1.530379e+000
9.549768e+003,1.558211e+000
9.553624e+003,1.531126e+000
9.557481e+003,1.527613e+000
9.561338e+003,1.530546e+000
9.565195e+003,1.530829e+000
9.569052e+003,1.535521e+000
9.572909e+003,1.546520e+000
9.576766e+003,1.550818e+000
9.580623e+003,1.538049e+000
9.584479e+003,1.544010e+000
9.588337e+003,1.533549e+000
9.592193e+003,1.518093e+000
9.596051e+003,1.512709e+000
9.599907e+003,1.517201e+000
9.603765e+003,1.553180e+000
9.607621e+003,1.557128e+000
9.611479e+003,1.526087e+000
9.615335e+003,1.514362e+000
9.619192e+003,1.516074e+000
9.623049e+003,1.535488e+000
9.626906e+003,1.537960e+000
9.630763e+003,1.515598e+000
9.634620e+003,1.505645e+000
9.638477e+003,1.539493e+000
9.642334e+003,1.554699e+000
9.646190e+003,1.563838e+000
9.650048e+003,1.551253e+000
9.653904e+003,1.541898e+000
9.657762e+003,1.547203e+000
9.661618e+003,1.512252e+000
9.665476e+003,1.490779e+000
9.669332e+003,1.521388e+000
9.673189e+003,1.532161e+000
9.677046e+003,1.554745e+000
9.680903e+003,1.552456e+000
9.684760e+003,1.535991e+000
9.688617e+003,1.521249e+000
9.692474e+003,1.518860e+000
9.696331e+003,1.524339e+000
9.700188e+003,1.533201e+000
9.704045e+003,1.538747e+000
9.707901e+003,1.523894e+000
9.711759e+003,1.527099e+000
9.715615e+003,1.565679e+000
9.719473e+003,1.565273e+000
9.723329e+003,1.517140e+000
9.727187e+003,1.506119e+000
9.731043e+003,1.538008e+000
9.734900e+003,1.531157e+000
9.738757e+003,1.533888e+000
9.742614e+003,1.544624e+000
9.746471e+003,1.535195e+000
9.750328e+003,1.518721e+000
9.754185e+003,1.532271e+000
9.758042e+003,1.525282e+000
9.761898e+003,1.516575e+000
9.765756e+003,1.535552e+000
9.769612e+003,1.544629e+000
9.773470e+003,1.538694e+000
9.777326e+003,1.549959e+000
9.781184e+003,1.561596e+000
9.785040e+003,1.556645e+000
9.788897e+003,1.547035e+000
9.792754e+003,1.511191e+000
9.796611e+003,1.523486e+000
9.800468e+003,1.519102e+000
9.804325e+003,1.517653e+000
9.808182e+003,1.525992e+000
9.812039e+003,1.519552e+000
9.815896e+003,1.504125e+000
9.819753e+003,1.506936e+000
9.823609e+003,1.541532e+000
9.827467e+003,1.559504e+000
9.831323e+003,1.557240e+000
9.835181e+003,1.554365e+000
9.839037e+003,1.552203e+000
9.842895e+003,1.539944e+000
9.846751e+003,1.538108e+000
9.850608e+003,1.549929e+000
9.854465e+003,1.541009e+000
9.858322e+003,1.524154e+000
9.862179e+003,1.533854e+000
9.866036e+003,1.536495e+000
9.869893e+003,1.533156e+000
9.873750e+003,1.538177e+000
9.877606e+003,1.547210e+000
9.881464e+003,1.537747e+000
9.885320e+003,1.537852e+000
9.889178e+003,1.542425e+000
9.893034e+003,1.542083e+000
9.896892e+003,1.533194e+000
9.900748e+003,1.543356e+000
9.904605e+003,1.552885e+000
9.908462e+003,1.545234e+000
9.912319e+003,1.517601e+000
9.916176e+003,1.526938e+000
9.920033e+003,1.531302e+000
9.923890e+003,1.529770e+000
9.927747e+003,1.548150e+000
9.931604e+003,1.548153e+000
9.935461e+003,1.539487e+000
9.939317e+003,1.521716e+000
9.943175e+003,1.508731e+000
9.947031e+003,1.498822e+000
9.950889e+003,1.503349e+000
9.954745e+003,1.529378e+000
9.958603e+003,1.533463e+000
9.962459e+003,1.515255e+000
9.966316e+003,1.533768e+000
9.970173e+003,1.547684e+000
9.974030e+003,1.537440e+000
9.977887e+003,1.513266e+000
9.981744e+003,1.521193e+000
9.985601e+003,1.531340e+000
9.989458e+003,1.539122e+000
9.993314e+003,1.524918e+000
9.997172e+003,1.502776e+000
1.000103e+004,1.522291e+000
