3.999640e+003,7.157334e-001
4.003497e+003,7.423434e-001
4.007354e+003,7.407910e-001
4.011211e+003,7.975345e-001
4.015068e+003,7.596233e-001
4.018925e+003,8.096480e-001
4.022781e+003,6.617379e-001
4.026638e+003,6.060231e-001
4.030495e+003,7.049077e-001
4.034352e+003,6.667748e-001
4.038209e+003,6.220456e-001
4.042066e+003,4.814148e-001
4.045923e+003,3.818565e-001
4.049780e+003,5.230898e-001
4.053637e+003,5.305161e-001
4.057494e+003,5.697617e-001
4.061351e+003,8.100394e-001
4.065208e+003,8.409327e-001
4.069065e+003,8.429441e-001
4.072922e+003,5.424295e-001
4.076779e+003,4.769284e-001
4.080635e+003,5.337787e-001
4.084492e+003,6.057448e-001
4.088349e+003,6.053210e-001
4.092206e+003,5.695910e-001
4.096063e+003,5.129552e-001
4.099920e+003,6.632071e-001
4.103777e+003,1.098850e+000
4.107634e+003,1.919204e+000
4.111491e+003,1.452963e+000
4.115348e+003,1.059373e+000
4.119205e+003,1.017761e+000
4.123062e+003,9.993365e-001
4.126919e+003,1.123723e+000
4.130775e+003,1.082048e+000
4.134633e+003,1.035688e+000
4.138489e+003,1.236831e+000
4.142347e+003,1.232193e+000
4.146203e+003,1.088029e+000
4.150061e+003,1.150098e+000
4.153917e+003,1.215686e+000
4.157774e+003,1.382500e+000
4.161631e+003,1.341009e+000
4.165488e+003,1.227890e+000
4.169345e+003,1.339229e+000
4.173202e+003,1.492739e+000
4.177059e+003,1.644363e+000
4.180916e+003,1.543832e+000
4.184772e+003,1.393311e+000
4.188630e+003,1.339380e+000
4.192486e+003,1.296071e+000
4.196344e+003,1.287660e+000
4.200200e+003,1.266010e+000
4.204058e+003,1.217378e+000
4.207914e+003,1.249406e+000
4.211771e+003,1.286212e+000
4.215628e+003,1.287195e+000
4.219485e+003,1.200567e+000
4.223342e+003,1.236117e+000
4.227199e+003,1.311425e+000
4.231056e+003,1.302578e+000
4.234913e+003,1.284895e+000
4.238770e+003,1.303997e+000
4.242627e+003,1.309160e+000
4.246483e+003,1.320507e+000
4.250341e+003,1.343631e+000
4.254197e+003,1.372660e+000
4.258055e+003,1.377049e+000
4.261911e+003,1.368513e+000
4.265769e+003,1.388824e+000
4.269625e+003,1.463609e+000
4.273482e+003,1.430371e+000
4.277339e+003,1.415975e+000
4.281196e+003,1.389598e+000
4.285053e+003,1.384804e+000
4.288910e+003,1.444245e+000
4.292767e+003,1.417390e+000
4.296624e+003,1.394485e+000
4.300480e+003,1.425326e+000
4.304338e+003,1.425967e+000
4.308194e+003,1.430284e+000
4.312052e+003,1.404487e+000
4.315908e+003,1.462335e+000
4.319766e+003,1.502162e+000
4.323622e+003,1.528450e+000
4.327479e+003,1.465480e+000
4.331336e+003,1.456040e+000
4.335193e+003,1.540777e+000
4.339050e+003,1.577193e+000
4.342907e+003,1.501298e+000
4.346764e+003,1.475965e+000
4.350621e+003,1.451590e+000
4.354478e+003,1.432392e+000
4.358335e+003,1.407473e+000
4.362191e+003,1.373881e+000
4.366049e+003,1.345362e+000
4.369905e+003,1.302759e+000
4.373763e+003,1.242491e+000
4.377619e+003,1.212473e+000
4.381477e+003,1.190898e+000
4.385333e+003,1.137800e+000
4.389190e+003,1.110403e+000
4.393047e+003,1.107453e+000
4.396904e+003,1.115019e+000
4.400761e+003,1.104533e+000
4.404618e+003,1.075204e+000
4.408475e+003,1.053691e+000
4.412332e+003,1.058524e+000
4.416188e+003,1.056332e+000
4.420046e+003,1.035032e+000
4.423902e+003,1.018386e+000
4.427760e+003,1.010063e+000
4.431616e+003,9.873134e-001
4.435474e+003,9.748924e-001
4.439330e+003,9.717063e-001
4.443188e+003,9.542732e-001
4.447044e+003,9.440935e-001
4.450901e+003,9.246941e-001
4.454758e+003,9.172720e-001
4.458615e+003,9.127756e-001
4.462472e+003,9.061971e-001
4.466329e+003,9.042897e-001
4.470186e+003,8.910443e-001
4.474043e+003,8.902758e-001
4.477899e+003,8.872054e-001
4.481757e+003,8.704144e-001
4.485613e+003,8.673594e-001
4.489471e+003,8.685254e-001
4.493327e+003,8.595152e-001
4.497185e+003,8.559421e-001
4.501041e+003,8.537664e-001
4.504898e+003,8.546845e-001
4.508755e+003,8.444486e-001
4.512612e+003,8.353569e-001
4.516469e+003,8.324338e-001
4.520326e+003,8.346003e-001
4.524183e+003,8.349553e-001
4.528040e+003,8.273289e-001
4.531896e+003,8.218188e-001
4.535754e+003,8.180018e-001
4.539610e+003,8.151801e-001
4.543468e+003,8.129201e-001
4.547324e+003,8.083776e-001
4.551182e+003,8.044446e-001
4.555038e+003,7.987444e-001
4.558896e+003,7.944205e-001
4.562752e+003,7.977194e-001
4.566609e+003,7.934332e-001
4.570466e+003,7.869008e-001
4.574323e+003,7.821163e-001
4.578180e+003,7.778485e-001
4.582037e+003,7.710058e-001
4.585894e+003,7.646716e-001
4.589751e+003,7.607767e-001
4.593607e+003,7.560302e-001
4.597465e+003,7.505826e-001
4.601321e+003,7.468298e-001
4.605179e+003,7.440315e-001
4.609035e+003,7.388796e-001
4.612893e+003,7.346326e-001
4.616749e+003,7.320918e-001
4.620606e+003,7.261180e-001
4.624463e+003,7.220051e-001
4.628320e+003,7.227972e-001
4.632177e+003,7.216856e-001
4.636034e+003,7.219090e-001
4.639891e+003,7.223625e-001
4.643748e+003,7.204149e-001
4.647604e+003,7.178262e-001
4.651462e+003,7.169963e-001
4.655318e+003,7.165159e-001
4.659176e+003,7.169673e-001
4.663032e+003,7.163692e-001
4.666890e+003,7.161950e-001
4.670746e+003,7.167288e-001
4.674604e+003,7.172428e-001
4.678460e+003,7.157938e-001
4.682317e+003,7.130846e-001
4.686174e+003,7.126863e-001
4.690031e+003,7.158781e-001
4.693888e+003,7.155530e-001
4.697745e+003,7.141236e-001
4.701602e+003,7.132726e-001
4.705459e+003,7.101793e-001
4.709315e+003,7.079020e-001
4.713173e+003,7.068184e-001
4.717029e+003,7.058653e-001
4.720887e+003,7.031248e-001
4.724743e+003,7.015662e-001
4.728601e+003,7.012186e-001
4.732457e+003,7.045302e-001
4.736314e+003,7.066050e-001
4.740171e+003,7.071784e-001
4.744028e+003,7.102078e-001
4.747885e+003,7.160425e-001
4.751742e+003,7.202261e-001
4.755599e+003,7.275709e-001
4.759456e+003,7.313732e-001
4.763313e+003,7.335985e-001
4.767170e+003,7.390679e-001
4.771026e+003,7.448926e-001
4.774884e+003,7.503650e-001
4.778740e+003,7.544038e-001
4.782598e+003,7.589985e-001
4.786454e+003,7.655476e-001
4.790312e+003,7.707469e-001
4.794168e+003,7.761946e-001
4.798025e+003,7.822680e-001
4.801882e+003,7.873549e-001
4.805739e+003,7.929178e-001
4.809596e+003,7.976986e-001
4.813453e+003,8.024300e-001
4.817310e+003,8.072213e-001
4.821167e+003,8.110301e-001
4.825023e+003,8.165045e-001
4.828881e+003,8.240960e-001
4.832737e+003,8.294722e-001
4.836595e+003,8.331309e-001
4.840451e+003,8.387269e-001
4.844309e+003,8.458448e-001
4.848165e+003,8.509579e-001
4.852022e+003,8.538666e-001
4.855879e+003,8.593042e-001
4.859736e+003,8.632988e-001
4.863593e+003,8.670257e-001
4.867450e+003,8.717910e-001
4.871307e+003,8.750629e-001
4.875164e+003,8.768056e-001
4.879021e+003,8.789587e-001
4.882878e+003,8.802837e-001
4.886734e+003,8.825508e-001
4.890592e+003,8.838313e-001
4.894448e+003,8.836733e-001
4.898306e+003,8.857592e-001
4.902162e+003,8.870862e-001
4.906020e+003,8.873343e-001
4.909876e+003,8.885732e-001
4.913733e+003,8.887841e-001
4.917590e+003,8.898985e-001
4.921447e+003,8.922056e-001
4.925304e+003,8.911384e-001
4.929161e+003,8.895493e-001
4.933018e+003,8.882602e-001
4.936875e+003,8.883494e-001
4.940731e+003,8.870234e-001
4.944589e+003,8.861020e-001
4.948445e+003,8.873076e-001
4.952303e+003,8.888710e-001
4.956159e+003,8.909834e-001
4.960017e+003,8.911238e-001
4.963873e+003,8.917479e-001
4.967730e+003,8.931563e-001
4.971587e+003,8.961471e-001
4.975444e+003,8.963982e-001
4.979301e+003,8.951145e-001
4.983158e+003,8.949429e-001
4.987015e+003,8.960779e-001
4.990872e+003,8.960904e-001
4.994729e+003,8.963750e-001
4.998586e+003,8.972627e-001
5.002442e+003,8.987129e-001
5.006300e+003,9.018115e-001
5.010156e+003,9.059457e-001
5.014014e+003,9.122323e-001
5.017870e+003,9.156796e-001
5.021728e+003,9.171428e-001
5.025584e+003,9.186943e-001
5.029441e+003,9.237349e-001
5.033298e+003,9.274487e-001
5.037155e+003,9.293416e-001
5.041012e+003,9.324698e-001
5.044869e+003,9.352642e-001
5.048726e+003,9.377621e-001
5.052583e+003,9.397973e-001
5.056439e+003,9.417628e-001
5.060297e+003,9.461390e-001
5.064153e+003,9.494768e-001
5.068011e+003,9.517633e-001
5.071867e+003,9.564572e-001
5.075725e+003,9.591569e-001
5.079581e+003,9.602445e-001
5.083438e+003,9.620922e-001
5.087295e+003,9.629967e-001
5.091152e+003,9.638351e-001
5.095009e+003,9.641387e-001
5.098866e+003,9.641595e-001
5.102723e+003,9.638536e-001
5.106580e+003,9.651244e-001
5.110437e+003,9.654654e-001
5.114294e+003,9.662504e-001
5.118150e+003,9.701698e-001
5.122008e+003,9.713832e-001
5.125864e+003,9.719370e-001
5.129722e+003,9.709004e-001
5.133578e+003,9.711632e-001
5.137436e+003,9.721105e-001
5.141292e+003,9.723883e-001
5.145149e+003,9.747052e-001
5.149006e+003,9.756207e-001
5.152863e+003,9.742795e-001
5.156720e+003,9.749817e-001
5.160577e+003,9.754993e-001
5.164434e+003,9.742792e-001
5.168291e+003,9.739507e-001
5.172147e+003,9.736555e-001
5.176005e+003,9.740043e-001
5.179861e+003,9.761593e-001
5.183719e+003,9.778937e-001
5.187575e+003,9.748800e-001
5.191433e+003,9.728039e-001
5.195289e+003,9.715803e-001
5.199146e+003,9.702966e-001
5.203003e+003,9.701995e-001
5.206860e+003,9.691622e-001
5.210717e+003,9.646577e-001
5.214574e+003,9.617673e-001
5.218431e+003,9.608788e-001
5.222288e+003,9.609950e-001
5.226145e+003,9.600901e-001
5.230002e+003,9.582773e-001
5.233858e+003,9.571441e-001
5.237716e+003,9.554111e-001
5.241572e+003,9.522411e-001
5.245430e+003,9.500490e-001
5.249286e+003,9.485343e-001
5.253144e+003,9.475657e-001
5.257000e+003,9.456577e-001
5.260857e+003,9.448833e-001
5.264714e+003,9.458526e-001
5.268571e+003,9.431701e-001
5.272428e+003,9.408203e-001
5.276285e+003,9.405371e-001
5.280142e+003,9.406319e-001
5.283999e+003,9.391025e-001
5.287855e+003,9.366956e-001
5.291713e+003,9.332601e-001
5.295569e+003,9.329499e-001
5.299427e+003,9.342253e-001
5.303283e+003,9.356163e-001
5.307141e+003,9.360106e-001
5.310997e+003,9.351295e-001
5.314854e+003,9.333894e-001
5.318711e+003,9.331701e-001
5.322568e+003,9.350334e-001
5.326425e+003,9.357211e-001
5.330282e+003,9.374427e-001
5.334139e+003,9.397783e-001
5.337996e+003,9.397197e-001
5.341853e+003,9.413987e-001
5.345710e+003,9.459770e-001
5.349566e+003,9.479662e-001
5.353424e+003,9.498842e-001
5.357280e+003,9.525422e-001
5.361138e+003,9.541728e-001
5.364994e+003,9.541062e-001
5.368852e+003,9.578241e-001
5.372708e+003,9.603993e-001
5.376565e+003,9.626023e-001
5.380422e+003,9.636607e-001
5.384279e+003,9.666393e-001
5.388136e+003,9.690864e-001
5.391993e+003,9.700508e-001
5.395850e+003,9.693803e-001
5.399707e+003,9.693249e-001
5.403563e+003,9.707774e-001
5.407421e+003,9.731013e-001
5.411277e+003,9.738690e-001
5.415135e+003,9.724527e-001
5.418991e+003,9.717151e-001
5.422849e+003,9.711053e-001
5.426705e+003,9.743608e-001
5.430563e+003,9.765858e-001
5.434419e+003,9.765779e-001
5.438276e+003,9.787503e-001
5.442133e+003,9.819856e-001
5.445990e+003,9.825538e-001
5.449847e+003,9.819160e-001
5.453704e+003,9.831208e-001
5.457561e+003,9.820771e-001
5.461418e+003,9.821001e-001
5.465274e+003,9.827017e-001
5.469132e+003,9.815432e-001
5.472988e+003,9.812604e-001
5.476846e+003,9.825786e-001
5.480702e+003,9.813365e-001
5.484560e+003,9.811561e-001
5.488416e+003,9.830184e-001
5.492273e+003,9.869170e-001
5.496130e+003,9.893867e-001
5.499987e+003,9.918877e-001
5.503844e+003,9.942375e-001
5.507701e+003,9.945910e-001
5.511558e+003,9.960845e-001
5.515415e+003,9.996967e-001
5.519271e+003,1.004439e+000
5.523129e+003,1.006879e+000
5.526985e+003,1.008179e+000
5.530843e+003,1.010693e+000
5.534699e+003,1.014632e+000
5.538557e+003,1.018846e+000
5.542413e+003,1.020811e+000
5.546271e+003,1.023427e+000
5.550127e+003,1.023489e+000
5.553984e+003,1.022855e+000
5.557841e+003,1.019772e+000
5.561698e+003,1.017395e+000
5.565555e+003,1.015499e+000
5.569412e+003,1.013397e+000
5.573269e+003,1.009322e+000
5.577126e+003,1.004537e+000
5.580982e+003,1.001435e+000
5.584840e+003,9.983910e-001
5.588696e+003,9.970472e-001
5.592554e+003,9.974685e-001
5.596410e+003,9.968136e-001
5.600268e+003,9.965318e-001
5.604124e+003,9.943658e-001
5.607981e+003,9.934451e-001
5.611838e+003,9.925326e-001
5.615695e+003,9.876872e-001
5.619552e+003,9.807971e-001
5.623409e+003,9.744880e-001
5.627266e+003,9.732893e-001
5.631123e+003,9.759309e-001
5.634979e+003,9.753308e-001
5.638837e+003,9.739702e-001
5.642693e+003,9.749035e-001
5.646551e+003,9.744683e-001
5.650407e+003,9.748539e-001
5.654265e+003,9.769530e-001
5.658121e+003,9.807108e-001
5.661979e+003,9.860122e-001
5.665835e+003,9.886080e-001
5.669692e+003,9.907404e-001
5.673549e+003,9.921363e-001
5.677406e+003,9.974665e-001
5.681263e+003,1.005736e+000
5.685120e+003,1.014296e+000
5.688977e+003,1.021959e+000
5.692834e+003,1.034800e+000
5.696690e+003,1.046641e+000
5.700548e+003,1.058349e+000
5.704404e+003,1.072461e+000
5.708262e+003,1.083483e+000
5.712118e+003,1.092213e+000
5.715976e+003,1.100382e+000
5.719832e+003,1.106149e+000
5.723689e+003,1.116350e+000
5.727546e+003,1.127346e+000
5.731403e+003,1.136211e+000
5.735260e+003,1.145473e+000
5.739117e+003,1.152036e+000
5.742974e+003,1.159757e+000
5.746831e+003,1.168360e+000
5.750688e+003,1.176207e+000
5.754545e+003,1.179438e+000
5.758401e+003,1.179471e+000
5.762259e+003,1.178761e+000
5.766115e+003,1.178268e+000
5.769973e+003,1.174022e+000
5.773829e+003,1.167296e+000
5.777687e+003,1.161994e+000
5.781543e+003,1.152887e+000
5.785400e+003,1.142139e+000
5.789257e+003,1.135648e+000
5.793114e+003,1.126052e+000
5.796971e+003,1.111106e+000
5.800828e+003,1.095014e+000
5.804685e+003,1.078029e+000
5.808542e+003,1.063544e+000
5.812398e+003,1.051481e+000
5.816256e+003,1.038986e+000
5.820112e+003,1.023696e+000
5.823970e+003,1.008999e+000
5.827826e+003,9.938378e-001
5.831684e+003,9.794334e-001
5.835540e+003,9.660735e-001
5.839397e+003,9.531115e-001
5.843254e+003,9.394397e-001
5.847111e+003,9.258547e-001
5.850968e+003,9.112380e-001
5.854825e+003,8.969504e-001
5.858682e+003,8.866072e-001
5.862539e+003,8.775228e-001
5.866396e+003,8.678868e-001
5.870253e+003,8.569427e-001
5.874109e+003,8.467970e-001
5.877967e+003,8.390197e-001
5.881823e+003,8.307617e-001
5.885681e+003,8.232484e-001
5.889537e+003,8.171644e-001
5.893395e+003,8.113638e-001
5.897251e+003,8.064517e-001
5.901108e+003,8.011794e-001
5.904965e+003,7.926123e-001
5.908822e+003,7.864546e-001
5.912679e+003,7.825062e-001
5.916536e+003,7.797069e-001
5.920393e+003,7.751785e-001
5.924250e+003,7.694819e-001
5.928106e+003,7.665573e-001
5.931964e+003,7.642277e-001
5.935820e+003,7.618168e-001
5.939678e+003,7.591763e-001
5.943534e+003,7.561786e-001
5.947392e+003,7.519022e-001
5.951248e+003,7.498714e-001
5.955105e+003,7.487260e-001
5.958962e+003,7.484488e-001
5.962819e+003,7.469450e-001
5.966676e+003,7.448837e-001
5.970533e+003,7.422907e-001
5.974390e+003,7.410837e-001
5.978247e+003,7.396401e-001
5.982104e+003,7.375355e-001
5.985961e+003,7.354750e-001
5.989817e+003,7.311783e-001
5.993675e+003,7.293564e-001
5.997531e+003,7.297748e-001
6.001389e+003,7.287148e-001
6.005245e+003,7.262593e-001
6.009103e+003,7.244027e-001
6.012959e+003,7.224129e-001
6.016816e+003,7.209845e-001
6.020673e+003,7.199436e-001
6.024530e+003,7.182550e-001
6.028387e+003,7.160071e-001
6.032244e+003,7.139410e-001
6.036101e+003,7.108247e-001
6.039958e+003,7.080027e-001
6.043814e+003,7.065335e-001
6.047672e+003,7.072135e-001
6.051528e+003,7.067367e-001
6.055386e+003,7.052979e-001
6.059242e+003,7.047623e-001
6.063100e+003,7.040660e-001
6.066956e+003,7.027795e-001
6.070813e+003,7.010142e-001
6.074670e+003,7.006284e-001
6.078527e+003,6.997675e-001
6.082384e+003,6.985505e-001
6.086241e+003,6.983401e-001
6.090098e+003,6.966196e-001
6.093955e+003,6.952350e-001
6.097812e+003,6.945336e-001
6.101669e+003,6.941174e-001
6.105525e+003,6.936462e-001
6.109383e+003,6.916507e-001
6.113239e+003,6.898419e-001
6.117097e+003,6.884900e-001
6.120953e+003,6.877335e-001
6.124811e+003,6.869013e-001
6.128667e+003,6.862982e-001
6.132524e+003,6.865008e-001
6.136381e+003,6.847961e-001
6.140238e+003,6.826223e-001
6.144095e+003,6.820861e-001
6.147952e+003,6.822559e-001
6.151809e+003,6.812722e-001
6.155666e+003,6.789816e-001
6.159522e+003,6.784666e-001
6.163380e+003,6.789168e-001
6.167236e+003,6.770214e-001
6.171094e+003,6.756343e-001
6.174950e+003,6.755751e-001
6.178808e+003,6.736046e-001
6.182664e+003,6.722865e-001
6.186521e+003,6.709750e-001
6.190378e+003,6.702769e-001
6.194235e+003,6.705401e-001
6.198092e+003,6.708482e-001
6.201949e+003,6.690172e-001
6.205806e+003,6.693852e-001
6.209663e+003,6.692313e-001
6.213520e+003,6.677482e-001
6.217377e+003,6.676145e-001
6.221233e+003,6.679258e-001
6.225091e+003,6.669941e-001
6.228947e+003,6.666052e-001
6.232805e+003,6.656733e-001
6.236661e+003,6.643040e-001
6.240519e+003,6.647314e-001
6.244375e+003,6.639113e-001
6.248232e+003,6.629898e-001
6.252089e+003,6.620235e-001
6.255946e+003,6.625593e-001
6.259803e+003,6.648823e-001
6.263660e+003,6.655670e-001
6.267517e+003,6.650041e-001
6.271374e+003,6.648161e-001
6.275230e+003,6.648939e-001
6.279088e+003,6.666921e-001
6.282944e+003,6.669497e-001
6.286802e+003,6.664714e-001
6.290658e+003,6.658905e-001
6.294516e+003,6.668196e-001
6.298372e+003,6.675734e-001
6.302229e+003,6.669767e-001
6.306086e+003,6.666802e-001
6.309943e+003,6.679853e-001
6.313800e+003,6.688154e-001
6.317657e+003,6.693696e-001
6.321514e+003,6.688631e-001
6.325371e+003,6.674511e-001
6.329228e+003,6.678796e-001
6.333085e+003,6.669586e-001
6.336941e+003,6.673108e-001
6.340799e+003,6.683124e-001
6.344655e+003,6.668953e-001
6.348513e+003,6.655758e-001
6.352369e+003,6.654190e-001
6.356227e+003,6.660490e-001
6.360083e+003,6.684320e-001
6.363940e+003,6.708688e-001
6.367797e+003,6.720377e-001
6.371654e+003,6.735888e-001
6.375511e+003,6.759987e-001
6.379368e+003,6.771506e-001
6.383225e+003,6.770330e-001
6.387082e+003,6.784227e-001
6.390938e+003,6.799313e-001
6.394796e+003,6.808697e-001
6.398652e+003,6.814014e-001
6.402510e+003,6.823006e-001
6.406366e+003,6.824723e-001
6.410224e+003,6.819022e-001
6.414080e+003,6.824702e-001
6.417938e+003,6.847703e-001
6.421794e+003,6.853978e-001
6.425651e+003,6.848574e-001
6.429508e+003,6.846216e-001
6.433365e+003,6.856661e-001
6.437222e+003,6.860626e-001
6.441079e+003,6.843239e-001
6.444936e+003,6.832066e-001
6.448793e+003,6.841717e-001
6.452649e+003,6.853231e-001
6.456507e+003,6.840954e-001
6.460363e+003,6.840109e-001
6.464221e+003,6.849944e-001
6.468077e+003,6.850612e-001
6.471935e+003,6.850417e-001
6.475791e+003,6.861461e-001
6.479648e+003,6.870554e-001
6.483505e+003,6.865140e-001
6.487362e+003,6.869211e-001
6.491219e+003,6.879774e-001
6.495076e+003,6.884983e-001
6.498933e+003,6.892773e-001
6.502790e+003,6.894652e-001
6.506646e+003,6.892864e-001
6.510504e+003,6.887577e-001
6.514360e+003,6.869774e-001
6.518218e+003,6.879166e-001
6.522074e+003,6.880188e-001
6.525932e+003,6.893471e-001
6.529788e+003,6.899143e-001
6.533646e+003,6.898167e-001
6.537502e+003,6.893594e-001
6.541359e+003,6.897063e-001
6.545216e+003,6.919888e-001
6.549073e+003,6.939402e-001
6.552930e+003,6.942413e-001
6.556787e+003,6.951454e-001
6.560644e+003,6.969727e-001
6.564501e+003,6.980963e-001
6.568357e+003,6.979663e-001
6.572215e+003,6.995377e-001
6.576071e+003,7.013306e-001
6.579929e+003,7.039987e-001
6.583785e+003,7.063891e-001
6.587643e+003,7.071203e-001
6.591499e+003,7.098516e-001
6.595356e+003,7.120827e-001
6.599213e+003,7.129660e-001
6.603070e+003,7.161571e-001
6.606927e+003,7.183363e-001
6.610784e+003,7.189145e-001
6.614641e+003,7.205347e-001
6.618498e+003,7.239073e-001
6.622354e+003,7.268086e-001
6.626212e+003,7.304006e-001
6.630068e+003,7.327340e-001
6.633926e+003,7.337828e-001
6.637782e+003,7.360738e-001
6.641640e+003,7.389326e-001
6.645496e+003,7.417272e-001
6.649354e+003,7.445527e-001
6.653210e+003,7.463582e-001
6.657067e+003,7.469743e-001
6.660924e+003,7.479789e-001
6.664781e+003,7.493829e-001
6.668638e+003,7.517375e-001
6.672495e+003,7.542278e-001
6.676352e+003,7.574608e-001
6.680209e+003,7.604395e-001
6.684065e+003,7.618555e-001
6.687923e+003,7.641613e-001
6.691779e+003,7.662866e-001
6.695637e+003,7.664002e-001
6.699493e+003,7.667063e-001
6.703351e+003,7.673223e-001
6.707207e+003,7.696095e-001
6.711064e+003,7.731170e-001
6.714921e+003,7.747431e-001
6.718778e+003,7.742198e-001
6.722635e+003,7.760249e-001
6.726492e+003,7.780123e-001
6.730349e+003,7.801923e-001
6.734206e+003,7.821841e-001
6.738063e+003,7.831793e-001
6.741920e+003,7.871261e-001
6.745776e+003,7.895854e-001
6.749634e+003,7.909566e-001
6.753490e+003,7.948734e-001
6.757348e+003,7.984642e-001
6.761204e+003,7.980871e-001
6.765062e+003,7.990128e-001
6.768918e+003,8.014945e-001
6.772775e+003,8.033370e-001
6.776632e+003,8.067557e-001
6.780489e+003,8.069502e-001
6.784346e+003,8.076942e-001
6.788203e+003,8.131710e-001
6.792060e+003,8.151503e-001
6.795917e+003,8.162711e-001
6.799773e+003,8.161930e-001
6.803631e+003,8.161141e-001
6.807487e+003,8.180565e-001
6.811345e+003,8.205207e-001
6.815201e+003,8.222163e-001
6.819059e+003,8.227522e-001
6.822915e+003,8.252353e-001
6.826772e+003,8.270814e-001
6.830629e+003,8.255942e-001
6.834486e+003,8.244978e-001
6.838343e+003,8.281254e-001
6.842200e+003,8.282731e-001
6.846057e+003,8.290147e-001
6.849914e+003,8.309116e-001
6.853771e+003,8.324044e-001
6.857628e+003,8.328652e-001
6.861484e+003,8.327650e-001
6.865342e+003,8.351726e-001
6.869198e+003,8.364734e-001
6.873056e+003,8.364090e-001
6.876912e+003,8.369659e-001
6.880770e+003,8.396630e-001
6.884626e+003,8.412729e-001
6.888483e+003,8.424687e-001
6.892340e+003,8.419039e-001
6.896197e+003,8.425971e-001
6.900054e+003,8.447038e-001
6.903911e+003,8.470803e-001
6.907768e+003,8.474966e-001
6.911625e+003,8.485975e-001
6.915481e+003,8.502786e-001
6.919339e+003,8.525331e-001
6.923195e+003,8.549612e-001
6.927053e+003,8.589085e-001
6.930909e+003,8.618608e-001
6.934767e+003,8.616971e-001
6.938623e+003,8.626252e-001
6.942480e+003,8.651680e-001
6.946337e+003,8.695046e-001
6.950194e+003,8.710095e-001
6.954051e+003,8.742852e-001
6.957908e+003,8.757825e-001
6.961765e+003,8.785433e-001
6.965622e+003,8.817662e-001
6.969479e+003,8.854383e-001
6.973336e+003,8.858970e-001
6.977192e+003,8.861166e-001
6.981050e+003,8.886473e-001
6.984906e+003,8.901287e-001
6.988764e+003,8.893591e-001
6.992620e+003,8.902220e-001
6.996478e+003,8.891585e-001
7.000334e+003,8.851942e-001
7.004191e+003,8.816736e-001
7.008048e+003,8.797966e-001
7.011905e+003,8.796818e-001
7.015762e+003,8.789175e-001
7.019619e+003,8.759426e-001
7.023476e+003,8.725975e-001
7.027333e+003,8.700603e-001
7.031189e+003,8.690992e-001
7.035047e+003,8.689867e-001
7.038903e+003,8.687564e-001
7.042761e+003,8.671245e-001
7.046617e+003,8.656073e-001
7.050475e+003,8.656050e-001
7.054331e+003,8.644705e-001
7.058188e+003,8.621253e-001
7.062045e+003,8.623538e-001
7.065902e+003,8.648073e-001
7.069759e+003,8.639324e-001
7.073616e+003,8.622842e-001
7.077473e+003,8.624523e-001
7.081330e+003,8.617893e-001
7.085187e+003,8.578741e-001
7.089044e+003,8.584462e-001
7.092900e+003,8.604954e-001
7.096758e+003,8.604048e-001
7.100614e+003,8.594323e-001
7.104472e+003,8.597649e-001
7.108328e+003,8.596029e-001
7.112186e+003,8.593647e-001
7.116042e+003,8.613848e-001
7.119899e+003,8.613114e-001
7.123756e+003,8.617571e-001
7.127613e+003,8.642359e-001
7.131470e+003,8.663931e-001
7.135327e+003,8.645643e-001
7.139184e+003,8.649786e-001
7.143041e+003,8.671290e-001
7.146897e+003,8.666546e-001
7.150755e+003,8.683380e-001
7.154611e+003,8.681114e-001
7.158469e+003,8.680650e-001
7.162325e+003,8.677022e-001
7.166183e+003,8.660517e-001
7.170039e+003,8.649574e-001
7.173896e+003,8.642990e-001
7.177753e+003,8.664873e-001
7.181610e+003,8.657385e-001
7.185467e+003,8.632547e-001
7.189324e+003,8.606347e-001
7.193181e+003,8.583813e-001
7.197038e+003,8.545858e-001
7.200895e+003,8.519663e-001
7.204752e+003,8.505457e-001
7.208608e+003,8.484253e-001
7.212466e+003,8.455310e-001
7.216322e+003,8.418576e-001
7.220180e+003,8.364186e-001
7.224036e+003,8.312953e-001
7.227894e+003,8.283545e-001
7.231750e+003,8.261104e-001
7.235607e+003,8.221176e-001
7.239464e+003,8.199208e-001
7.243321e+003,8.144482e-001
7.247178e+003,8.107935e-001
7.251035e+003,8.086732e-001
7.254892e+003,8.035978e-001
7.258749e+003,8.000270e-001
7.262605e+003,7.965845e-001
7.266463e+003,7.940975e-001
7.270319e+003,7.930357e-001
7.274177e+003,7.898950e-001
7.278033e+003,7.858809e-001
7.281891e+003,7.840687e-001
7.285747e+003,7.832320e-001
7.289604e+003,7.815264e-001
7.293461e+003,7.788244e-001
7.297318e+003,7.785298e-001
7.301175e+003,7.775056e-001
7.305032e+003,7.759651e-001
7.308889e+003,7.747822e-001
7.312746e+003,7.745874e-001
7.316603e+003,7.740117e-001
7.320460e+003,7.730545e-001
7.324316e+003,7.711660e-001
7.328174e+003,7.688423e-001
7.332030e+003,7.682408e-001
7.335888e+003,7.685115e-001
7.339744e+003,7.693525e-001
7.343602e+003,7.682757e-001
7.347458e+003,7.680663e-001
7.351315e+003,7.666271e-001
7.355172e+003,7.653230e-001
7.359029e+003,7.649106e-001
7.362886e+003,7.645016e-001
7.366743e+003,7.643341e-001
7.370600e+003,7.636192e-001
7.374457e+003,7.643108e-001
7.378313e+003,7.650036e-001
7.382171e+003,7.653919e-001
7.386027e+003,7.641122e-001
7.389885e+003,7.643158e-001
7.393741e+003,7.648175e-001
7.397599e+003,7.637890e-001
7.401455e+003,7.633860e-001
7.405313e+003,7.629859e-001
7.409169e+003,7.618070e-001
7.413026e+003,7.619269e-001
7.416883e+003,7.626211e-001
7.420740e+003,7.644553e-001
7.424597e+003,7.646982e-001
7.428454e+003,7.624307e-001
7.432311e+003,7.635510e-001
7.436168e+003,7.646666e-001
7.440024e+003,7.633619e-001
7.443882e+003,7.634025e-001
7.447738e+003,7.632434e-001
7.451596e+003,7.634007e-001
7.455452e+003,7.647020e-001
7.459310e+003,7.627171e-001
7.463166e+003,7.606203e-001
7.467023e+003,7.596768e-001
7.470880e+003,7.599236e-001
7.474737e+003,7.611627e-001
7.478594e+003,7.622066e-001
7.482451e+003,7.633036e-001
7.486308e+003,7.632507e-001
7.490165e+003,7.632765e-001
7.494021e+003,7.619263e-001
7.497879e+003,7.611794e-001
7.501735e+003,7.602257e-001
7.505593e+003,7.600766e-001
7.509449e+003,7.613767e-001
7.513307e+003,7.610095e-001
7.517163e+003,7.607815e-001
7.521021e+003,7.595495e-001
7.524877e+003,7.612352e-001
7.528734e+003,7.630548e-001
7.532591e+003,7.628147e-001
7.536448e+003,7.608415e-001
7.540305e+003,7.604554e-001
7.544162e+003,7.610751e-001
7.548019e+003,7.611819e-001
7.551876e+003,7.616168e-001
7.555732e+003,7.610338e-001
7.559590e+003,7.620979e-001
7.563446e+003,7.620103e-001
7.567304e+003,7.608070e-001
7.571160e+003,7.619070e-001
7.575018e+003,7.616867e-001
7.578874e+003,7.618105e-001
7.582731e+003,7.624661e-001
7.586588e+003,7.618203e-001
7.590445e+003,7.606822e-001
7.594302e+003,7.611201e-001
7.598159e+003,7.626404e-001
7.602016e+003,7.647476e-001
7.605873e+003,7.633837e-001
7.609729e+003,7.608337e-001
7.613587e+003,7.615479e-001
7.617443e+003,7.627198e-001
7.621301e+003,7.618015e-001
7.625157e+003,7.607937e-001
7.629015e+003,7.619946e-001
7.632871e+003,7.639406e-001
7.636729e+003,7.626638e-001
7.640585e+003,7.617043e-001
7.644442e+003,7.608488e-001
7.648299e+003,7.606854e-001
7.652156e+003,7.612894e-001
7.656013e+003,7.629372e-001
7.659870e+003,7.643386e-001
7.663727e+003,7.629045e-001
7.667584e+003,7.614933e-001
7.671440e+003,7.624789e-001
7.675298e+003,7.638442e-001
7.679154e+003,7.644859e-001
7.683012e+003,7.640609e-001
7.686868e+003,7.636431e-001
7.690726e+003,7.633594e-001
7.694582e+003,7.633473e-001
7.698439e+003,7.632509e-001
7.702296e+003,7.650765e-001
7.706153e+003,7.663254e-001
7.710010e+003,7.668313e-001
7.713867e+003,7.651750e-001
7.717724e+003,7.661607e-001
7.721581e+003,7.659827e-001
7.725438e+003,7.663416e-001
7.729295e+003,7.663691e-001
7.733151e+003,7.666079e-001
7.737009e+003,7.682754e-001
7.740865e+003,7.690799e-001
7.744723e+003,7.683619e-001
7.748579e+003,7.677692e-001
7.752437e+003,7.674094e-001
7.756293e+003,7.685218e-001
7.760150e+003,7.715877e-001
7.764007e+003,7.715276e-001
7.767864e+003,7.686594e-001
7.771721e+003,7.687703e-001
7.775578e+003,7.707461e-001
7.779435e+003,7.703454e-001
7.783292e+003,7.694231e-001
7.787148e+003,7.691689e-001
7.791006e+003,7.708730e-001
7.794862e+003,7.725341e-001
7.798720e+003,7.725878e-001
7.802576e+003,7.731095e-001
7.806434e+003,7.726306e-001
7.810290e+003,7.726457e-001
7.814147e+003,7.741835e-001
7.818004e+003,7.746049e-001
7.821861e+003,7.736413e-001
7.825718e+003,7.731182e-001
7.829575e+003,7.725238e-001
7.833432e+003,7.704877e-001
7.837289e+003,7.734471e-001
7.841146e+003,7.754795e-001
7.845003e+003,7.751818e-001
7.848859e+003,7.747398e-001
7.852717e+003,7.753696e-001
7.856573e+003,7.779521e-001
7.860431e+003,7.801701e-001
7.864287e+003,7.801650e-001
7.868145e+003,7.795514e-001
7.872001e+003,7.819386e-001
7.875858e+003,7.823331e-001
7.879715e+003,7.822661e-001
7.883572e+003,7.843622e-001
7.887429e+003,7.859793e-001
7.891286e+003,7.833590e-001
7.895143e+003,7.848140e-001
7.899000e+003,7.849260e-001
7.902856e+003,7.862542e-001
7.906714e+003,7.869713e-001
7.910570e+003,7.877100e-001
7.914428e+003,7.888207e-001
7.918284e+003,7.890223e-001
7.922142e+003,7.889174e-001
7.925998e+003,7.919037e-001
7.929855e+003,7.916730e-001
7.933712e+003,7.904783e-001
7.937569e+003,7.939053e-001
7.941426e+003,7.954851e-001
7.945283e+003,7.959369e-001
7.949140e+003,7.982176e-001
7.952997e+003,8.010855e-001
7.956854e+003,8.013283e-001
7.960711e+003,8.017018e-001
7.964567e+003,8.036831e-001
7.968425e+003,8.044524e-001
7.972281e+003,8.051212e-001
7.976139e+003,8.065220e-001
7.979995e+003,8.107613e-001
7.983853e+003,8.138831e-001
7.987709e+003,8.149569e-001
7.991566e+003,8.161758e-001
7.995423e+003,8.177170e-001
7.999280e+003,8.178700e-001
8.003137e+003,8.209002e-001
8.006994e+003,8.248289e-001
8.010851e+003,8.283608e-001
8.014708e+003,8.299121e-001
8.018564e+003,8.329109e-001
8.022422e+003,8.340958e-001
8.026278e+003,8.337577e-001
8.030136e+003,8.384547e-001
8.033992e+003,8.438811e-001
8.037850e+003,8.454022e-001
8.041706e+003,8.482462e-001
8.045563e+003,8.503453e-001
8.049420e+003,8.524655e-001
8.053277e+003,8.560870e-001
8.057134e+003,8.595343e-001
8.060991e+003,8.613756e-001
8.064848e+003,8.640261e-001
8.068705e+003,8.669198e-001
8.072562e+003,8.681719e-001
8.076419e+003,8.699998e-001
8.080275e+003,8.740568e-001
8.084133e+003,8.757825e-001
8.087989e+003,8.739025e-001
8.091847e+003,8.753551e-001
8.095703e+003,8.783084e-001
8.099561e+003,8.804206e-001
8.103417e+003,8.813000e-001
8.107274e+003,8.844488e-001
8.111131e+003,8.880457e-001
8.114988e+003,8.929765e-001
8.118845e+003,8.978935e-001
8.122702e+003,8.979627e-001
8.126559e+003,8.976391e-001
8.130416e+003,9.029755e-001
8.134272e+003,9.075571e-001
8.138130e+003,9.091583e-001
8.141986e+003,9.097103e-001
8.145844e+003,9.131755e-001
8.149700e+003,9.171980e-001
8.153558e+003,9.186023e-001
8.157414e+003,9.188933e-001
8.161271e+003,9.190033e-001
8.165128e+003,9.182589e-001
8.168985e+003,9.177126e-001
8.172842e+003,9.171504e-001
8.176699e+003,9.147489e-001
8.180556e+003,9.129007e-001
8.184413e+003,9.114825e-001
8.188270e+003,9.086968e-001
8.192127e+003,9.122944e-001
8.195983e+003,9.113219e-001
8.199841e+003,9.077008e-001
8.203697e+003,9.035454e-001
8.207555e+003,9.018834e-001
8.211411e+003,8.982760e-001
8.215269e+003,8.981192e-001
8.219125e+003,8.975237e-001
8.222982e+003,8.952347e-001
8.226839e+003,8.960201e-001
8.230696e+003,8.956911e-001
8.234553e+003,8.927116e-001
8.238410e+003,8.891124e-001
8.242267e+003,8.867638e-001
8.246124e+003,8.838062e-001
8.249980e+003,8.819079e-001
8.253838e+003,8.802179e-001
8.257694e+003,8.795400e-001
8.261552e+003,8.798376e-001
8.265408e+003,8.759870e-001
8.269266e+003,8.744858e-001
8.273122e+003,8.721107e-001
8.276979e+003,8.669541e-001
8.280836e+003,8.642997e-001
8.284693e+003,8.639779e-001
8.288550e+003,8.624599e-001
8.292407e+003,8.592808e-001
8.296264e+003,8.565465e-001
8.300121e+003,8.550403e-001
8.303978e+003,8.515395e-001
8.307835e+003,8.512295e-001
8.311691e+003,8.494743e-001
8.315549e+003,8.455781e-001
8.319405e+003,8.450676e-001
8.323263e+003,8.417609e-001
8.327119e+003,8.370011e-001
8.330977e+003,8.358815e-001
8.334833e+003,8.361195e-001
8.338690e+003,8.330762e-001
8.342547e+003,8.302891e-001
8.346404e+003,8.294305e-001
8.350261e+003,8.270465e-001
8.354118e+003,8.257307e-001
8.357975e+003,8.229547e-001
8.361832e+003,8.206607e-001
8.365688e+003,8.183945e-001
8.369546e+003,8.172750e-001
8.373402e+003,8.178967e-001
8.377260e+003,8.158846e-001
8.381116e+003,8.147793e-001
8.384974e+003,8.140343e-001
8.388830e+003,8.130205e-001
8.392688e+003,8.135586e-001
8.396544e+003,8.132530e-001
8.400401e+003,8.116322e-001
8.404258e+003,8.122717e-001
8.408115e+003,8.134338e-001
8.411972e+003,8.105589e-001
8.415829e+003,8.092764e-001
8.419686e+003,8.068770e-001
8.423543e+003,8.063447e-001
8.427399e+003,8.083543e-001
8.431257e+003,8.087801e-001
8.435113e+003,8.085148e-001
8.438971e+003,8.058242e-001
8.442827e+003,8.035164e-001
8.446685e+003,8.040095e-001
8.450541e+003,8.053378e-001
8.454398e+003,8.055009e-001
8.458255e+003,8.035180e-001
8.462112e+003,8.017151e-001
8.465969e+003,8.006393e-001
8.469826e+003,8.009275e-001
8.473683e+003,8.033347e-001
8.477540e+003,8.017920e-001
8.481396e+003,8.006108e-001
8.485254e+003,7.998182e-001
8.489110e+003,7.989022e-001
8.492968e+003,7.957419e-001
8.496824e+003,7.960265e-001
8.500682e+003,7.976446e-001
8.504538e+003,7.957705e-001
8.508396e+003,7.961741e-001
8.512252e+003,7.959820e-001
8.516109e+003,7.942986e-001
8.519966e+003,7.936921e-001
8.523823e+003,7.901416e-001
8.527680e+003,7.894937e-001
8.531537e+003,7.895889e-001
8.535394e+003,7.889046e-001
8.539251e+003,7.881657e-001
8.543107e+003,7.855952e-001
8.546965e+003,7.810746e-001
8.550821e+003,7.814536e-001
8.554679e+003,7.821052e-001
8.558535e+003,7.799525e-001
8.562393e+003,7.800864e-001
8.566249e+003,7.797487e-001
8.570106e+003,7.760506e-001
8.573963e+003,7.743067e-001
8.577820e+003,7.742571e-001
8.581677e+003,7.740003e-001
8.585534e+003,7.758515e-001
8.589391e+003,7.742552e-001
8.593248e+003,7.708198e-001
8.597104e+003,7.693155e-001
8.600962e+003,7.700384e-001
8.604818e+003,7.700396e-001
8.608676e+003,7.682451e-001
8.612532e+003,7.656853e-001
8.616390e+003,7.647268e-001
8.620246e+003,7.649533e-001
8.624104e+003,7.645766e-001
8.627960e+003,7.644117e-001
8.631817e+003,7.639366e-001
8.635674e+003,7.636814e-001
8.639531e+003,7.599483e-001
8.643388e+003,7.593570e-001
8.647245e+003,7.625178e-001
8.651102e+003,7.624906e-001
8.654959e+003,7.610294e-001
8.658815e+003,7.611817e-001
8.662673e+003,7.615333e-001
8.666529e+003,7.603020e-001
8.670387e+003,7.591268e-001
8.674243e+003,7.600064e-001
8.678101e+003,7.564752e-001
8.681957e+003,7.561200e-001
8.685814e+003,7.549627e-001
8.689671e+003,7.553569e-001
8.693528e+003,7.563539e-001
8.697385e+003,7.579809e-001
8.701242e+003,7.563923e-001
8.705099e+003,7.547729e-001
8.708956e+003,7.546966e-001
8.712813e+003,7.553860e-001
8.716670e+003,7.537757e-001
8.720526e+003,7.544197e-001
8.724384e+003,7.565835e-001
8.728240e+003,7.572678e-001
8.732098e+003,7.545857e-001
8.735954e+003,7.509767e-001
8.739812e+003,7.548671e-001
8.743668e+003,7.569120e-001
8.747525e+003,7.548506e-001
8.751382e+003,7.562730e-001
8.755239e+003,7.555116e-001
8.759096e+003,7.528343e-001
8.762953e+003,7.513412e-001
8.766810e+003,7.504248e-001
8.770667e+003,7.511808e-001
8.774523e+003,7.482831e-001
8.778381e+003,7.481787e-001
8.782237e+003,7.507408e-001
8.786095e+003,7.501372e-001
8.789951e+003,7.506759e-001
8.793809e+003,7.504790e-001
8.797665e+003,7.483661e-001
8.801522e+003,7.469702e-001
8.805379e+003,7.513438e-001
8.809236e+003,7.505890e-001
8.813093e+003,7.471420e-001
8.816950e+003,7.470130e-001
8.820807e+003,7.456494e-001
8.824664e+003,7.453644e-001
8.828521e+003,7.459940e-001
8.832378e+003,7.456334e-001
8.836234e+003,7.455644e-001
8.840092e+003,7.491660e-001
8.843948e+003,7.485095e-001
8.847806e+003,7.462862e-001
8.851662e+003,7.485744e-001
8.855520e+003,7.492012e-001
8.859376e+003,7.446902e-001
8.863233e+003,7.418436e-001
8.867090e+003,7.429190e-001
8.870947e+003,7.450551e-001
8.874804e+003,7.466453e-001
8.878661e+003,7.478848e-001
8.882518e+003,7.478319e-001
8.886375e+003,7.456000e-001
8.890231e+003,7.468070e-001
8.894089e+003,7.454401e-001
8.897945e+003,7.447258e-001
8.901803e+003,7.467353e-001
8.905659e+003,7.462598e-001
8.909517e+003,7.434742e-001
8.913373e+003,7.456426e-001
8.917230e+003,7.471060e-001
8.921087e+003,7.474588e-001
8.924944e+003,7.473213e-001
8.928801e+003,7.473210e-001
8.932658e+003,7.466802e-001
8.936515e+003,7.439030e-001
8.940372e+003,7.409193e-001
8.944229e+003,7.426587e-001
8.948086e+003,7.473431e-001
8.951942e+003,7.472674e-001
8.955800e+003,7.475741e-001
8.959656e+003,7.467576e-001
8.963514e+003,7.438586e-001
8.967370e+003,7.469103e-001
8.971228e+003,7.459571e-001
8.975084e+003,7.465484e-001
8.978941e+003,7.469823e-001
8.982798e+003,7.478574e-001
8.986655e+003,7.491789e-001
8.990512e+003,7.477848e-001
8.994369e+003,7.462851e-001
8.998226e+003,7.445931e-001
9.002083e+003,7.436786e-001
9.005939e+003,7.452733e-001
9.009797e+003,7.466422e-001
9.013653e+003,7.451802e-001
9.017511e+003,7.435195e-001
9.021367e+003,7.420829e-001
9.025225e+003,7.458463e-001
9.029081e+003,7.491193e-001
9.032938e+003,7.504334e-001
9.036795e+003,7.498570e-001
9.040652e+003,7.504482e-001
9.044509e+003,7.518829e-001
9.048366e+003,7.512901e-001
9.052223e+003,7.458769e-001
9.056080e+003,7.425743e-001
9.059937e+003,7.450024e-001
9.063794e+003,7.458212e-001
9.067650e+003,7.455679e-001
9.071508e+003,7.454985e-001
9.075364e+003,7.475673e-001
9.079222e+003,7.485468e-001
9.083078e+003,7.475804e-001
9.086936e+003,7.475734e-001
9.090792e+003,7.474292e-001
9.094649e+003,7.482589e-001
9.098506e+003,7.473653e-001
9.102363e+003,7.457079e-001
9.106220e+003,7.477771e-001
9.110077e+003,7.503005e-001
9.113934e+003,7.474018e-001
9.117791e+003,7.478248e-001
9.121647e+003,7.473400e-001
9.125505e+003,7.476217e-001
9.129361e+003,7.460714e-001
9.133219e+003,7.480169e-001
9.137075e+003,7.477654e-001
9.140933e+003,7.453806e-001
9.144789e+003,7.470602e-001
9.148646e+003,7.460912e-001
9.152503e+003,7.436450e-001
9.156360e+003,7.420736e-001
9.160217e+003,7.460648e-001
9.164074e+003,7.453605e-001
9.167931e+003,7.451364e-001
9.171788e+003,7.438663e-001
9.175645e+003,7.435316e-001
9.179502e+003,7.496665e-001
9.183358e+003,7.503580e-001
9.187216e+003,7.469599e-001
9.191072e+003,7.452480e-001
9.194930e+003,7.458095e-001
9.198786e+003,7.489570e-001
9.202644e+003,7.495628e-001
9.206500e+003,7.504188e-001
9.210357e+003,7.518981e-001
9.214214e+003,7.518424e-001
9.218071e+003,7.512724e-001
9.221928e+003,7.482560e-001
9.225785e+003,7.477973e-001
9.229642e+003,7.509140e-001
9.233499e+003,7.511424e-001
9.237355e+003,7.505877e-001
9.241213e+003,7.517077e-001
9.245069e+003,7.515916e-001
9.248927e+003,7.474010e-001
9.252783e+003,7.482111e-001
9.256641e+003,7.546263e-001
9.260497e+003,7.502587e-001
9.264354e+003,7.474357e-001
9.268211e+003,7.499296e-001
9.272068e+003,7.507592e-001
9.275925e+003,7.510699e-001
9.279782e+003,7.538962e-001
9.283639e+003,7.509151e-001
9.287496e+003,7.495142e-001
9.291353e+003,7.504467e-001
9.295210e+003,7.501835e-001
9.299066e+003,7.508307e-001
9.302924e+003,7.520732e-001
9.306780e+003,7.544380e-001
9.310638e+003,7.544117e-001
9.314494e+003,7.524421e-001
9.318352e+003,7.507954e-001
9.322208e+003,7.487295e-001
9.326065e+003,7.516654e-001
9.329922e+003,7.547836e-001
9.333779e+003,7.510231e-001
9.337636e+003,7.479901e-001
9.341493e+003,7.467106e-001
9.345350e+003,7.477132e-001
9.349207e+003,7.512814e-001
9.353063e+003,7.569234e-001
9.356921e+003,7.526879e-001
9.360777e+003,7.500536e-001
9.364635e+003,7.505386e-001
9.368491e+003,7.520163e-001
9.372349e+003,7.529330e-001
9.376205e+003,7.511604e-001
9.380063e+003,7.523938e-001
9.383919e+003,7.535827e-001
9.387776e+003,7.535228e-001
9.391633e+003,7.526784e-001
9.395490e+003,7.550262e-001
9.399347e+003,7.545481e-001
9.403204e+003,7.522713e-001
9.407061e+003,7.492543e-001
9.410918e+003,7.481138e-001
9.414774e+003,7.469583e-001
9.418632e+003,7.481121e-001
9.422488e+003,7.495376e-001
9.426346e+003,7.504551e-001
9.430202e+003,7.529259e-001
9.434060e+003,7.520924e-001
9.437916e+003,7.494159e-001
9.441773e+003,7.509017e-001
9.445630e+003,7.537495e-001
9.449487e+003,7.516391e-001
9.453344e+003,7.493775e-001
9.457201e+003,7.509217e-001
9.461058e+003,7.513555e-001
9.464915e+003,7.536458e-001
9.468771e+003,7.554769e-001
9.472629e+003,7.524687e-001
9.476485e+003,7.486795e-001
9.480343e+003,7.509831e-001
9.484199e+003,7.546216e-001
9.488057e+003,7.545772e-001
9.491913e+003,7.536809e-001
9.495771e+003,7.523865e-001
9.499627e+003,7.499648e-001
9.503484e+003,7.498773e-001
9.507341e+003,7.487018e-001
9.511198e+003,7.495718e-001
9.515055e+003,7.526932e-001
9.518912e+003,7.552240e-001
9.522769e+003,7.561779e-001
9.526626e+003,7.512615e-001
9.530482e+003,7.495298e-001
9.534340e+003,7.501301e-001
9.538196e+003,7.526824e-001
9.542054e+003,7.572105e-001
9.545910e+003,7.556053e-001
9.549768e+003,7.522012e-001
9.553624e+003,7.477961e-001
9.557481e+003,7.459716e-001
9.561338e+003,7.516093e-001
9.565195e+003,7.527279e-001
9.569052e+003,7.476558e-001
9.572909e+003,7.467704e-001
9.576766e+003,7.526380e-001
9.580623e+003,7.493364e-001
9.584479e+003,7.446271e-001
9.588337e+003,7.427593e-001
9.592193e+003,7.443803e-001
9.596051e+003,7.490872e-001
9.599907e+003,7.529596e-001
9.603765e+003,7.501810e-001
9.607621e+003,7.468915e-001
9.611479e+003,7.492972e-001
9.615335e+003,7.500688e-001
9.619192e+003,7.529007e-001
9.623049e+003,7.481946e-001
9.626906e+003,7.434198e-001
9.630763e+003,7.494929e-001
9.634620e+003,7.520541e-001
9.638477e+003,7.500036e-001
9.642334e+003,7.518598e-001
9.646190e+003,7.525535e-001
9.650048e+003,7.506487e-001
9.653904e+003,7.492037e-001
9.657762e+003,7.459031e-001
9.661618e+003,7.437239e-001
9.665476e+003,7.477717e-001
9.669332e+003,7.462262e-001
9.673189e+003,7.434888e-001
9.677046e+003,7.491570e-001
9.680903e+003,7.480595e-001
9.684760e+003,7.478756e-001
9.688617e+003,7.508363e-001
9.692474e+003,7.517093e-001
9.696331e+003,7.515845e-001
9.700188e+003,7.470832e-001
9.704045e+003,7.451593e-001
9.707901e+003,7.416089e-001
9.711759e+003,7.426399e-001
9.715615e+003,7.490419e-001
9.719473e+003,7.559665e-001
9.723329e+003,7.511779e-001
9.727187e+003,7.406121e-001
9.731043e+003,7.425149e-001
9.734900e+003,7.478256e-001
9.738757e+003,7.474532e-001
9.742614e+003,7.472506e-001
9.746471e+003,7.432837e-001
9.750328e+003,7.422578e-001
9.754185e+003,7.439216e-001
9.758042e+003,7.490870e-001
9.761898e+003,7.485893e-001
9.765756e+003,7.451453e-001
9.769612e+003,7.449445e-001
9.773470e+003,7.458127e-001
9.777326e+003,7.478467e-001
9.781184e+003,7.468506e-001
9.785040e+003,7.465415e-001
9.788897e+003,7.446560e-001
9.792754e+003,7.438863e-001
9.796611e+003,7.428409e-001
9.800468e+003,7.440753e-001
9.804325e+003,7.426962e-001
9.808182e+003,7.429128e-001
9.812039e+003,7.415449e-001
9.815896e+003,7.436227e-001
9.819753e+003,7.480033e-001
9.823609e+003,7.501005e-001
9.827467e+003,7.520736e-001
9.831323e+003,7.550852e-001
9.835181e+003,7.488931e-001
9.839037e+003,7.448855e-001
9.842895e+003,7.503197e-001
9.846751e+003,7.480698e-001
9.850608e+003,7.462129e-001
9.854465e+003,7.425398e-001
9.858322e+003,7.426351e-001
9.862179e+003,7.488229e-001
9.866036e+003,7.470063e-001
9.869893e+003,7.435634e-001
9.873750e+003,7.466112e-001
9.877606e+003,7.485421e-001
9.881464e+003,7.439440e-001
9.885320e+003,7.382552e-001
9.889178e+003,7.362297e-001
9.893034e+003,7.389827e-001
9.896892e+003,7.429495e-001
9.900748e+003,7.401250e-001
9.904605e+003,7.435600e-001
9.908462e+003,7.494956e-001
9.912319e+003,7.523855e-001
9.916176e+003,7.521275e-001
9.920033e+003,7.484195e-001
9.923890e+003,7.448671e-001
9.927747e+003,7.437617e-001
9.931604e+003,7.403334e-001
9.935461e+003,7.378889e-001
9.939317e+003,7.404806e-001
9.943175e+003,7.449029e-001
9.947031e+003,7.461582e-001
9.950889e+003,7.462672e-001
9.954745e+003,7.469673e-001
9.958603e+003,7.456837e-001
9.962459e+003,7.417414e-001
9.966316e+003,7.375211e-001
9.970173e+003,7.376143e-001
9.974030e+003,7.453380e-001
9.977887e+003,7.505796e-001
9.981744e+003,7.516441e-001
9.985601e+003,7.492439e-001
9.989458e+003,7.453460e-001
9.993314e+003,7.453420e-001
9.997172e+003,7.486728e-001
1.000103e+004,7.529379e-001
