3.999640e+003,8.128368e-001
4.003497e+003,8.289278e-001
4.007354e+003,7.445072e-001
4.011211e+003,9.435899e-001
4.015068e+003,9.110532e-001
4.018925e+003,7.337872e-001
4.022781e+003,7.881109e-001
4.026638e+003,7.412934e-001
4.030495e+003,7.291005e-001
4.034352e+003,6.363412e-001
4.038209e+003,5.477870e-001
4.042066e+003,5.422819e-001
4.045923e+003,5.615068e-001
4.049780e+003,6.905639e-001
4.053637e+003,7.797678e-001
4.057494e+003,7.029986e-001
4.061351e+003,5.830172e-001
4.065208e+003,5.508314e-001
4.069065e+003,5.472557e-001
4.072922e+003,6.953438e-001
4.076779e+003,5.774342e-001
4.080635e+003,5.510538e-001
4.084492e+003,5.380788e-001
4.088349e+003,5.733033e-001
4.092206e+003,7.621074e-001
4.096063e+003,8.980379e-001
4.099920e+003,1.159875e+000
4.103777e+003,9.963892e-001
4.107634e+003,7.354593e-001
4.111491e+003,9.006742e-001
4.115348e+003,1.201594e+000
4.119205e+003,1.097544e+000
4.123062e+003,9.472086e-001
4.126919e+003,1.066648e+000
4.130775e+003,9.955394e-001
4.134633e+003,9.244087e-001
4.138489e+003,1.038390e+000
4.142347e+003,1.163459e+000
4.146203e+003,1.210422e+000
4.150061e+003,1.241637e+000
4.153917e+003,1.290022e+000
4.157774e+003,1.673834e+000
4.161631e+003,1.663774e+000
4.165488e+003,1.328041e+000
4.169345e+003,1.372072e+000
4.173202e+003,1.481533e+000
4.177059e+003,1.422974e+000
4.180916e+003,1.287586e+000
4.184772e+003,1.197494e+000
4.188630e+003,1.241452e+000
4.192486e+003,1.239528e+000
4.196344e+003,1.227689e+000
4.200200e+003,1.291004e+000
4.204058e+003,1.272618e+000
4.207914e+003,1.211912e+000
4.211771e+003,1.241987e+000
4.215628e+003,1.230451e+000
4.219485e+003,1.187315e+000
4.223342e+003,1.184535e+000
4.227199e+003,1.227681e+000
4.231056e+003,1.293053e+000
4.234913e+003,1.306263e+000
4.238770e+003,1.260084e+000
4.242627e+003,1.338051e+000
4.246483e+003,1.410625e+000
4.250341e+003,1.353294e+000
4.254197e+003,1.325186e+000
4.258055e+003,1.314648e+000
4.261911e+003,1.342521e+000
4.265769e+003,1.341985e+000
4.269625e+003,1.309452e+000
4.273482e+003,1.341417e+000
4.277339e+003,1.357473e+000
4.281196e+003,1.315479e+000
4.285053e+003,1.294218e+000
4.288910e+003,1.290213e+000
4.292767e+003,1.319562e+000
4.296624e+003,1.369453e+000
4.300480e+003,1.336926e+000
4.304338e+003,1.312823e+000
4.308194e+003,1.351684e+000
4.312052e+003,1.345554e+000
4.315908e+003,1.338511e+000
4.319766e+003,1.385439e+000
4.323622e+003,1.437519e+000
4.327479e+003,1.441724e+000
4.331336e+003,1.435711e+000
4.335193e+003,1.426170e+000
4.339050e+003,1.420672e+000
4.342907e+003,1.400900e+000
4.346764e+003,1.429593e+000
4.350621e+003,1.388929e+000
4.354478e+003,1.323265e+000
4.358335e+003,1.328732e+000
4.362191e+003,1.314475e+000
4.366049e+003,1.324634e+000
4.369905e+003,1.304028e+000
4.373763e+003,1.251744e+000
4.377619e+003,1.183063e+000
4.381477e+003,1.148090e+000
4.385333e+003,1.132668e+000
4.389190e+003,1.111750e+000
4.393047e+003,1.100240e+000
4.396904e+003,1.103033e+000
4.400761e+003,1.087646e+000
4.404618e+003,1.069894e+000
4.408475e+003,1.060636e+000
4.412332e+003,1.044917e+000
4.416188e+003,1.042487e+000
4.420046e+003,1.048705e+000
4.423902e+003,1.021275e+000
4.427760e+003,9.943951e-001
4.431616e+003,1.004117e+000
4.435474e+003,9.950365e-001
4.439330e+003,9.735973e-001
4.443188e+003,9.562485e-001
4.447044e+003,9.476196e-001
4.450901e+003,9.503836e-001
4.454758e+003,9.380755e-001
4.458615e+003,9.301245e-001
4.462472e+003,9.297765e-001
4.466329e+003,9.202244e-001
4.470186e+003,9.125484e-001
4.474043e+003,9.049309e-001
4.477899e+003,9.023884e-001
4.481757e+003,8.959504e-001
4.485613e+003,8.910264e-001
4.489471e+003,8.926811e-001
4.493327e+003,8.789711e-001
4.497185e+003,8.740003e-001
4.501041e+003,8.759153e-001
4.504898e+003,8.706635e-001
4.508755e+003,8.655104e-001
4.512612e+003,8.649023e-001
4.516469e+003,8.612163e-001
4.520326e+003,8.565739e-001
4.524183e+003,8.581107e-001
4.528040e+003,8.530338e-001
4.531896e+003,8.542358e-001
4.535754e+003,8.490812e-001
4.539610e+003,8.456436e-001
4.543468e+003,8.371007e-001
4.547324e+003,8.317904e-001
4.551182e+003,8.289344e-001
4.555038e+003,8.239121e-001
4.558896e+003,8.205496e-001
4.562752e+003,8.222718e-001
4.566609e+003,8.206893e-001
4.570466e+003,8.149920e-001
4.574323e+003,8.108877e-001
4.578180e+003,8.107737e-001
4.582037e+003,8.071671e-001
4.585894e+003,8.027531e-001
4.589751e+003,7.981092e-001
4.593607e+003,7.908756e-001
4.597465e+003,7.843214e-001
4.601321e+003,7.774936e-001
4.605179e+003,7.752832e-001
4.609035e+003,7.720411e-001
4.612893e+003,7.690139e-001
4.616749e+003,7.685610e-001
4.620606e+003,7.665716e-001
4.624463e+003,7.621022e-001
4.628320e+003,7.586278e-001
4.632177e+003,7.559406e-001
4.636034e+003,7.527048e-001
4.639891e+003,7.529303e-001
4.643748e+003,7.530311e-001
4.647604e+003,7.512582e-001
4.651462e+003,7.522072e-001
4.655318e+003,7.528862e-001
4.659176e+003,7.513986e-001
4.663032e+003,7.506226e-001
4.666890e+003,7.506039e-001
4.670746e+003,7.509916e-001
4.674604e+003,7.518259e-001
4.678460e+003,7.509142e-001
4.682317e+003,7.480267e-001
4.686174e+003,7.485641e-001
4.690031e+003,7.488766e-001
4.693888e+003,7.490033e-001
4.697745e+003,7.502010e-001
4.701602e+003,7.457863e-001
4.705459e+003,7.458203e-001
4.709315e+003,7.465488e-001
4.713173e+003,7.428773e-001
4.717029e+003,7.417523e-001
4.720887e+003,7.388051e-001
4.724743e+003,7.373374e-001
4.728601e+003,7.359201e-001
4.732457e+003,7.379160e-001
4.736314e+003,7.395325e-001
4.740171e+003,7.415530e-001
4.744028e+003,7.449045e-001
4.747885e+003,7.467903e-001
4.751742e+003,7.501264e-001
4.755599e+003,7.558229e-001
4.759456e+003,7.628890e-001
4.763313e+003,7.649240e-001
4.767170e+003,7.688702e-001
4.771026e+003,7.739513e-001
4.774884e+003,7.789518e-001
4.778740e+003,7.859581e-001
4.782598e+003,7.908122e-001
4.786454e+003,7.960994e-001
4.790312e+003,8.002379e-001
4.794168e+003,8.028208e-001
4.798025e+003,8.078846e-001
4.801882e+003,8.119318e-001
4.805739e+003,8.172874e-001
4.809596e+003,8.238870e-001
4.813453e+003,8.301876e-001
4.817310e+003,8.355162e-001
4.821167e+003,8.403286e-001
4.825023e+003,8.441471e-001
4.828881e+003,8.478863e-001
4.832737e+003,8.524432e-001
4.836595e+003,8.592855e-001
4.840451e+003,8.705511e-001
4.844309e+003,8.729671e-001
4.848165e+003,8.737832e-001
4.852022e+003,8.814283e-001
4.855879e+003,8.849868e-001
4.859736e+003,8.889306e-001
4.863593e+003,8.932804e-001
4.867450e+003,8.954085e-001
4.871307e+003,9.002849e-001
4.875164e+003,9.028924e-001
4.879021e+003,9.053214e-001
4.882878e+003,9.102765e-001
4.886734e+003,9.132821e-001
4.890592e+003,9.142750e-001
4.894448e+003,9.151677e-001
4.898306e+003,9.173957e-001
4.902162e+003,9.177663e-001
4.906020e+003,9.171515e-001
4.909876e+003,9.188803e-001
4.913733e+003,9.216959e-001
4.917590e+003,9.218051e-001
4.921447e+003,9.210159e-001
4.925304e+003,9.230658e-001
4.929161e+003,9.223765e-001
4.933018e+003,9.221277e-001
4.936875e+003,9.209799e-001
4.940731e+003,9.203126e-001
4.944589e+003,9.204711e-001
4.948445e+003,9.218761e-001
4.952303e+003,9.229456e-001
4.956159e+003,9.230628e-001
4.960017e+003,9.243712e-001
4.963873e+003,9.263696e-001
4.967730e+003,9.258085e-001
4.971587e+003,9.258143e-001
4.975444e+003,9.292557e-001
4.979301e+003,9.303511e-001
4.983158e+003,9.278382e-001
4.987015e+003,9.261131e-001
4.990872e+003,9.268048e-001
4.994729e+003,9.304017e-001
4.998586e+003,9.311479e-001
5.002442e+003,9.335316e-001
5.006300e+003,9.376099e-001
5.010156e+003,9.424825e-001
5.014014e+003,9.448363e-001
5.017870e+003,9.462096e-001
5.021728e+003,9.489398e-001
5.025584e+003,9.524916e-001
5.029441e+003,9.542349e-001
5.033298e+003,9.574515e-001
5.037155e+003,9.623782e-001
5.041012e+003,9.639480e-001
5.044869e+003,9.661295e-001
5.048726e+003,9.679712e-001
5.052583e+003,9.693704e-001
5.056439e+003,9.742729e-001
5.060297e+003,9.780896e-001
5.064153e+003,9.801045e-001
5.068011e+003,9.824116e-001
5.071867e+003,9.845840e-001
5.075725e+003,9.849735e-001
5.079581e+003,9.866256e-001
5.083438e+003,9.910779e-001
5.087295e+003,9.940127e-001
5.091152e+003,9.934156e-001
5.095009e+003,9.922315e-001
5.098866e+003,9.920205e-001
5.102723e+003,9.933211e-001
5.106580e+003,9.919811e-001
5.110437e+003,9.907449e-001
5.114294e+003,9.913990e-001
5.118150e+003,9.930208e-001
5.122008e+003,9.956414e-001
5.125864e+003,9.971828e-001
5.129722e+003,9.992723e-001
5.133578e+003,9.999725e-001
5.137436e+003,1.000530e+000
5.141292e+003,1.001056e+000
5.145149e+003,1.000890e+000
5.149006e+003,1.001278e+000
5.152863e+003,1.002813e+000
5.156720e+003,1.001276e+000
5.160577e+003,9.991516e-001
5.164434e+003,9.983805e-001
5.168291e+003,9.985937e-001
5.172147e+003,1.000872e+000
5.176005e+003,1.003425e+000
5.179861e+003,1.003041e+000
5.183719e+003,1.001582e+000
5.187575e+003,1.001515e+000
5.191433e+003,1.002532e+000
5.195289e+003,1.001000e+000
5.199146e+003,9.971702e-001
5.203003e+003,9.967447e-001
5.206860e+003,9.940620e-001
5.210717e+003,9.912085e-001
5.214574e+003,9.905043e-001
5.218431e+003,9.889767e-001
5.222288e+003,9.879830e-001
5.226145e+003,9.889896e-001
5.230002e+003,9.880062e-001
5.233858e+003,9.855427e-001
5.237716e+003,9.837098e-001
5.241572e+003,9.817908e-001
5.245430e+003,9.809840e-001
5.249286e+003,9.814987e-001
5.253144e+003,9.786543e-001
5.257000e+003,9.754578e-001
5.260857e+003,9.753982e-001
5.264714e+003,9.772140e-001
5.268571e+003,9.753797e-001
5.272428e+003,9.739977e-001
5.276285e+003,9.739561e-001
5.280142e+003,9.706536e-001
5.283999e+003,9.667917e-001
5.287855e+003,9.661447e-001
5.291713e+003,9.664051e-001
5.295569e+003,9.683319e-001
5.299427e+003,9.685393e-001
5.303283e+003,9.669461e-001
5.307141e+003,9.669746e-001
5.310997e+003,9.684369e-001
5.314854e+003,9.697658e-001
5.318711e+003,9.699504e-001
5.322568e+003,9.675127e-001
5.326425e+003,9.701412e-001
5.330282e+003,9.738199e-001
5.334139e+003,9.741879e-001
5.337996e+003,9.749842e-001
5.341853e+003,9.761169e-001
5.345710e+003,9.774305e-001
5.349566e+003,9.791746e-001
5.353424e+003,9.818594e-001
5.357280e+003,9.829614e-001
5.361138e+003,9.854524e-001
5.364994e+003,9.884419e-001
5.368852e+003,9.910027e-001
5.372708e+003,9.933726e-001
5.376565e+003,9.944866e-001
5.380422e+003,9.956949e-001
5.384279e+003,9.969293e-001
5.388136e+003,9.974968e-001
5.391993e+003,9.995055e-001
5.395850e+003,1.000046e+000
5.399707e+003,1.000213e+000
5.403563e+003,1.000985e+000
5.407421e+003,9.996137e-001
5.411277e+003,1.002545e+000
5.415135e+003,1.004250e+000
5.418991e+003,1.002521e+000
5.422849e+003,1.004060e+000
5.426705e+003,1.005140e+000
5.430563e+003,1.005500e+000
5.434419e+003,1.005924e+000
5.438276e+003,1.008518e+000
5.442133e+003,1.009503e+000
5.445990e+003,1.010468e+000
5.449847e+003,1.011647e+000
5.453704e+003,1.011226e+000
5.457561e+003,1.011046e+000
5.461418e+003,1.012347e+000
5.465274e+003,1.011907e+000
5.469132e+003,1.011284e+000
5.472988e+003,1.011928e+000
5.476846e+003,1.012705e+000
5.480702e+003,1.011968e+000
5.484560e+003,1.012814e+000
5.488416e+003,1.013735e+000
5.492273e+003,1.012377e+000
5.496130e+003,1.013446e+000
5.499987e+003,1.018105e+000
5.503844e+003,1.021504e+000
5.507701e+003,1.024047e+000
5.511558e+003,1.027457e+000
5.515415e+003,1.029786e+000
5.519271e+003,1.032914e+000
5.523129e+003,1.033114e+000
5.526985e+003,1.032707e+000
5.530843e+003,1.038342e+000
5.534699e+003,1.042622e+000
5.538557e+003,1.044697e+000
5.542413e+003,1.048302e+000
5.546271e+003,1.049246e+000
5.550127e+003,1.047966e+000
5.553984e+003,1.047986e+000
5.557841e+003,1.045670e+000
5.561698e+003,1.045447e+000
5.565555e+003,1.044153e+000
5.569412e+003,1.038167e+000
5.573269e+003,1.032439e+000
5.577126e+003,1.028566e+000
5.580982e+003,1.026680e+000
5.584840e+003,1.025896e+000
5.588696e+003,1.025648e+000
5.592554e+003,1.022333e+000
5.596410e+003,1.023798e+000
5.600268e+003,1.024939e+000
5.604124e+003,1.022751e+000
5.607981e+003,1.019819e+000
5.611838e+003,1.015207e+000
5.615695e+003,1.012253e+000
5.619552e+003,1.010059e+000
5.623409e+003,1.004893e+000
5.627266e+003,1.001635e+000
5.631123e+003,1.002067e+000
5.634979e+003,1.001085e+000
5.638837e+003,1.000862e+000
5.642693e+003,9.999132e-001
5.646551e+003,1.000377e+000
5.650407e+003,1.002477e+000
5.654265e+003,1.005110e+000
5.658121e+003,1.009161e+000
5.661979e+003,1.010280e+000
5.665835e+003,1.010251e+000
5.669692e+003,1.015616e+000
5.673549e+003,1.019734e+000
5.677406e+003,1.024343e+000
5.681263e+003,1.032756e+000
5.685120e+003,1.038640e+000
5.688977e+003,1.046218e+000
5.692834e+003,1.056904e+000
5.696690e+003,1.067098e+000
5.700548e+003,1.076736e+000
5.704404e+003,1.087998e+000
5.708262e+003,1.097238e+000
5.712118e+003,1.109704e+000
5.715976e+003,1.119839e+000
5.719832e+003,1.123232e+000
5.723689e+003,1.129136e+000
5.727546e+003,1.139103e+000
5.731403e+003,1.149204e+000
5.735260e+003,1.157158e+000
5.739117e+003,1.162190e+000
5.742974e+003,1.168614e+000
5.746831e+003,1.178122e+000
5.750688e+003,1.183608e+000
5.754545e+003,1.184482e+000
5.758401e+003,1.184216e+000
5.762259e+003,1.185348e+000
5.766115e+003,1.183355e+000
5.769973e+003,1.178657e+000
5.773829e+003,1.176896e+000
5.777687e+003,1.170319e+000
5.781543e+003,1.165230e+000
5.785400e+003,1.157500e+000
5.789257e+003,1.148231e+000
5.793114e+003,1.136994e+000
5.796971e+003,1.123389e+000
5.800828e+003,1.110830e+000
5.804685e+003,1.098823e+000
5.808542e+003,1.084855e+000
5.812398e+003,1.072816e+000
5.816256e+003,1.060486e+000
5.820112e+003,1.047009e+000
5.823970e+003,1.032841e+000
5.827826e+003,1.021116e+000
5.831684e+003,1.007993e+000
5.835540e+003,9.949759e-001
5.839397e+003,9.818362e-001
5.843254e+003,9.709237e-001
5.847111e+003,9.588969e-001
5.850968e+003,9.456059e-001
5.854825e+003,9.348285e-001
5.858682e+003,9.234721e-001
5.862539e+003,9.132399e-001
5.866396e+003,9.078194e-001
5.870253e+003,8.994758e-001
5.874109e+003,8.902787e-001
5.877967e+003,8.822055e-001
5.881823e+003,8.744034e-001
5.885681e+003,8.660498e-001
5.889537e+003,8.596388e-001
5.893395e+003,8.555754e-001
5.897251e+003,8.512507e-001
5.901108e+003,8.464171e-001
5.904965e+003,8.401555e-001
5.908822e+003,8.349216e-001
5.912679e+003,8.316079e-001
5.916536e+003,8.279256e-001
5.920393e+003,8.237297e-001
5.924250e+003,8.211437e-001
5.928106e+003,8.185793e-001
5.931964e+003,8.154834e-001
5.935820e+003,8.124068e-001
5.939678e+003,8.094762e-001
5.943534e+003,8.064817e-001
5.947392e+003,8.050936e-001
5.951248e+003,8.024607e-001
5.955105e+003,8.007743e-001
5.958962e+003,7.996013e-001
5.962819e+003,7.998475e-001
5.966676e+003,7.986313e-001
5.970533e+003,7.957078e-001
5.974390e+003,7.944988e-001
5.978247e+003,7.926710e-001
5.982104e+003,7.896795e-001
5.985961e+003,7.868992e-001
5.989817e+003,7.845469e-001
5.993675e+003,7.824436e-001
5.997531e+003,7.811308e-001
6.001389e+003,7.802309e-001
6.005245e+003,7.770118e-001
6.009103e+003,7.745091e-001
6.012959e+003,7.744508e-001
6.016816e+003,7.728609e-001
6.020673e+003,7.694906e-001
6.024530e+003,7.676021e-001
6.028387e+003,7.660065e-001
6.032244e+003,7.638642e-001
6.036101e+003,7.620346e-001
6.039958e+003,7.611303e-001
6.043814e+003,7.588763e-001
6.047672e+003,7.569149e-001
6.051528e+003,7.558673e-001
6.055386e+003,7.535579e-001
6.059242e+003,7.525403e-001
6.063100e+003,7.548614e-001
6.066956e+003,7.546332e-001
6.070813e+003,7.534641e-001
6.074670e+003,7.523456e-001
6.078527e+003,7.508273e-001
6.082384e+003,7.492578e-001
6.086241e+003,7.478976e-001
6.090098e+003,7.465674e-001
6.093955e+003,7.465126e-001
6.097812e+003,7.461631e-001
6.101669e+003,7.443294e-001
6.105525e+003,7.428131e-001
6.109383e+003,7.420062e-001
6.113239e+003,7.421263e-001
6.117097e+003,7.418305e-001
6.120953e+003,7.401698e-001
6.124811e+003,7.396436e-001
6.128667e+003,7.379537e-001
6.132524e+003,7.359822e-001
6.136381e+003,7.347492e-001
6.140238e+003,7.331350e-001
6.144095e+003,7.335074e-001
6.147952e+003,7.332767e-001
6.151809e+003,7.310491e-001
6.155666e+003,7.289482e-001
6.159522e+003,7.290975e-001
6.163380e+003,7.282248e-001
6.167236e+003,7.264006e-001
6.171094e+003,7.259820e-001
6.174950e+003,7.257916e-001
6.178808e+003,7.240109e-001
6.182664e+003,7.221903e-001
6.186521e+003,7.208704e-001
6.190378e+003,7.197869e-001
6.194235e+003,7.183730e-001
6.198092e+003,7.182090e-001
6.201949e+003,7.195084e-001
6.205806e+003,7.194027e-001
6.209663e+003,7.175707e-001
6.213520e+003,7.180132e-001
6.217377e+003,7.178683e-001
6.221233e+003,7.161575e-001
6.225091e+003,7.159522e-001
6.228947e+003,7.158855e-001
6.232805e+003,7.145000e-001
6.236661e+003,7.135538e-001
6.240519e+003,7.137571e-001
6.244375e+003,7.116405e-001
6.248232e+003,7.109431e-001
6.252089e+003,7.133206e-001
6.255946e+003,7.134934e-001
6.259803e+003,7.133471e-001
6.263660e+003,7.135066e-001
6.267517e+003,7.132736e-001
6.271374e+003,7.139578e-001
6.275230e+003,7.152019e-001
6.279088e+003,7.165620e-001
6.282944e+003,7.169507e-001
6.286802e+003,7.168881e-001
6.290658e+003,7.163296e-001
6.294516e+003,7.151154e-001
6.298372e+003,7.150266e-001
6.302229e+003,7.163121e-001
6.306086e+003,7.167205e-001
6.309943e+003,7.157959e-001
6.313800e+003,7.173511e-001
6.317657e+003,7.176747e-001
6.321514e+003,7.187995e-001
6.325371e+003,7.168002e-001
6.329228e+003,7.171314e-001
6.333085e+003,7.171714e-001
6.336941e+003,7.165188e-001
6.340799e+003,7.156869e-001
6.344655e+003,7.160261e-001
6.348513e+003,7.166677e-001
6.352369e+003,7.171643e-001
6.356227e+003,7.168854e-001
6.360083e+003,7.187035e-001
6.363940e+003,7.194528e-001
6.367797e+003,7.214416e-001
6.371654e+003,7.237395e-001
6.375511e+003,7.239425e-001
6.379368e+003,7.248552e-001
6.383225e+003,7.265376e-001
6.387082e+003,7.281896e-001
6.390938e+003,7.298761e-001
6.394796e+003,7.300830e-001
6.398652e+003,7.296452e-001
6.402510e+003,7.316964e-001
6.406366e+003,7.337686e-001
6.410224e+003,7.333039e-001
6.414080e+003,7.315033e-001
6.417938e+003,7.314695e-001
6.421794e+003,7.325274e-001
6.425651e+003,7.324956e-001
6.429508e+003,7.318717e-001
6.433365e+003,7.318555e-001
6.437222e+003,7.320349e-001
6.441079e+003,7.323751e-001
6.444936e+003,7.329144e-001
6.448793e+003,7.336132e-001
6.452649e+003,7.344207e-001
6.456507e+003,7.356323e-001
6.460363e+003,7.356184e-001
6.464221e+003,7.353022e-001
6.468077e+003,7.345747e-001
6.471935e+003,7.359204e-001
6.475791e+003,7.357417e-001
6.479648e+003,7.356889e-001
6.483505e+003,7.342169e-001
6.487362e+003,7.337865e-001
6.491219e+003,7.350417e-001
6.495076e+003,7.358669e-001
6.498933e+003,7.351208e-001
6.502790e+003,7.371191e-001
6.506646e+003,7.379600e-001
6.510504e+003,7.377591e-001
6.514360e+003,7.368150e-001
6.518218e+003,7.375464e-001
6.522074e+003,7.386245e-001
6.525932e+003,7.393174e-001
6.529788e+003,7.389805e-001
6.533646e+003,7.385754e-001
6.537502e+003,7.389934e-001
6.541359e+003,7.397048e-001
6.545216e+003,7.407502e-001
6.549073e+003,7.418260e-001
6.552930e+003,7.408969e-001
6.556787e+003,7.421688e-001
6.560644e+003,7.421613e-001
6.564501e+003,7.435333e-001
6.568357e+003,7.458007e-001
6.572215e+003,7.468979e-001
6.576071e+003,7.496244e-001
6.579929e+003,7.510542e-001
6.583785e+003,7.522151e-001
6.587643e+003,7.556533e-001
6.591499e+003,7.580754e-001
6.595356e+003,7.597670e-001
6.599213e+003,7.615716e-001
6.603070e+003,7.636686e-001
6.606927e+003,7.664999e-001
6.610784e+003,7.693418e-001
6.614641e+003,7.720892e-001
6.618498e+003,7.735420e-001
6.622354e+003,7.742231e-001
6.626212e+003,7.755991e-001
6.630068e+003,7.763268e-001
6.633926e+003,7.777939e-001
6.637782e+003,7.805727e-001
6.641640e+003,7.832483e-001
6.645496e+003,7.865123e-001
6.649354e+003,7.885928e-001
6.653210e+003,7.913916e-001
6.657067e+003,7.938473e-001
6.660924e+003,7.946198e-001
6.664781e+003,7.966072e-001
6.668638e+003,7.987164e-001
6.672495e+003,8.004351e-001
6.676352e+003,8.017718e-001
6.680209e+003,8.041635e-001
6.684065e+003,8.077282e-001
6.687923e+003,8.096511e-001
6.691779e+003,8.105389e-001
6.695637e+003,8.117089e-001
6.699493e+003,8.114511e-001
6.703351e+003,8.133848e-001
6.707207e+003,8.149812e-001
6.711064e+003,8.168293e-001
6.714921e+003,8.197247e-001
6.718778e+003,8.218339e-001
6.722635e+003,8.205193e-001
6.726492e+003,8.213030e-001
6.730349e+003,8.250217e-001
6.734206e+003,8.272658e-001
6.738063e+003,8.287418e-001
6.741920e+003,8.307496e-001
6.745776e+003,8.331697e-001
6.749634e+003,8.352295e-001
6.753490e+003,8.381788e-001
6.757348e+003,8.411553e-001
6.761204e+003,8.429972e-001
6.765062e+003,8.433309e-001
6.768918e+003,8.477136e-001
6.772775e+003,8.510473e-001
6.776632e+003,8.519609e-001
6.780489e+003,8.517407e-001
6.784346e+003,8.537866e-001
6.788203e+003,8.562300e-001
6.792060e+003,8.566887e-001
6.795917e+003,8.574599e-001
6.799773e+003,8.599370e-001
6.803631e+003,8.617367e-001
6.807487e+003,8.616375e-001
6.811345e+003,8.628502e-001
6.815201e+003,8.660470e-001
6.819059e+003,8.676197e-001
6.822915e+003,8.675831e-001
6.826772e+003,8.687177e-001
6.830629e+003,8.717017e-001
6.834486e+003,8.715321e-001
6.838343e+003,8.717093e-001
6.842200e+003,8.727144e-001
6.846057e+003,8.731179e-001
6.849914e+003,8.748739e-001
6.853771e+003,8.758233e-001
6.857628e+003,8.761272e-001
6.861484e+003,8.772410e-001
6.865342e+003,8.787913e-001
6.869198e+003,8.812225e-001
6.873056e+003,8.825243e-001
6.876912e+003,8.828241e-001
6.880770e+003,8.843634e-001
6.884626e+003,8.852492e-001
6.888483e+003,8.836597e-001
6.892340e+003,8.850664e-001
6.896197e+003,8.879743e-001
6.900054e+003,8.902550e-001
6.903911e+003,8.903193e-001
6.907768e+003,8.915969e-001
6.911625e+003,8.928325e-001
6.915481e+003,8.940144e-001
6.919339e+003,8.962983e-001
6.923195e+003,8.960384e-001
6.927053e+003,8.967591e-001
6.930909e+003,9.006811e-001
6.934767e+003,9.047420e-001
6.938623e+003,9.063129e-001
6.942480e+003,9.081318e-001
6.946337e+003,9.107026e-001
6.950194e+003,9.151145e-001
6.954051e+003,9.171761e-001
6.957908e+003,9.183474e-001
6.961765e+003,9.213513e-001
6.965622e+003,9.224367e-001
6.969479e+003,9.237908e-001
6.973336e+003,9.264820e-001
6.977192e+003,9.284835e-001
6.981050e+003,9.303036e-001
6.984906e+003,9.311768e-001
6.988764e+003,9.315366e-001
6.992620e+003,9.295627e-001
6.996478e+003,9.281405e-001
7.000334e+003,9.284073e-001
7.004191e+003,9.251149e-001
7.008048e+003,9.221134e-001
7.011905e+003,9.200803e-001
7.015762e+003,9.191796e-001
7.019619e+003,9.182940e-001
7.023476e+003,9.175185e-001
7.027333e+003,9.163184e-001
7.031189e+003,9.143459e-001
7.035047e+003,9.121100e-001
7.038903e+003,9.108285e-001
7.042761e+003,9.109192e-001
7.046617e+003,9.086508e-001
7.050475e+003,9.072797e-001
7.054331e+003,9.062663e-001
7.058188e+003,9.062688e-001
7.062045e+003,9.051365e-001
7.065902e+003,9.043440e-001
7.069759e+003,9.069771e-001
7.073616e+003,9.075617e-001
7.077473e+003,9.071948e-001
7.081330e+003,9.063165e-001
7.085187e+003,9.043951e-001
7.089044e+003,9.037492e-001
7.092900e+003,9.041463e-001
7.096758e+003,9.042479e-001
7.100614e+003,9.050954e-001
7.104472e+003,9.063240e-001
7.108328e+003,9.067362e-001
7.112186e+003,9.059538e-001
7.116042e+003,9.072614e-001
7.119899e+003,9.089924e-001
7.123756e+003,9.090969e-001
7.127613e+003,9.088142e-001
7.131470e+003,9.074188e-001
7.135327e+003,9.076383e-001
7.139184e+003,9.088884e-001
7.143041e+003,9.100010e-001
7.146897e+003,9.108669e-001
7.150755e+003,9.136801e-001
7.154611e+003,9.134538e-001
7.158469e+003,9.115120e-001
7.162325e+003,9.111725e-001
7.166183e+003,9.103472e-001
7.170039e+003,9.114934e-001
7.173896e+003,9.122325e-001
7.177753e+003,9.114220e-001
7.181610e+003,9.113205e-001
7.185467e+003,9.079950e-001
7.189324e+003,9.039319e-001
7.193181e+003,9.034351e-001
7.197038e+003,9.036725e-001
7.200895e+003,9.010042e-001
7.204752e+003,8.975067e-001
7.208608e+003,8.936782e-001
7.212466e+003,8.921408e-001
7.216322e+003,8.870581e-001
7.220180e+003,8.815982e-001
7.224036e+003,8.793826e-001
7.227894e+003,8.778117e-001
7.231750e+003,8.753730e-001
7.235607e+003,8.705243e-001
7.239464e+003,8.669485e-001
7.243321e+003,8.644168e-001
7.247178e+003,8.644517e-001
7.251035e+003,8.600273e-001
7.254892e+003,8.528076e-001
7.258749e+003,8.503619e-001
7.262605e+003,8.488239e-001
7.266463e+003,8.438869e-001
7.270319e+003,8.405203e-001
7.274177e+003,8.390189e-001
7.278033e+003,8.393544e-001
7.281891e+003,8.365762e-001
7.285747e+003,8.331750e-001
7.289604e+003,8.302128e-001
7.293461e+003,8.290581e-001
7.297318e+003,8.284070e-001
7.301175e+003,8.283059e-001
7.305032e+003,8.259444e-001
7.308889e+003,8.267571e-001
7.312746e+003,8.277289e-001
7.316603e+003,8.267800e-001
7.320460e+003,8.249305e-001
7.324316e+003,8.237366e-001
7.328174e+003,8.223684e-001
7.332030e+003,8.214435e-001
7.335888e+003,8.216841e-001
7.339744e+003,8.220894e-001
7.343602e+003,8.219879e-001
7.347458e+003,8.208478e-001
7.351315e+003,8.195941e-001
7.355172e+003,8.182257e-001
7.359029e+003,8.181763e-001
7.362886e+003,8.183342e-001
7.366743e+003,8.187565e-001
7.370600e+003,8.180945e-001
7.374457e+003,8.175614e-001
7.378313e+003,8.165568e-001
7.382171e+003,8.165917e-001
7.386027e+003,8.184999e-001
7.389885e+003,8.167254e-001
7.393741e+003,8.141188e-001
7.397599e+003,8.156231e-001
7.401455e+003,8.166944e-001
7.405313e+003,8.166678e-001
7.409169e+003,8.157831e-001
7.413026e+003,8.152633e-001
7.416883e+003,8.164011e-001
7.420740e+003,8.162434e-001
7.424597e+003,8.150504e-001
7.428454e+003,8.143677e-001
7.432311e+003,8.152036e-001
7.436168e+003,8.158160e-001
7.440024e+003,8.134583e-001
7.443882e+003,8.117737e-001
7.447738e+003,8.126515e-001
7.451596e+003,8.139682e-001
7.455452e+003,8.119434e-001
7.459310e+003,8.114215e-001
7.463166e+003,8.143365e-001
7.467023e+003,8.138155e-001
7.470880e+003,8.142986e-001
7.474737e+003,8.145395e-001
7.478594e+003,8.133615e-001
7.482451e+003,8.134281e-001
7.486308e+003,8.161160e-001
7.490165e+003,8.154866e-001
7.494021e+003,8.140525e-001
7.497879e+003,8.119128e-001
7.501735e+003,8.126652e-001
7.505593e+003,8.145795e-001
7.509449e+003,8.153885e-001
7.513307e+003,8.136638e-001
7.517163e+003,8.127218e-001
7.521021e+003,8.153622e-001
7.524877e+003,8.162381e-001
7.528734e+003,8.142376e-001
7.532591e+003,8.122609e-001
7.536448e+003,8.124035e-001
7.540305e+003,8.118593e-001
7.544162e+003,8.123238e-001
7.548019e+003,8.116091e-001
7.551876e+003,8.132895e-001
7.555732e+003,8.147508e-001
7.559590e+003,8.132533e-001
7.563446e+003,8.139334e-001
7.567304e+003,8.149073e-001
7.571160e+003,8.134508e-001
7.575018e+003,8.130133e-001
7.578874e+003,8.154231e-001
7.582731e+003,8.143662e-001
7.586588e+003,8.141262e-001
7.590445e+003,8.144037e-001
7.594302e+003,8.146295e-001
7.598159e+003,8.140887e-001
7.602016e+003,8.134945e-001
7.605873e+003,8.139064e-001
7.609729e+003,8.141589e-001
7.613587e+003,8.155006e-001
7.617443e+003,8.170504e-001
7.621301e+003,8.153518e-001
7.625157e+003,8.150479e-001
7.629015e+003,8.144664e-001
7.632871e+003,8.147044e-001
7.636729e+003,8.150304e-001
7.640585e+003,8.162829e-001
7.644442e+003,8.177817e-001
7.648299e+003,8.161939e-001
7.652156e+003,8.135631e-001
7.656013e+003,8.141182e-001
7.659870e+003,8.140813e-001
7.663727e+003,8.155813e-001
7.667584e+003,8.146448e-001
7.671440e+003,8.144121e-001
7.675298e+003,8.151441e-001
7.679154e+003,8.157268e-001
7.683012e+003,8.172111e-001
7.686868e+003,8.176390e-001
7.690726e+003,8.163570e-001
7.694582e+003,8.155602e-001
7.698439e+003,8.165179e-001
7.702296e+003,8.177649e-001
7.706153e+003,8.190230e-001
7.710010e+003,8.194305e-001
7.713867e+003,8.185932e-001
7.717724e+003,8.185843e-001
7.721581e+003,8.177230e-001
7.725438e+003,8.166905e-001
7.729295e+003,8.175220e-001
7.733151e+003,8.166580e-001
7.737009e+003,8.176680e-001
7.740865e+003,8.185287e-001
7.744723e+003,8.193586e-001
7.748579e+003,8.197727e-001
7.752437e+003,8.205516e-001
7.756293e+003,8.194591e-001
7.760150e+003,8.207958e-001
7.764007e+003,8.233646e-001
7.767864e+003,8.220372e-001
7.771721e+003,8.218902e-001
7.775578e+003,8.216659e-001
7.779435e+003,8.224855e-001
7.783292e+003,8.224986e-001
7.787148e+003,8.222656e-001
7.791006e+003,8.209601e-001
7.794862e+003,8.222030e-001
7.798720e+003,8.214900e-001
7.802576e+003,8.216884e-001
7.806434e+003,8.233543e-001
7.810290e+003,8.240250e-001
7.814147e+003,8.238068e-001
7.818004e+003,8.245795e-001
7.821861e+003,8.244908e-001
7.825718e+003,8.258499e-001
7.829575e+003,8.254910e-001
7.833432e+003,8.241667e-001
7.837289e+003,8.248601e-001
7.841146e+003,8.278508e-001
7.845003e+003,8.282486e-001
7.848859e+003,8.265905e-001
7.852717e+003,8.289261e-001
7.856573e+003,8.290230e-001
7.860431e+003,8.290024e-001
7.864287e+003,8.290097e-001
7.868145e+003,8.285191e-001
7.872001e+003,8.312043e-001
7.875858e+003,8.323087e-001
7.879715e+003,8.334187e-001
7.883572e+003,8.350051e-001
7.887429e+003,8.370045e-001
7.891286e+003,8.371469e-001
7.895143e+003,8.354978e-001
7.899000e+003,8.369681e-001
7.902856e+003,8.392326e-001
7.906714e+003,8.400584e-001
7.910570e+003,8.379430e-001
7.914428e+003,8.386332e-001
7.918284e+003,8.398710e-001
7.922142e+003,8.389888e-001
7.925998e+003,8.394048e-001
7.929855e+003,8.422195e-001
7.933712e+003,8.431553e-001
7.937569e+003,8.433886e-001
7.941426e+003,8.452708e-001
7.945283e+003,8.476385e-001
7.949140e+003,8.465723e-001
7.952997e+003,8.483842e-001
7.956854e+003,8.510355e-001
7.960711e+003,8.515803e-001
7.964567e+003,8.525418e-001
7.968425e+003,8.543302e-001
7.972281e+003,8.554529e-001
7.976139e+003,8.566728e-001
7.979995e+003,8.584336e-001
7.983853e+003,8.591422e-001
7.987709e+003,8.599535e-001
7.991566e+003,8.639805e-001
7.995423e+003,8.664897e-001
7.999280e+003,8.684010e-001
8.003137e+003,8.695234e-001
8.006994e+003,8.727441e-001
8.010851e+003,8.772693e-001
8.014708e+003,8.799356e-001
8.018564e+003,8.827767e-001
8.022422e+003,8.848363e-001
8.026278e+003,8.857265e-001
8.030136e+003,8.866938e-001
8.033992e+003,8.899909e-001
8.037850e+003,8.930086e-001
8.041706e+003,8.957874e-001
8.045563e+003,8.978964e-001
8.049420e+003,9.008220e-001
8.053277e+003,9.040906e-001
8.057134e+003,9.043131e-001
8.060991e+003,9.077371e-001
8.064848e+003,9.089040e-001
8.068705e+003,9.114934e-001
8.072562e+003,9.132888e-001
8.076419e+003,9.122632e-001
8.080275e+003,9.128335e-001
8.084133e+003,9.178845e-001
8.087989e+003,9.240467e-001
8.091847e+003,9.269202e-001
8.095703e+003,9.280238e-001
8.099561e+003,9.292659e-001
8.103417e+003,9.310675e-001
8.107274e+003,9.319838e-001
8.111131e+003,9.334441e-001
8.114988e+003,9.360496e-001
8.118845e+003,9.391322e-001
8.122702e+003,9.438543e-001
8.126559e+003,9.490213e-001
8.130416e+003,9.469362e-001
8.134272e+003,9.437848e-001
8.138130e+003,9.495093e-001
8.141986e+003,9.539021e-001
8.145844e+003,9.528253e-001
8.149700e+003,9.538440e-001
8.153558e+003,9.560281e-001
8.157414e+003,9.562146e-001
8.161271e+003,9.588715e-001
8.165128e+003,9.603819e-001
8.168985e+003,9.587178e-001
8.172842e+003,9.580901e-001
8.176699e+003,9.592450e-001
8.180556e+003,9.574242e-001
8.184413e+003,9.563442e-001
8.188270e+003,9.579598e-001
8.192127e+003,9.530682e-001
8.195983e+003,9.492188e-001
8.199841e+003,9.493389e-001
8.203697e+003,9.499434e-001
8.207555e+003,9.506420e-001
8.211411e+003,9.487234e-001
8.215269e+003,9.438938e-001
8.219125e+003,9.412668e-001
8.222982e+003,9.408224e-001
8.226839e+003,9.431283e-001
8.230696e+003,9.401551e-001
8.234553e+003,9.358451e-001
8.238410e+003,9.357423e-001
8.242267e+003,9.316095e-001
8.246124e+003,9.300650e-001
8.249980e+003,9.301645e-001
8.253838e+003,9.261134e-001
8.257694e+003,9.217981e-001
8.261552e+003,9.225115e-001
8.265408e+003,9.199777e-001
8.269266e+003,9.181543e-001
8.273122e+003,9.153754e-001
8.276979e+003,9.150779e-001
8.280836e+003,9.128234e-001
8.284693e+003,9.094792e-001
8.288550e+003,9.074915e-001
8.292407e+003,9.038429e-001
8.296264e+003,9.012670e-001
8.300121e+003,8.997013e-001
8.303978e+003,8.994403e-001
8.307835e+003,8.957142e-001
8.311691e+003,8.914745e-001
8.315549e+003,8.913901e-001
8.319405e+003,8.922845e-001
8.323263e+003,8.879116e-001
8.327119e+003,8.857338e-001
8.330977e+003,8.861638e-001
8.334833e+003,8.823108e-001
8.338690e+003,8.806891e-001
8.342547e+003,8.801648e-001
8.346404e+003,8.784440e-001
8.350261e+003,8.763114e-001
8.354118e+003,8.727103e-001
8.357975e+003,8.716238e-001
8.361832e+003,8.741652e-001
8.365688e+003,8.767048e-001
8.369546e+003,8.723894e-001
8.373402e+003,8.684756e-001
8.377260e+003,8.666824e-001
8.381116e+003,8.621671e-001
8.384974e+003,8.624740e-001
8.388830e+003,8.627588e-001
8.392688e+003,8.621158e-001
8.396544e+003,8.605433e-001
8.400401e+003,8.606467e-001
8.404258e+003,8.617800e-001
8.408115e+003,8.622157e-001
8.411972e+003,8.641106e-001
8.415829e+003,8.636544e-001
8.419686e+003,8.577180e-001
8.423543e+003,8.606027e-001
8.427399e+003,8.619238e-001
8.431257e+003,8.593732e-001
8.435113e+003,8.565971e-001
8.438971e+003,8.549013e-001
8.442827e+003,8.564739e-001
8.446685e+003,8.562552e-001
8.450541e+003,8.556923e-001
8.454398e+003,8.574824e-001
8.458255e+003,8.560620e-001
8.462112e+003,8.536932e-001
8.465969e+003,8.524511e-001
8.469826e+003,8.501393e-001
8.473683e+003,8.486660e-001
8.477540e+003,8.498137e-001
8.481396e+003,8.485476e-001
8.485254e+003,8.488268e-001
8.489110e+003,8.490220e-001
8.492968e+003,8.483667e-001
8.496824e+003,8.471244e-001
8.500682e+003,8.432559e-001
8.504538e+003,8.416879e-001
8.508396e+003,8.421128e-001
8.512252e+003,8.431519e-001
8.516109e+003,8.442082e-001
8.519966e+003,8.448256e-001
8.523823e+003,8.432653e-001
8.527680e+003,8.422758e-001
8.531537e+003,8.402892e-001
8.535394e+003,8.394634e-001
8.539251e+003,8.407174e-001
8.543107e+003,8.377803e-001
8.546965e+003,8.332307e-001
8.550821e+003,8.335946e-001
8.554679e+003,8.326026e-001
8.558535e+003,8.324632e-001
8.562393e+003,8.340561e-001
8.566249e+003,8.361226e-001
8.570106e+003,8.355774e-001
8.573963e+003,8.312905e-001
8.577820e+003,8.280039e-001
8.581677e+003,8.244485e-001
8.585534e+003,8.230728e-001
8.589391e+003,8.261555e-001
8.593248e+003,8.284900e-001
8.597104e+003,8.259459e-001
8.600962e+003,8.195231e-001
8.604818e+003,8.185714e-001
8.608676e+003,8.208385e-001
8.612532e+003,8.215000e-001
8.616390e+003,8.213235e-001
8.620246e+003,8.213261e-001
8.624104e+003,8.203198e-001
8.627960e+003,8.192722e-001
8.631817e+003,8.174976e-001
8.635674e+003,8.194690e-001
8.639531e+003,8.196221e-001
8.643388e+003,8.189887e-001
8.647245e+003,8.182003e-001
8.651102e+003,8.172703e-001
8.654959e+003,8.191258e-001
8.658815e+003,8.184327e-001
8.662673e+003,8.156507e-001
8.666529e+003,8.147240e-001
8.670387e+003,8.124533e-001
8.674243e+003,8.132285e-001
8.678101e+003,8.147734e-001
8.681957e+003,8.147708e-001
8.685814e+003,8.118470e-001
8.689671e+003,8.103211e-001
8.693528e+003,8.097109e-001
8.697385e+003,8.103433e-001
8.701242e+003,8.124668e-001
8.705099e+003,8.105349e-001
8.708956e+003,8.109785e-001
8.712813e+003,8.127016e-001
8.716670e+003,8.130561e-001
8.720526e+003,8.117835e-001
8.724384e+003,8.115690e-001
8.728240e+003,8.138178e-001
8.732098e+003,8.139080e-001
8.735954e+003,8.124042e-001
8.739812e+003,8.122038e-001
8.743668e+003,8.115992e-001
8.747525e+003,8.104658e-001
8.751382e+003,8.064742e-001
8.755239e+003,8.053508e-001
8.759096e+003,8.077984e-001
8.762953e+003,8.075653e-001
8.766810e+003,8.061869e-001
8.770667e+003,8.075895e-001
8.774523e+003,8.104689e-001
8.778381e+003,8.094385e-001
8.782237e+003,8.076081e-001
8.786095e+003,8.057754e-001
8.789951e+003,8.040136e-001
8.793809e+003,8.055053e-001
8.797665e+003,8.066422e-001
8.801522e+003,8.033860e-001
8.805379e+003,8.021813e-001
8.809236e+003,8.026493e-001
8.813093e+003,8.055208e-001
8.816950e+003,8.077939e-001
8.820807e+003,8.066477e-001
8.824664e+003,8.049991e-001
8.828521e+003,8.010175e-001
8.832378e+003,8.013818e-001
8.836234e+003,8.002053e-001
8.840092e+003,8.012238e-001
8.843948e+003,8.053016e-001
8.847806e+003,8.041049e-001
8.851662e+003,8.025694e-001
8.855520e+003,8.027494e-001
8.859376e+003,8.043050e-001
8.863233e+003,8.036352e-001
8.867090e+003,8.026040e-001
8.870947e+003,8.044125e-001
8.874804e+003,8.049017e-001
8.878661e+003,8.019460e-001
8.882518e+003,7.992086e-001
8.886375e+003,7.987057e-001
8.890231e+003,8.012014e-001
8.894089e+003,7.990395e-001
8.897945e+003,8.015149e-001
8.901803e+003,8.029131e-001
8.905659e+003,8.005479e-001
8.909517e+003,7.997533e-001
8.913373e+003,7.996942e-001
8.917230e+003,7.986540e-001
8.921087e+003,7.974977e-001
8.924944e+003,7.960249e-001
8.928801e+003,8.001101e-001
8.932658e+003,8.001317e-001
8.936515e+003,7.994351e-001
8.940372e+003,7.988420e-001
8.944229e+003,8.009382e-001
8.948086e+003,8.021556e-001
8.951942e+003,8.000781e-001
8.955800e+003,7.978464e-001
8.959656e+003,7.975833e-001
8.963514e+003,8.014847e-001
8.967370e+003,8.040336e-001
8.971228e+003,8.035889e-001
8.975084e+003,8.007390e-001
8.978941e+003,7.977417e-001
8.982798e+003,7.989857e-001
8.986655e+003,8.049964e-001
8.990512e+003,8.035874e-001
8.994369e+003,7.991659e-001
8.998226e+003,7.968614e-001
9.002083e+003,7.954701e-001
9.005939e+003,7.979664e-001
9.009797e+003,8.003352e-001
9.013653e+003,8.000975e-001
9.017511e+003,7.999377e-001
9.021367e+003,8.007871e-001
9.025225e+003,7.988163e-001
9.029081e+003,8.041504e-001
9.032938e+003,8.030610e-001
9.036795e+003,7.991555e-001
9.040652e+003,7.973278e-001
9.044509e+003,8.014169e-001
9.048366e+003,8.035359e-001
9.052223e+003,8.016876e-001
9.056080e+003,8.002939e-001
9.059937e+003,7.972834e-001
9.063794e+003,7.967761e-001
9.067650e+003,7.993903e-001
9.071508e+003,7.997109e-001
9.075364e+003,8.006457e-001
9.079222e+003,7.983348e-001
9.083078e+003,7.984463e-001
9.086936e+003,8.009002e-001
9.090792e+003,7.988032e-001
9.094649e+003,7.972593e-001
9.098506e+003,7.988144e-001
9.102363e+003,7.973291e-001
9.106220e+003,7.937018e-001
9.110077e+003,7.984070e-001
9.113934e+003,8.009573e-001
9.117791e+003,7.971281e-001
9.121647e+003,7.972279e-001
9.125505e+003,7.958546e-001
9.129361e+003,7.989812e-001
9.133219e+003,8.019832e-001
9.137075e+003,8.025980e-001
9.140933e+003,8.023155e-001
9.144789e+003,8.040170e-001
9.148646e+003,8.024110e-001
9.152503e+003,7.994430e-001
9.156360e+003,8.009982e-001
9.160217e+003,8.023331e-001
9.164074e+003,8.004551e-001
9.167931e+003,7.979353e-001
9.171788e+003,8.021246e-001
9.175645e+003,8.037333e-001
9.179502e+003,7.995452e-001
9.183358e+003,7.959397e-001
9.187216e+003,7.961363e-001
9.191072e+003,7.950862e-001
9.194930e+003,7.986324e-001
9.198786e+003,8.026468e-001
9.202644e+003,8.019206e-001
9.206500e+003,7.984433e-001
9.210357e+003,7.975533e-001
9.214214e+003,8.029548e-001
9.218071e+003,8.050977e-001
9.221928e+003,7.995129e-001
9.225785e+003,7.987019e-001
9.229642e+003,8.026485e-001
9.233499e+003,8.042356e-001
9.237355e+003,8.013240e-001
9.241213e+003,8.040652e-001
9.245069e+003,8.054225e-001
9.248927e+003,8.035216e-001
9.252783e+003,8.045906e-001
9.256641e+003,8.030915e-001
9.260497e+003,8.022508e-001
9.264354e+003,8.024507e-001
9.268211e+003,8.028629e-001
9.272068e+003,8.012742e-001
9.275925e+003,8.016680e-001
9.279782e+003,8.012754e-001
9.283639e+003,7.969568e-001
9.287496e+003,7.987679e-001
9.291353e+003,8.039259e-001
9.295210e+003,8.016074e-001
9.299066e+003,7.980931e-001
9.302924e+003,7.987768e-001
9.306780e+003,8.009223e-001
9.310638e+003,8.032001e-001
9.314494e+003,8.058492e-001
9.318352e+003,8.046807e-001
9.322208e+003,8.018079e-001
9.326065e+003,8.025445e-001
9.329922e+003,8.068142e-001
9.333779e+003,8.107352e-001
9.337636e+003,8.069639e-001
9.341493e+003,8.014930e-001
9.345350e+003,8.006868e-001
9.349207e+003,8.029619e-001
9.353063e+003,8.031269e-001
9.356921e+003,8.022034e-001
9.360777e+003,8.026286e-001
9.364635e+003,8.056522e-001
9.368491e+003,8.059983e-001
9.372349e+003,8.069767e-001
9.376205e+003,8.092766e-001
9.380063e+003,8.043587e-001
9.383919e+003,8.071139e-001
9.387776e+003,8.099452e-001
9.391633e+003,8.021847e-001
9.395490e+003,7.999673e-001
9.399347e+003,8.018386e-001
9.403204e+003,8.012432e-001
9.407061e+003,7.994280e-001
9.410918e+003,8.039231e-001
9.414774e+003,8.076631e-001
9.418632e+003,8.057687e-001
9.422488e+003,8.052502e-001
9.426346e+003,8.051851e-001
9.430202e+003,8.020332e-001
9.434060e+003,8.019589e-001
9.437916e+003,8.042431e-001
9.441773e+003,8.054867e-001
9.445630e+003,8.058244e-001
9.449487e+003,8.070710e-001
9.453344e+003,8.084289e-001
9.457201e+003,8.061105e-001
9.461058e+003,8.025153e-001
9.464915e+003,8.058270e-001
9.468771e+003,8.061269e-001
9.472629e+003,8.035948e-001
9.476485e+003,8.043227e-001
9.480343e+003,8.038680e-001
9.484199e+003,7.982717e-001
9.488057e+003,8.002301e-001
9.491913e+003,8.045763e-001
9.495771e+003,8.064310e-001
9.499627e+003,8.069824e-001
9.503484e+003,8.053215e-001
9.507341e+003,8.008855e-001
9.511198e+003,8.014327e-001
9.515055e+003,8.039305e-001
9.518912e+003,8.020674e-001
9.522769e+003,8.016009e-001
9.526626e+003,7.997167e-001
9.530482e+003,8.037513e-001
9.534340e+003,8.070443e-001
9.538196e+003,8.020394e-001
9.542054e+003,8.013825e-001
9.545910e+003,8.055811e-001
9.549768e+003,8.083376e-001
9.553624e+003,8.073329e-001
9.557481e+003,8.047248e-001
9.561338e+003,8.019735e-001
9.565195e+003,8.028439e-001
9.569052e+003,8.070518e-001
9.572909e+003,8.047359e-001
9.576766e+003,8.005908e-001
9.580623e+003,8.007507e-001
9.584479e+003,8.025121e-001
9.588337e+003,8.033636e-001
9.592193e+003,8.015141e-001
9.596051e+003,7.999089e-001
9.599907e+003,7.986932e-001
9.603765e+003,7.980769e-001
9.607621e+003,7.986757e-001
9.611479e+003,7.989624e-001
9.615335e+003,8.009111e-001
9.619192e+003,8.046393e-001
9.623049e+003,8.039390e-001
9.626906e+003,7.974452e-001
9.630763e+003,7.989616e-001
9.634620e+003,7.969932e-001
9.638477e+003,7.973154e-001
9.642334e+003,7.994270e-001
9.646190e+003,8.003551e-001
9.650048e+003,8.008387e-001
9.653904e+003,7.963586e-001
9.657762e+003,7.966611e-001
9.661618e+003,7.970256e-001
9.665476e+003,7.971593e-001
9.669332e+003,7.998226e-001
9.673189e+003,8.034955e-001
9.677046e+003,8.037300e-001
9.680903e+003,8.020871e-001
9.684760e+003,7.992429e-001
9.688617e+003,7.992609e-001
9.692474e+003,7.987935e-001
9.696331e+003,8.046805e-001
9.700188e+003,8.035840e-001
9.704045e+003,7.998453e-001
9.707901e+003,7.989104e-001
9.711759e+003,7.985919e-001
9.715615e+003,8.037759e-001
9.719473e+003,8.037108e-001
9.723329e+003,8.021789e-001
9.727187e+003,8.007724e-001
9.731043e+003,8.032085e-001
9.734900e+003,7.971660e-001
9.738757e+003,7.945310e-001
9.742614e+003,7.951887e-001
9.746471e+003,7.956969e-001
9.750328e+003,7.968411e-001
9.754185e+003,7.988116e-001
9.758042e+003,8.000104e-001
9.761898e+003,8.020460e-001
9.765756e+003,8.052685e-001
9.769612e+003,8.048221e-001
9.773470e+003,8.004517e-001
9.777326e+003,7.981197e-001
9.781184e+003,8.049710e-001
9.785040e+003,8.055481e-001
9.788897e+003,8.017040e-001
9.792754e+003,8.038170e-001
9.796611e+003,8.053479e-001
9.800468e+003,8.045386e-001
9.804325e+003,8.049561e-001
9.808182e+003,7.981591e-001
9.812039e+003,7.953577e-001
9.815896e+003,8.008149e-001
9.819753e+003,8.023065e-001
9.823609e+003,7.996404e-001
9.827467e+003,7.999130e-001
9.831323e+003,8.007321e-001
9.835181e+003,8.016761e-001
9.839037e+003,8.031159e-001
9.842895e+003,8.034001e-001
9.846751e+003,7.977617e-001
9.850608e+003,7.918936e-001
9.854465e+003,7.963059e-001
9.858322e+003,8.028634e-001
9.862179e+003,8.039165e-001
9.866036e+003,7.998499e-001
9.869893e+003,7.990096e-001
9.873750e+003,8.000492e-001
9.877606e+003,8.034576e-001
9.881464e+003,8.007432e-001
9.885320e+003,7.947107e-001
9.889178e+003,7.994386e-001
9.893034e+003,8.020811e-001
9.896892e+003,8.005402e-001
9.900748e+003,8.000563e-001
9.904605e+003,7.997460e-001
9.908462e+003,7.964959e-001
9.912319e+003,7.978116e-001
9.916176e+003,7.988993e-001
9.920033e+003,7.926421e-001
9.923890e+003,7.921295e-001
9.927747e+003,7.973199e-001
9.931604e+003,7.998582e-001
9.935461e+003,7.979894e-001
9.939317e+003,8.010335e-001
9.943175e+003,8.072681e-001
9.947031e+003,8.048163e-001
9.950889e+003,8.013585e-001
9.954745e+003,7.935612e-001
9.958603e+003,7.916374e-001
9.962459e+003,7.990396e-001
9.966316e+003,8.025605e-001
9.970173e+003,8.027782e-001
9.974030e+003,7.994889e-001
9.977887e+003,8.020251e-001
9.981744e+003,8.036262e-001
9.985601e+003,7.959704e-001
9.989458e+003,7.970249e-001
9.993314e+003,8.025650e-001
9.997172e+003,8.039450e-001
1.000103e+004,8.068292e-001
