3.999640e+003,1.074023e+000
4.003497e+003,1.168546e+000
4.007354e+003,1.670512e+000
4.011211e+003,1.257080e+000
4.015068e+003,1.098833e+000
4.018925e+003,3.593565e+000
4.022781e+003,6.000000e+000
4.026638e+003,1.306547e+000
4.030495e+003,1.308690e+000
4.034352e+003,1.496066e+000
4.038209e+003,1.244936e+000
4.042066e+003,1.160611e+000
4.045923e+003,1.162952e+000
4.049780e+003,1.074097e+000
4.053637e+003,1.061739e+000
4.057494e+003,8.350627e-001
4.061351e+003,7.730211e-001
4.065208e+003,9.059577e-001
4.069065e+003,9.837148e-001
4.072922e+003,6.000000e+000
4.076779e+003,6.000000e+000
4.080635e+003,1.556118e+000
4.084492e+003,1.226654e+000
4.088349e+003,6.000000e+000
4.092206e+003,1.551428e+000
4.096063e+003,1.102793e+000
4.099920e+003,1.292641e+000
4.103777e+003,1.431648e+000
4.107634e+003,1.141258e+000
4.111491e+003,1.160848e+000
4.115348e+003,1.218180e+000
4.119205e+003,1.164643e+000
4.123062e+003,1.060341e+000
4.126919e+003,1.216600e+000
4.130775e+003,1.290992e+000
4.134633e+003,1.461398e+000
4.138489e+003,2.107929e+000
4.142347e+003,1.548139e+000
4.146203e+003,1.561675e+000
4.150061e+003,1.273662e+000
4.153917e+003,1.233504e+000
4.157774e+003,1.817798e+000
4.161631e+003,1.707060e+000
4.165488e+003,1.732043e+000
4.169345e+003,1.834381e+000
4.173202e+003,1.806526e+000
4.177059e+003,1.468017e+000
4.180916e+003,1.293967e+000
4.184772e+003,1.504265e+000
4.188630e+003,1.649698e+000
4.192486e+003,1.424793e+000
4.196344e+003,1.370176e+000
4.200200e+003,1.445290e+000
4.204058e+003,1.571721e+000
4.207914e+003,1.460784e+000
4.211771e+003,1.453594e+000
4.215628e+003,1.481042e+000
4.219485e+003,1.458646e+000
4.223342e+003,1.511852e+000
4.227199e+003,1.532639e+000
4.231056e+003,1.568933e+000
4.234913e+003,1.515347e+000
4.238770e+003,1.428471e+000
4.242627e+003,1.458619e+000
4.246483e+003,1.500583e+000
4.250341e+003,1.544327e+000
4.254197e+003,1.460638e+000
4.258055e+003,1.485360e+000
4.261911e+003,1.561046e+000
4.265769e+003,1.523506e+000
4.269625e+003,1.522364e+000
4.273482e+003,1.473054e+000
4.277339e+003,1.409247e+000
4.281196e+003,1.409426e+000
4.285053e+003,1.418052e+000
4.288910e+003,1.413218e+000
4.292767e+003,1.456730e+000
4.296624e+003,1.468689e+000
4.300480e+003,1.429379e+000
4.304338e+003,1.453798e+000
4.308194e+003,1.480310e+000
4.312052e+003,1.478853e+000
4.315908e+003,1.478065e+000
4.319766e+003,1.457706e+000
4.323622e+003,1.435735e+000
4.327479e+003,1.441547e+000
4.331336e+003,1.466223e+000
4.335193e+003,1.478415e+000
4.339050e+003,1.439741e+000
4.342907e+003,1.447192e+000
4.346764e+003,1.501847e+000
4.350621e+003,1.506146e+000
4.354478e+003,1.482472e+000
4.358335e+003,1.490318e+000
4.362191e+003,1.502523e+000
4.366049e+003,1.441443e+000
4.369905e+003,1.422352e+000
4.373763e+003,1.451928e+000
4.377619e+003,1.444587e+000
4.381477e+003,1.415272e+000
4.385333e+003,1.401691e+000
4.389190e+003,1.443102e+000
4.393047e+003,1.474567e+000
4.396904e+003,1.431634e+000
4.400761e+003,1.443366e+000
4.404618e+003,1.462689e+000
4.408475e+003,1.471262e+000
4.412332e+003,1.490757e+000
4.416188e+003,1.497409e+000
4.420046e+003,1.503124e+000
4.423902e+003,1.512929e+000
4.427760e+003,1.505702e+000
4.431616e+003,1.507295e+000
4.435474e+003,1.486165e+000
4.439330e+003,1.467106e+000
4.443188e+003,1.462698e+000
4.447044e+003,1.487771e+000
4.450901e+003,1.531684e+000
4.454758e+003,1.553630e+000
4.458615e+003,1.543133e+000
4.462472e+003,1.553767e+000
4.466329e+003,1.547986e+000
4.470186e+003,1.557200e+000
4.474043e+003,1.590076e+000
4.477899e+003,1.582305e+000
4.481757e+003,1.553348e+000
4.485613e+003,1.570577e+000
4.489471e+003,1.597975e+000
4.493327e+003,1.558588e+000
4.497185e+003,1.517623e+000
4.501041e+003,1.496933e+000
4.504898e+003,1.513985e+000
4.508755e+003,1.518732e+000
4.512612e+003,1.537817e+000
4.516469e+003,1.534443e+000
4.520326e+003,1.531143e+000
4.524183e+003,1.530665e+000
4.528040e+003,1.498223e+000
4.531896e+003,1.496537e+000
4.535754e+003,1.495762e+000
4.539610e+003,1.491542e+000
4.543468e+003,1.515823e+000
4.547324e+003,1.519286e+000
4.551182e+003,1.490688e+000
4.555038e+003,1.476189e+000
4.558896e+003,1.485839e+000
4.562752e+003,1.492370e+000
4.566609e+003,1.474318e+000
4.570466e+003,1.465015e+000
4.574323e+003,1.457816e+000
4.578180e+003,1.441471e+000
4.582037e+003,1.432204e+000
4.585894e+003,1.434855e+000
4.589751e+003,1.417767e+000
4.593607e+003,1.396646e+000
4.597465e+003,1.405914e+000
4.601321e+003,1.414816e+000
4.605179e+003,1.397775e+000
4.609035e+003,1.385004e+000
4.612893e+003,1.381157e+000
4.616749e+003,1.381732e+000
4.620606e+003,1.374944e+000
4.624463e+003,1.367912e+000
4.628320e+003,1.366173e+000
4.632177e+003,1.351900e+000
4.636034e+003,1.345098e+000
4.639891e+003,1.340883e+000
4.643748e+003,1.334408e+000
4.647604e+003,1.323353e+000
4.651462e+003,1.325822e+000
4.655318e+003,1.321132e+000
4.659176e+003,1.299037e+000
4.663032e+003,1.281822e+000
4.666890e+003,1.280076e+000
4.670746e+003,1.276695e+000
4.674604e+003,1.259168e+000
4.678460e+003,1.244366e+000
4.682317e+003,1.248133e+000
4.686174e+003,1.238703e+000
4.690031e+003,1.227537e+000
4.693888e+003,1.223366e+000
4.697745e+003,1.213507e+000
4.701602e+003,1.210702e+000
4.705459e+003,1.212615e+000
4.709315e+003,1.207911e+000
4.713173e+003,1.201460e+000
4.717029e+003,1.193051e+000
4.720887e+003,1.192472e+000
4.724743e+003,1.192744e+000
4.728601e+003,1.185858e+000
4.732457e+003,1.173345e+000
4.736314e+003,1.168786e+000
4.740171e+003,1.173694e+000
4.744028e+003,1.179679e+000
4.747885e+003,1.176811e+000
4.751742e+003,1.171313e+000
4.755599e+003,1.174533e+000
4.759456e+003,1.178532e+000
4.763313e+003,1.177724e+000
4.767170e+003,1.176780e+000
4.771026e+003,1.176421e+000
4.774884e+003,1.175953e+000
4.778740e+003,1.170893e+000
4.782598e+003,1.173668e+000
4.786454e+003,1.177406e+000
4.790312e+003,1.179657e+000
4.794168e+003,1.185294e+000
4.798025e+003,1.188647e+000
4.801882e+003,1.193255e+000
4.805739e+003,1.194288e+000
4.809596e+003,1.192129e+000
4.813453e+003,1.194211e+000
4.817310e+003,1.193861e+000
4.821167e+003,1.198744e+000
4.825023e+003,1.207293e+000
4.828881e+003,1.215228e+000
4.832737e+003,1.219029e+000
4.836595e+003,1.222715e+000
4.840451e+003,1.229280e+000
4.844309e+003,1.236246e+000
4.848165e+003,1.239048e+000
4.852022e+003,1.245044e+000
4.855879e+003,1.254155e+000
4.859736e+003,1.257976e+000
4.863593e+003,1.262513e+000
4.867450e+003,1.265671e+000
4.871307e+003,1.269704e+000
4.875164e+003,1.277602e+000
4.879021e+003,1.293424e+000
4.882878e+003,1.309749e+000
4.886734e+003,1.319474e+000
4.890592e+003,1.330696e+000
4.894448e+003,1.338122e+000
4.898306e+003,1.339047e+000
4.902162e+003,1.341110e+000
4.906020e+003,1.339647e+000
4.909876e+003,1.338918e+000
4.913733e+003,1.347807e+000
4.917590e+003,1.348430e+000
4.921447e+003,1.345638e+000
4.925304e+003,1.342380e+000
4.929161e+003,1.343991e+000
4.933018e+003,1.351216e+000
4.936875e+003,1.363816e+000
4.940731e+003,1.381839e+000
4.944589e+003,1.387771e+000
4.948445e+003,1.390226e+000
4.952303e+003,1.390078e+000
4.956159e+003,1.389251e+000
4.960017e+003,1.390608e+000
4.963873e+003,1.387639e+000
4.967730e+003,1.380863e+000
4.971587e+003,1.378659e+000
4.975444e+003,1.374549e+000
4.979301e+003,1.370981e+000
4.983158e+003,1.373259e+000
4.987015e+003,1.378026e+000
4.990872e+003,1.382432e+000
4.994729e+003,1.385420e+000
4.998586e+003,1.388985e+000
5.002442e+003,1.391594e+000
5.006300e+003,1.396200e+000
5.010156e+003,1.404280e+000
5.014014e+003,1.409436e+000
5.017870e+003,1.408631e+000
5.021728e+003,1.408398e+000
5.025584e+003,1.414356e+000
5.029441e+003,1.420135e+000
5.033298e+003,1.420444e+000
5.037155e+003,1.419645e+000
5.041012e+003,1.416052e+000
5.044869e+003,1.413784e+000
5.048726e+003,1.412933e+000
5.052583e+003,1.409685e+000
5.056439e+003,1.409852e+000
5.060297e+003,1.409911e+000
5.064153e+003,1.408578e+000
5.068011e+003,1.410329e+000
5.071867e+003,1.413150e+000
5.075725e+003,1.415076e+000
5.079581e+003,1.418252e+000
5.083438e+003,1.415217e+000
5.087295e+003,1.404014e+000
5.091152e+003,1.398070e+000
5.095009e+003,1.391754e+000
5.098866e+003,1.385024e+000
5.102723e+003,1.382163e+000
5.106580e+003,1.377919e+000
5.110437e+003,1.363729e+000
5.114294e+003,1.356017e+000
5.118150e+003,1.358137e+000
5.122008e+003,1.355184e+000
5.125864e+003,1.351928e+000
5.129722e+003,1.351663e+000
5.133578e+003,1.349798e+000
5.137436e+003,1.348640e+000
5.141292e+003,1.346597e+000
5.145149e+003,1.343913e+000
5.149006e+003,1.348910e+000
5.152863e+003,1.351765e+000
5.156720e+003,1.349748e+000
5.160577e+003,1.346639e+000
5.164434e+003,1.348172e+000
5.168291e+003,1.346490e+000
5.172147e+003,1.345431e+000
5.176005e+003,1.344739e+000
5.179861e+003,1.343492e+000
5.183719e+003,1.345629e+000
5.187575e+003,1.343165e+000
5.191433e+003,1.338130e+000
5.195289e+003,1.338568e+000
5.199146e+003,1.340576e+000
5.203003e+003,1.337218e+000
5.206860e+003,1.335824e+000
5.210717e+003,1.333284e+000
5.214574e+003,1.333044e+000
5.218431e+003,1.335430e+000
5.222288e+003,1.336072e+000
5.226145e+003,1.335232e+000
5.230002e+003,1.337789e+000
5.233858e+003,1.335338e+000
5.237716e+003,1.333551e+000
5.241572e+003,1.335274e+000
5.245430e+003,1.334500e+000
5.249286e+003,1.330402e+000
5.253144e+003,1.326944e+000
5.257000e+003,1.325763e+000
5.260857e+003,1.327640e+000
5.264714e+003,1.323599e+000
5.268571e+003,1.320387e+000
5.272428e+003,1.321442e+000
5.276285e+003,1.320086e+000
5.280142e+003,1.319618e+000
5.283999e+003,1.314845e+000
5.287855e+003,1.311343e+000
5.291713e+003,1.308067e+000
5.295569e+003,1.305078e+000
5.299427e+003,1.296895e+000
5.303283e+003,1.296832e+000
5.307141e+003,1.296194e+000
5.310997e+003,1.296050e+000
5.314854e+003,1.298927e+000
5.318711e+003,1.300801e+000
5.322568e+003,1.299300e+000
5.326425e+003,1.298062e+000
5.330282e+003,1.296376e+000
5.334139e+003,1.301117e+000
5.337996e+003,1.307045e+000
5.341853e+003,1.304931e+000
5.345710e+003,1.304768e+000
5.349566e+003,1.310118e+000
5.353424e+003,1.319205e+000
5.357280e+003,1.328895e+000
5.361138e+003,1.338461e+000
5.364994e+003,1.356619e+000
5.368852e+003,1.376100e+000
5.372708e+003,1.399134e+000
5.376565e+003,1.425802e+000
5.380422e+003,1.452013e+000
5.384279e+003,1.480727e+000
5.388136e+003,1.508210e+000
5.391993e+003,1.532042e+000
5.395850e+003,1.545748e+000
5.399707e+003,1.555749e+000
5.403563e+003,1.550035e+000
5.407421e+003,1.531293e+000
5.411277e+003,1.504719e+000
5.415135e+003,1.485151e+000
5.418991e+003,1.472858e+000
5.422849e+003,1.469546e+000
5.426705e+003,1.473957e+000
5.430563e+003,1.487147e+000
5.434419e+003,1.504905e+000
5.438276e+003,1.525987e+000
5.442133e+003,1.527167e+000
5.445990e+003,1.523965e+000
5.449847e+003,1.508485e+000
5.453704e+003,1.490030e+000
5.457561e+003,1.466705e+000
5.461418e+003,1.437649e+000
5.465274e+003,1.409666e+000
5.469132e+003,1.389776e+000
5.472988e+003,1.373020e+000
5.476846e+003,1.354518e+000
5.480702e+003,1.342557e+000
5.484560e+003,1.332239e+000
5.488416e+003,1.324633e+000
5.492273e+003,1.319278e+000
5.496130e+003,1.311943e+000
5.499987e+003,1.309037e+000
5.503844e+003,1.312950e+000
5.507701e+003,1.315115e+000
5.511558e+003,1.318694e+000
5.515415e+003,1.316351e+000
5.519271e+003,1.316736e+000
5.523129e+003,1.320730e+000
5.526985e+003,1.325990e+000
5.530843e+003,1.331670e+000
5.534699e+003,1.336967e+000
5.538557e+003,1.342454e+000
5.542413e+003,1.353189e+000
5.546271e+003,1.360986e+000
5.550127e+003,1.373242e+000
5.553984e+003,1.386822e+000
5.557841e+003,1.394117e+000
5.561698e+003,1.402664e+000
5.565555e+003,1.418237e+000
5.569412e+003,1.433876e+000
5.573269e+003,1.453178e+000
5.577126e+003,1.476117e+000
5.580982e+003,1.496751e+000
5.584840e+003,1.509275e+000
5.588696e+003,1.518484e+000
5.592554e+003,1.534917e+000
5.596410e+003,1.547232e+000
5.600268e+003,1.558292e+000
5.604124e+003,1.554658e+000
5.607981e+003,1.551523e+000
5.611838e+003,1.548124e+000
5.615695e+003,1.538197e+000
5.619552e+003,1.525862e+000
5.623409e+003,1.523240e+000
5.627266e+003,1.518898e+000
5.631123e+003,1.513449e+000
5.634979e+003,1.504998e+000
5.638837e+003,1.506241e+000
5.642693e+003,1.500241e+000
5.646551e+003,1.498275e+000
5.650407e+003,1.497030e+000
5.654265e+003,1.498477e+000
5.658121e+003,1.507174e+000
5.661979e+003,1.515323e+000
5.665835e+003,1.527731e+000
5.669692e+003,1.538301e+000
5.673549e+003,1.539904e+000
5.677406e+003,1.542648e+000
5.681263e+003,1.555087e+000
5.685120e+003,1.565415e+000
5.688977e+003,1.565830e+000
5.692834e+003,1.573931e+000
5.696690e+003,1.578369e+000
5.700548e+003,1.574377e+000
5.704404e+003,1.567840e+000
5.708262e+003,1.571483e+000
5.712118e+003,1.586801e+000
5.715976e+003,1.587180e+000
5.719832e+003,1.587199e+000
5.723689e+003,1.583250e+000
5.727546e+003,1.581673e+000
5.731403e+003,1.568821e+000
5.735260e+003,1.573084e+000
5.739117e+003,1.577579e+000
5.742974e+003,1.570660e+000
5.746831e+003,1.567054e+000
5.750688e+003,1.564908e+000
5.754545e+003,1.567188e+000
5.758401e+003,1.570877e+000
5.762259e+003,1.573172e+000
5.766115e+003,1.578515e+000
5.769973e+003,1.587351e+000
5.773829e+003,1.579689e+000
5.777687e+003,1.561553e+000
5.781543e+003,1.552734e+000
5.785400e+003,1.554711e+000
5.789257e+003,1.554180e+000
5.793114e+003,1.552682e+000
5.796971e+003,1.541103e+000
5.800828e+003,1.525150e+000
5.804685e+003,1.514234e+000
5.808542e+003,1.501515e+000
5.812398e+003,1.496309e+000
5.816256e+003,1.494312e+000
5.820112e+003,1.490002e+000
5.823970e+003,1.485734e+000
5.827826e+003,1.493754e+000
5.831684e+003,1.506054e+000
5.835540e+003,1.512957e+000
5.839397e+003,1.515846e+000
5.843254e+003,1.531490e+000
5.847111e+003,1.554334e+000
5.850968e+003,1.564704e+000
5.854825e+003,1.569645e+000
5.858682e+003,1.574502e+000
5.862539e+003,1.575945e+000
5.866396e+003,1.568654e+000
5.870253e+003,1.571314e+000
5.874109e+003,1.578604e+000
5.877967e+003,1.584299e+000
5.881823e+003,1.585131e+000
5.885681e+003,1.574738e+000
5.889537e+003,1.562026e+000
5.893395e+003,1.565079e+000
5.897251e+003,1.569480e+000
5.901108e+003,1.568507e+000
5.904965e+003,1.574360e+000
5.908822e+003,1.579444e+000
5.912679e+003,1.579454e+000
5.916536e+003,1.577449e+000
5.920393e+003,1.579088e+000
5.924250e+003,1.577536e+000
5.928106e+003,1.577303e+000
5.931964e+003,1.570339e+000
5.935820e+003,1.555537e+000
5.939678e+003,1.541311e+000
5.943534e+003,1.513515e+000
5.947392e+003,1.494433e+000
5.951248e+003,1.478895e+000
5.955105e+003,1.461698e+000
5.958962e+003,1.438768e+000
5.962819e+003,1.416798e+000
5.966676e+003,1.390980e+000
5.970533e+003,1.377981e+000
5.974390e+003,1.367751e+000
5.978247e+003,1.361029e+000
5.982104e+003,1.351491e+000
5.985961e+003,1.346543e+000
5.989817e+003,1.338858e+000
5.993675e+003,1.334071e+000
5.997531e+003,1.332579e+000
6.001389e+003,1.331770e+000
6.005245e+003,1.325348e+000
6.009103e+003,1.324349e+000
6.012959e+003,1.326337e+000
6.016816e+003,1.326983e+000
6.020673e+003,1.327786e+000
6.024530e+003,1.326804e+000
6.028387e+003,1.323803e+000
6.032244e+003,1.317282e+000
6.036101e+003,1.314088e+000
6.039958e+003,1.318437e+000
6.043814e+003,1.316880e+000
6.047672e+003,1.317017e+000
6.051528e+003,1.317880e+000
6.055386e+003,1.320789e+000
6.059242e+003,1.317962e+000
6.063100e+003,1.311239e+000
6.066956e+003,1.302832e+000
6.070813e+003,1.299267e+000
6.074670e+003,1.293193e+000
6.078527e+003,1.284644e+000
6.082384e+003,1.277439e+000
6.086241e+003,1.270572e+000
6.090098e+003,1.263944e+000
6.093955e+003,1.261858e+000
6.097812e+003,1.250680e+000
6.101669e+003,1.238858e+000
6.105525e+003,1.231922e+000
6.109383e+003,1.224594e+000
6.113239e+003,1.220208e+000
6.117097e+003,1.216939e+000
6.120953e+003,1.211851e+000
6.124811e+003,1.207568e+000
6.128667e+003,1.207197e+000
6.132524e+003,1.203647e+000
6.136381e+003,1.198282e+000
6.140238e+003,1.194948e+000
6.144095e+003,1.190862e+000
6.147952e+003,1.188609e+000
6.151809e+003,1.187312e+000
6.155666e+003,1.184403e+000
6.159522e+003,1.179007e+000
6.163380e+003,1.174837e+000
6.167236e+003,1.172393e+000
6.171094e+003,1.171145e+000
6.174950e+003,1.169407e+000
6.178808e+003,1.166807e+000
6.182664e+003,1.165402e+000
6.186521e+003,1.164093e+000
6.190378e+003,1.164492e+000
6.194235e+003,1.163157e+000
6.198092e+003,1.162769e+000
6.201949e+003,1.163253e+000
6.205806e+003,1.161312e+000
6.209663e+003,1.162520e+000
6.213520e+003,1.157439e+000
6.217377e+003,1.152849e+000
6.221233e+003,1.152874e+000
6.225091e+003,1.148339e+000
6.228947e+003,1.146877e+000
6.232805e+003,1.147344e+000
6.236661e+003,1.148167e+000
6.240519e+003,1.148648e+000
6.244375e+003,1.145874e+000
6.248232e+003,1.142623e+000
6.252089e+003,1.143481e+000
6.255946e+003,1.146306e+000
6.259803e+003,1.149904e+000
6.263660e+003,1.150126e+000
6.267517e+003,1.148120e+000
6.271374e+003,1.149420e+000
6.275230e+003,1.151790e+000
6.279088e+003,1.148871e+000
6.282944e+003,1.147700e+000
6.286802e+003,1.148976e+000
6.290658e+003,1.148203e+000
6.294516e+003,1.146849e+000
6.298372e+003,1.149789e+000
6.302229e+003,1.152177e+000
6.306086e+003,1.152207e+000
6.309943e+003,1.149764e+000
6.313800e+003,1.150826e+000
6.317657e+003,1.152935e+000
6.321514e+003,1.153244e+000
6.325371e+003,1.153725e+000
6.329228e+003,1.155481e+000
6.333085e+003,1.152805e+000
6.336941e+003,1.152531e+000
6.340799e+003,1.156001e+000
6.344655e+003,1.160224e+000
6.348513e+003,1.162160e+000
6.352369e+003,1.164144e+000
6.356227e+003,1.166917e+000
6.360083e+003,1.170549e+000
6.363940e+003,1.174966e+000
6.367797e+003,1.180236e+000
6.371654e+003,1.185386e+000
6.375511e+003,1.192414e+000
6.379368e+003,1.194721e+000
6.383225e+003,1.197523e+000
6.387082e+003,1.200388e+000
6.390938e+003,1.207592e+000
6.394796e+003,1.214917e+000
6.398652e+003,1.215379e+000
6.402510e+003,1.217201e+000
6.406366e+003,1.226156e+000
6.410224e+003,1.232033e+000
6.414080e+003,1.236295e+000
6.417938e+003,1.241347e+000
6.421794e+003,1.238077e+000
6.425651e+003,1.236653e+000
6.429508e+003,1.240734e+000
6.433365e+003,1.246119e+000
6.437222e+003,1.251883e+000
6.441079e+003,1.252092e+000
6.444936e+003,1.250366e+000
6.448793e+003,1.251339e+000
6.452649e+003,1.252245e+000
6.456507e+003,1.255799e+000
6.460363e+003,1.257234e+000
6.464221e+003,1.257877e+000
6.468077e+003,1.259387e+000
6.471935e+003,1.260917e+000
6.475791e+003,1.257259e+000
6.479648e+003,1.257577e+000
6.483505e+003,1.254216e+000
6.487362e+003,1.256478e+000
6.491219e+003,1.260708e+000
6.495076e+003,1.257247e+000
6.498933e+003,1.252428e+000
6.502790e+003,1.249951e+000
6.506646e+003,1.252460e+000
6.510504e+003,1.252171e+000
6.514360e+003,1.252330e+000
6.518218e+003,1.253332e+000
6.522074e+003,1.253748e+000
6.525932e+003,1.255786e+000
6.529788e+003,1.260294e+000
6.533646e+003,1.261048e+000
6.537502e+003,1.259362e+000
6.541359e+003,1.263675e+000
6.545216e+003,1.265613e+000
6.549073e+003,1.262189e+000
6.552930e+003,1.262723e+000
6.556787e+003,1.260162e+000
6.560644e+003,1.259710e+000
6.564501e+003,1.264586e+000
6.568357e+003,1.268853e+000
6.572215e+003,1.265559e+000
6.576071e+003,1.260951e+000
6.579929e+003,1.261756e+000
6.583785e+003,1.264923e+000
6.587643e+003,1.263781e+000
6.591499e+003,1.266652e+000
6.595356e+003,1.271161e+000
6.599213e+003,1.267366e+000
6.603070e+003,1.265788e+000
6.606927e+003,1.266306e+000
6.610784e+003,1.263678e+000
6.614641e+003,1.263081e+000
6.618498e+003,1.256610e+000
6.622354e+003,1.249177e+000
6.626212e+003,1.247983e+000
6.630068e+003,1.247674e+000
6.633926e+003,1.245142e+000
6.637782e+003,1.241944e+000
6.641640e+003,1.238933e+000
6.645496e+003,1.236965e+000
6.649354e+003,1.242429e+000
6.653210e+003,1.242546e+000
6.657067e+003,1.241253e+000
6.660924e+003,1.242549e+000
6.664781e+003,1.236833e+000
6.668638e+003,1.237560e+000
6.672495e+003,1.234245e+000
6.676352e+003,1.228396e+000
6.680209e+003,1.227500e+000
6.684065e+003,1.228861e+000
6.687923e+003,1.228585e+000
6.691779e+003,1.223792e+000
6.695637e+003,1.222635e+000
6.699493e+003,1.228004e+000
6.703351e+003,1.227859e+000
6.707207e+003,1.229754e+000
6.711064e+003,1.231097e+000
6.714921e+003,1.234347e+000
6.718778e+003,1.239737e+000
6.722635e+003,1.243244e+000
6.726492e+003,1.238909e+000
6.730349e+003,1.234542e+000
6.734206e+003,1.235657e+000
6.738063e+003,1.233711e+000
6.741920e+003,1.237692e+000
6.745776e+003,1.240088e+000
6.749634e+003,1.235725e+000
6.753490e+003,1.238924e+000
6.757348e+003,1.240055e+000
6.761204e+003,1.240611e+000
6.765062e+003,1.240293e+000
6.768918e+003,1.244285e+000
6.772775e+003,1.246816e+000
6.776632e+003,1.246684e+000
6.780489e+003,1.244483e+000
6.784346e+003,1.245778e+000
6.788203e+003,1.247116e+000
6.792060e+003,1.245173e+000
6.795917e+003,1.248846e+000
6.799773e+003,1.254137e+000
6.803631e+003,1.256287e+000
6.807487e+003,1.258480e+000
6.811345e+003,1.255512e+000
6.815201e+003,1.254384e+000
6.819059e+003,1.262416e+000
6.822915e+003,1.266533e+000
6.826772e+003,1.269408e+000
6.830629e+003,1.268894e+000
6.834486e+003,1.265362e+000
6.838343e+003,1.264810e+000
6.842200e+003,1.261380e+000
6.846057e+003,1.258226e+000
6.849914e+003,1.259870e+000
6.853771e+003,1.262121e+000
6.857628e+003,1.263555e+000
6.861484e+003,1.264681e+000
6.865342e+003,1.264636e+000
6.869198e+003,1.259184e+000
6.873056e+003,1.261611e+000
6.876912e+003,1.271763e+000
6.880770e+003,1.272282e+000
6.884626e+003,1.265931e+000
6.888483e+003,1.267426e+000
6.892340e+003,1.269651e+000
6.896197e+003,1.272855e+000
6.900054e+003,1.272711e+000
6.903911e+003,1.273453e+000
6.907768e+003,1.274712e+000
6.911625e+003,1.280527e+000
6.915481e+003,1.285643e+000
6.919339e+003,1.290610e+000
6.923195e+003,1.295510e+000
6.927053e+003,1.298581e+000
6.930909e+003,1.293302e+000
6.934767e+003,1.296374e+000
6.938623e+003,1.304895e+000
6.942480e+003,1.308771e+000
6.946337e+003,1.315414e+000
6.950194e+003,1.320028e+000
6.954051e+003,1.313158e+000
6.957908e+003,1.314562e+000
6.961765e+003,1.322550e+000
6.965622e+003,1.325971e+000
6.969479e+003,1.327182e+000
6.973336e+003,1.332150e+000
6.977192e+003,1.334035e+000
6.981050e+003,1.334288e+000
6.984906e+003,1.338946e+000
6.988764e+003,1.344608e+000
6.992620e+003,1.346215e+000
6.996478e+003,1.346604e+000
7.000334e+003,1.347743e+000
7.004191e+003,1.352257e+000
7.008048e+003,1.360057e+000
7.011905e+003,1.363462e+000
7.015762e+003,1.363997e+000
7.019619e+003,1.362890e+000
7.023476e+003,1.363618e+000
7.027333e+003,1.368830e+000
7.031189e+003,1.371045e+000
7.035047e+003,1.370685e+000
7.038903e+003,1.374089e+000
7.042761e+003,1.381541e+000
7.046617e+003,1.389075e+000
7.050475e+003,1.392537e+000
7.054331e+003,1.392415e+000
7.058188e+003,1.399242e+000
7.062045e+003,1.410444e+000
7.065902e+003,1.422914e+000
7.069759e+003,1.432414e+000
7.073616e+003,1.442725e+000
7.077473e+003,1.452823e+000
7.081330e+003,1.464679e+000
7.085187e+003,1.467906e+000
7.089044e+003,1.470593e+000
7.092900e+003,1.484302e+000
7.096758e+003,1.497865e+000
7.100614e+003,1.501494e+000
7.104472e+003,1.506483e+000
7.108328e+003,1.520350e+000
7.112186e+003,1.522933e+000
7.116042e+003,1.518332e+000
7.119899e+003,1.527213e+000
7.123756e+003,1.536182e+000
7.127613e+003,1.533773e+000
7.131470e+003,1.521761e+000
7.135327e+003,1.515833e+000
7.139184e+003,1.512881e+000
7.143041e+003,1.521470e+000
7.146897e+003,1.527160e+000
7.150755e+003,1.528318e+000
7.154611e+003,1.520256e+000
7.158469e+003,1.528166e+000
7.162325e+003,1.533772e+000
7.166183e+003,1.524013e+000
7.170039e+003,1.521313e+000
7.173896e+003,1.519815e+000
7.177753e+003,1.511740e+000
7.181610e+003,1.506141e+000
7.185467e+003,1.499490e+000
7.189324e+003,1.489649e+000
7.193181e+003,1.473966e+000
7.197038e+003,1.471954e+000
7.200895e+003,1.470396e+000
7.204752e+003,1.465121e+000
7.208608e+003,1.464234e+000
7.212466e+003,1.462643e+000
7.216322e+003,1.446306e+000
7.220180e+003,1.441688e+000
7.224036e+003,1.440313e+000
7.227894e+003,1.440401e+000
7.231750e+003,1.450339e+000
7.235607e+003,1.450472e+000
7.239464e+003,1.445981e+000
7.243321e+003,1.444771e+000
7.247178e+003,1.449218e+000
7.251035e+003,1.457258e+000
7.254892e+003,1.457006e+000
7.258749e+003,1.439882e+000
7.262605e+003,1.427485e+000
7.266463e+003,1.429833e+000
7.270319e+003,1.430564e+000
7.274177e+003,1.434906e+000
7.278033e+003,1.435608e+000
7.281891e+003,1.430760e+000
7.285747e+003,1.429156e+000
7.289604e+003,1.434336e+000
7.293461e+003,1.440170e+000
7.297318e+003,1.440376e+000
7.301175e+003,1.438889e+000
7.305032e+003,1.433751e+000
7.308889e+003,1.416585e+000
7.312746e+003,1.402900e+000
7.316603e+003,1.393734e+000
7.320460e+003,1.386802e+000
7.324316e+003,1.379366e+000
7.328174e+003,1.369496e+000
7.332030e+003,1.353273e+000
7.335888e+003,1.340185e+000
7.339744e+003,1.334491e+000
7.343602e+003,1.330791e+000
7.347458e+003,1.322998e+000
7.351315e+003,1.314350e+000
7.355172e+003,1.309836e+000
7.359029e+003,1.306899e+000
7.362886e+003,1.301719e+000
7.366743e+003,1.292953e+000
7.370600e+003,1.287772e+000
7.374457e+003,1.284151e+000
7.378313e+003,1.281001e+000
7.382171e+003,1.278634e+000
7.386027e+003,1.274938e+000
7.389885e+003,1.270458e+000
7.393741e+003,1.267620e+000
7.397599e+003,1.265800e+000
7.401455e+003,1.265871e+000
7.405313e+003,1.265017e+000
7.409169e+003,1.260415e+000
7.413026e+003,1.254980e+000
7.416883e+003,1.249648e+000
7.420740e+003,1.250362e+000
7.424597e+003,1.250911e+000
7.428454e+003,1.247572e+000
7.432311e+003,1.250783e+000
7.436168e+003,1.251339e+000
7.440024e+003,1.243725e+000
7.443882e+003,1.243379e+000
7.447738e+003,1.244586e+000
7.451596e+003,1.238527e+000
7.455452e+003,1.239292e+000
7.459310e+003,1.241912e+000
7.463166e+003,1.236465e+000
7.467023e+003,1.238259e+000
7.470880e+003,1.238217e+000
7.474737e+003,1.233434e+000
7.478594e+003,1.231265e+000
7.482451e+003,1.233750e+000
7.486308e+003,1.231123e+000
7.490165e+003,1.229307e+000
7.494021e+003,1.230908e+000
7.497879e+003,1.227761e+000
7.501735e+003,1.226115e+000
7.505593e+003,1.226911e+000
7.509449e+003,1.223969e+000
7.513307e+003,1.224676e+000
7.517163e+003,1.227653e+000
7.521021e+003,1.226616e+000
7.524877e+003,1.224566e+000
7.528734e+003,1.224380e+000
7.532591e+003,1.223138e+000
7.536448e+003,1.222146e+000
7.540305e+003,1.222118e+000
7.544162e+003,1.222266e+000
7.548019e+003,1.222850e+000
7.551876e+003,1.223324e+000
7.555732e+003,1.220032e+000
7.559590e+003,1.218426e+000
7.563446e+003,1.217219e+000
7.567304e+003,1.216949e+000
7.571160e+003,1.219604e+000
7.575018e+003,1.221309e+000
7.578874e+003,1.221833e+000
7.582731e+003,1.218517e+000
7.586588e+003,1.216539e+000
7.590445e+003,1.214997e+000
7.594302e+003,1.214645e+000
7.598159e+003,1.219505e+000
7.602016e+003,1.222181e+000
7.605873e+003,1.219730e+000
7.609729e+003,1.216963e+000
7.613587e+003,1.220011e+000
7.617443e+003,1.222111e+000
7.621301e+003,1.220469e+000
7.625157e+003,1.218146e+000
7.629015e+003,1.218202e+000
7.632871e+003,1.217510e+000
7.636729e+003,1.221042e+000
7.640585e+003,1.221065e+000
7.644442e+003,1.217892e+000
7.648299e+003,1.215223e+000
7.652156e+003,1.216484e+000
7.656013e+003,1.219767e+000
7.659870e+003,1.222445e+000
7.663727e+003,1.223406e+000
7.667584e+003,1.222844e+000
7.671440e+003,1.223281e+000
7.675298e+003,1.223653e+000
7.679154e+003,1.222035e+000
7.683012e+003,1.218750e+000
7.686868e+003,1.221896e+000
7.690726e+003,1.224903e+000
7.694582e+003,1.225832e+000
7.698439e+003,1.226794e+000
7.702296e+003,1.226717e+000
7.706153e+003,1.225155e+000
7.710010e+003,1.225733e+000
7.713867e+003,1.222220e+000
7.717724e+003,1.225362e+000
7.721581e+003,1.232171e+000
7.725438e+003,1.230094e+000
7.729295e+003,1.226655e+000
7.733151e+003,1.224460e+000
7.737009e+003,1.223037e+000
7.740865e+003,1.225375e+000
7.744723e+003,1.224737e+000
7.748579e+003,1.223001e+000
7.752437e+003,1.229571e+000
7.756293e+003,1.234305e+000
7.760150e+003,1.233304e+000
7.764007e+003,1.231967e+000
7.767864e+003,1.224247e+000
7.771721e+003,1.221566e+000
7.775578e+003,1.223844e+000
7.779435e+003,1.224139e+000
7.783292e+003,1.228104e+000
7.787148e+003,1.228884e+000
7.791006e+003,1.226285e+000
7.794862e+003,1.226308e+000
7.798720e+003,1.229064e+000
7.802576e+003,1.226491e+000
7.806434e+003,1.222164e+000
7.810290e+003,1.220624e+000
7.814147e+003,1.223698e+000
7.818004e+003,1.225904e+000
7.821861e+003,1.227725e+000
7.825718e+003,1.225030e+000
7.829575e+003,1.225836e+000
7.833432e+003,1.227618e+000
7.837289e+003,1.227295e+000
7.841146e+003,1.225395e+000
7.845003e+003,1.229568e+000
7.848859e+003,1.229784e+000
7.852717e+003,1.226384e+000
7.856573e+003,1.224277e+000
7.860431e+003,1.225185e+000
7.864287e+003,1.221910e+000
7.868145e+003,1.223782e+000
7.872001e+003,1.234797e+000
7.875858e+003,1.229252e+000
7.879715e+003,1.225076e+000
7.883572e+003,1.228197e+000
7.887429e+003,1.223995e+000
7.891286e+003,1.223046e+000
7.895143e+003,1.220978e+000
7.899000e+003,1.220142e+000
7.902856e+003,1.227745e+000
7.906714e+003,1.228196e+000
7.910570e+003,1.229019e+000
7.914428e+003,1.227474e+000
7.918284e+003,1.226215e+000
7.922142e+003,1.230269e+000
7.925998e+003,1.227449e+000
7.929855e+003,1.221206e+000
7.933712e+003,1.228255e+000
7.937569e+003,1.229915e+000
7.941426e+003,1.224579e+000
7.945283e+003,1.223948e+000
7.949140e+003,1.226068e+000
7.952997e+003,1.227282e+000
7.956854e+003,1.224845e+000
7.960711e+003,1.224392e+000
7.964567e+003,1.226258e+000
7.968425e+003,1.228687e+000
7.972281e+003,1.225973e+000
7.976139e+003,1.221492e+000
7.979995e+003,1.223455e+000
7.983853e+003,1.226080e+000
7.987709e+003,1.224077e+000
7.991566e+003,1.228500e+000
7.995423e+003,1.227813e+000
7.999280e+003,1.227551e+000
8.003137e+003,1.224418e+000
8.006994e+003,1.219873e+000
8.010851e+003,1.223851e+000
8.014708e+003,1.228397e+000
8.018564e+003,1.229720e+000
8.022422e+003,1.230935e+000
8.026278e+003,1.230297e+000
8.030136e+003,1.226556e+000
8.033992e+003,1.227086e+000
8.037850e+003,1.228280e+000
8.041706e+003,1.225831e+000
8.045563e+003,1.222350e+000
8.049420e+003,1.226495e+000
8.053277e+003,1.230820e+000
8.057134e+003,1.229252e+000
8.060991e+003,1.232307e+000
8.064848e+003,1.231047e+000
8.068705e+003,1.224986e+000
8.072562e+003,1.229496e+000
8.076419e+003,1.232859e+000
8.080275e+003,1.230798e+000
8.084133e+003,1.226333e+000
8.087989e+003,1.220628e+000
8.091847e+003,1.228402e+000
8.095703e+003,1.232590e+000
8.099561e+003,1.226182e+000
8.103417e+003,1.226743e+000
8.107274e+003,1.230452e+000
8.111131e+003,1.226382e+000
8.114988e+003,1.219757e+000
8.118845e+003,1.224744e+000
8.122702e+003,1.229042e+000
8.126559e+003,1.227611e+000
8.130416e+003,1.226050e+000
8.134272e+003,1.226347e+000
8.138130e+003,1.231867e+000
8.141986e+003,1.233569e+000
8.145844e+003,1.232536e+000
8.149700e+003,1.228366e+000
8.153558e+003,1.237247e+000
8.157414e+003,1.242679e+000
8.161271e+003,1.240701e+000
8.165128e+003,1.240197e+000
8.168985e+003,1.242967e+000
8.172842e+003,1.245050e+000
8.176699e+003,1.250907e+000
8.180556e+003,1.253521e+000
8.184413e+003,1.249996e+000
8.188270e+003,1.257422e+000
8.192127e+003,1.264786e+000
8.195983e+003,1.262941e+000
8.199841e+003,1.264228e+000
8.203697e+003,1.267108e+000
8.207555e+003,1.267727e+000
8.211411e+003,1.268100e+000
8.215269e+003,1.274670e+000
8.219125e+003,1.276841e+000
8.222982e+003,1.277173e+000
8.226839e+003,1.278132e+000
8.230696e+003,1.277940e+000
8.234553e+003,1.279956e+000
8.238410e+003,1.280912e+000
8.242267e+003,1.273883e+000
8.246124e+003,1.276558e+000
8.249980e+003,1.277988e+000
8.253838e+003,1.276008e+000
8.257694e+003,1.272180e+000
8.261552e+003,1.273072e+000
8.265408e+003,1.269700e+000
8.269266e+003,1.269341e+000
8.273122e+003,1.267164e+000
8.276979e+003,1.266543e+000
8.280836e+003,1.269464e+000
8.284693e+003,1.267592e+000
8.288550e+003,1.258881e+000
8.292407e+003,1.265185e+000
8.296264e+003,1.266748e+000
8.300121e+003,1.262944e+000
8.303978e+003,1.266746e+000
8.307835e+003,1.274612e+000
8.311691e+003,1.271416e+000
8.315549e+003,1.271298e+000
8.319405e+003,1.275276e+000
8.323263e+003,1.280575e+000
8.327119e+003,1.293657e+000
8.330977e+003,1.299276e+000
8.334833e+003,1.306214e+000
8.338690e+003,1.316763e+000
8.342547e+003,1.320536e+000
8.346404e+003,1.322140e+000
8.350261e+003,1.337351e+000
8.354118e+003,1.349843e+000
8.357975e+003,1.360319e+000
8.361832e+003,1.366765e+000
8.365688e+003,1.375984e+000
8.369546e+003,1.397694e+000
8.373402e+003,1.415734e+000
8.377260e+003,1.436198e+000
8.381116e+003,1.455925e+000
8.384974e+003,1.484483e+000
8.388830e+003,1.505733e+000
8.392688e+003,1.516496e+000
8.396544e+003,1.526808e+000
8.400401e+003,1.534848e+000
8.404258e+003,1.536332e+000
8.408115e+003,1.540872e+000
8.411972e+003,1.562685e+000
8.415829e+003,1.569884e+000
8.419686e+003,1.576070e+000
8.423543e+003,1.588222e+000
8.427399e+003,1.571587e+000
8.431257e+003,1.556112e+000
8.435113e+003,1.564479e+000
8.438971e+003,1.571572e+000
8.442827e+003,1.573521e+000
8.446685e+003,1.582400e+000
8.450541e+003,1.575679e+000
8.454398e+003,1.548471e+000
8.458255e+003,1.544760e+000
8.462112e+003,1.550625e+000
8.465969e+003,1.550400e+000
8.469826e+003,1.538610e+000
8.473683e+003,1.515475e+000
8.477540e+003,1.493418e+000
8.481396e+003,1.478863e+000
8.485254e+003,1.473693e+000
8.489110e+003,1.464490e+000
8.492968e+003,1.442501e+000
8.496824e+003,1.438480e+000
8.500682e+003,1.431225e+000
8.504538e+003,1.415007e+000
8.508396e+003,1.402904e+000
8.512252e+003,1.396820e+000
8.516109e+003,1.390833e+000
8.519966e+003,1.387290e+000
8.523823e+003,1.380166e+000
8.527680e+003,1.375499e+000
8.531537e+003,1.374337e+000
8.535394e+003,1.367258e+000
8.539251e+003,1.356520e+000
8.543107e+003,1.352336e+000
8.546965e+003,1.348415e+000
8.550821e+003,1.335307e+000
8.554679e+003,1.332435e+000
8.558535e+003,1.337703e+000
8.562393e+003,1.336697e+000
8.566249e+003,1.324495e+000
8.570106e+003,1.317305e+000
8.573963e+003,1.321417e+000
8.577820e+003,1.320968e+000
8.581677e+003,1.325648e+000
8.585534e+003,1.327361e+000
8.589391e+003,1.326186e+000
8.593248e+003,1.322279e+000
8.597104e+003,1.316705e+000
8.600962e+003,1.314136e+000
8.604818e+003,1.311843e+000
8.608676e+003,1.318042e+000
8.612532e+003,1.322981e+000
8.616390e+003,1.319075e+000
8.620246e+003,1.317791e+000
8.624104e+003,1.320382e+000
8.627960e+003,1.328365e+000
8.631817e+003,1.331232e+000
8.635674e+003,1.327654e+000
8.639531e+003,1.324449e+000
8.643388e+003,1.327184e+000
8.647245e+003,1.326924e+000
8.651102e+003,1.330288e+000
8.654959e+003,1.335590e+000
8.658815e+003,1.330535e+000
8.662673e+003,1.321201e+000
8.666529e+003,1.320095e+000
8.670387e+003,1.322844e+000
8.674243e+003,1.318537e+000
8.678101e+003,1.318744e+000
8.681957e+003,1.325016e+000
8.685814e+003,1.323513e+000
8.689671e+003,1.322635e+000
8.693528e+003,1.328947e+000
8.697385e+003,1.315214e+000
8.701242e+003,1.307174e+000
8.705099e+003,1.320362e+000
8.708956e+003,1.319918e+000
8.712813e+003,1.318061e+000
8.716670e+003,1.310768e+000
8.720526e+003,1.306970e+000
8.724384e+003,1.308834e+000
8.728240e+003,1.299791e+000
8.732098e+003,1.291813e+000
8.735954e+003,1.290087e+000
8.739812e+003,1.295897e+000
8.743668e+003,1.296582e+000
8.747525e+003,1.293964e+000
8.751382e+003,1.288106e+000
8.755239e+003,1.282770e+000
8.759096e+003,1.276625e+000
8.762953e+003,1.264418e+000
8.766810e+003,1.262799e+000
8.770667e+003,1.261185e+000
8.774523e+003,1.258008e+000
8.778381e+003,1.256248e+000
8.782237e+003,1.257790e+000
8.786095e+003,1.256261e+000
8.789951e+003,1.253268e+000
8.793809e+003,1.248900e+000
8.797665e+003,1.245682e+000
8.801522e+003,1.248549e+000
8.805379e+003,1.251125e+000
8.809236e+003,1.247882e+000
8.813093e+003,1.249339e+000
8.816950e+003,1.250625e+000
8.820807e+003,1.252241e+000
8.824664e+003,1.241486e+000
8.828521e+003,1.241715e+000
8.832378e+003,1.241004e+000
8.836234e+003,1.227084e+000
8.840092e+003,1.221555e+000
8.843948e+003,1.225860e+000
8.847806e+003,1.232377e+000
8.851662e+003,1.238824e+000
8.855520e+003,1.240007e+000
8.859376e+003,1.236780e+000
8.863233e+003,1.228302e+000
8.867090e+003,1.232313e+000
8.870947e+003,1.234614e+000
8.874804e+003,1.229616e+000
8.878661e+003,1.232791e+000
8.882518e+003,1.234887e+000
8.886375e+003,1.230088e+000
8.890231e+003,1.226106e+000
8.894089e+003,1.224123e+000
8.897945e+003,1.226643e+000
8.901803e+003,1.235511e+000
8.905659e+003,1.238081e+000
8.909517e+003,1.227225e+000
8.913373e+003,1.220725e+000
8.917230e+003,1.223698e+000
8.921087e+003,1.232787e+000
8.924944e+003,1.229420e+000
8.928801e+003,1.219997e+000
8.932658e+003,1.217280e+000
8.936515e+003,1.211754e+000
8.940372e+003,1.223304e+000
8.944229e+003,1.236096e+000
8.948086e+003,1.230442e+000
8.951942e+003,1.236071e+000
8.955800e+003,1.230960e+000
8.959656e+003,1.219970e+000
8.963514e+003,1.219399e+000
8.967370e+003,1.224679e+000
8.971228e+003,1.228283e+000
8.975084e+003,1.226009e+000
8.978941e+003,1.223774e+000
8.982798e+003,1.217126e+000
8.986655e+003,1.217034e+000
8.990512e+003,1.218093e+000
8.994369e+003,1.222310e+000
8.998226e+003,1.227058e+000
9.002083e+003,1.229905e+000
9.005939e+003,1.226546e+000
9.009797e+003,1.223959e+000
9.013653e+003,1.223657e+000
9.017511e+003,1.220667e+000
9.021367e+003,1.222292e+000
9.025225e+003,1.223073e+000
9.029081e+003,1.220158e+000
9.032938e+003,1.219359e+000
9.036795e+003,1.226430e+000
9.040652e+003,1.237498e+000
9.044509e+003,1.228782e+000
9.048366e+003,1.228339e+000
9.052223e+003,1.232725e+000
9.056080e+003,1.226880e+000
9.059937e+003,1.220878e+000
9.063794e+003,1.228816e+000
9.067650e+003,1.235507e+000
9.071508e+003,1.234392e+000
9.075364e+003,1.233609e+000
9.079222e+003,1.241933e+000
9.083078e+003,1.242988e+000
9.086936e+003,1.243547e+000
9.090792e+003,1.237061e+000
9.094649e+003,1.233132e+000
9.098506e+003,1.245739e+000
9.102363e+003,1.242298e+000
9.106220e+003,1.235194e+000
9.110077e+003,1.236164e+000
9.113934e+003,1.229189e+000
9.117791e+003,1.219566e+000
9.121647e+003,1.220026e+000
9.125505e+003,1.235769e+000
9.129361e+003,1.239634e+000
9.133219e+003,1.243379e+000
9.137075e+003,1.251033e+000
9.140933e+003,1.240204e+000
9.144789e+003,1.225606e+000
9.148646e+003,1.227639e+000
9.152503e+003,1.235260e+000
9.156360e+003,1.236449e+000
9.160217e+003,1.235909e+000
9.164074e+003,1.234924e+000
9.167931e+003,1.229499e+000
9.171788e+003,1.234075e+000
9.175645e+003,1.241124e+000
9.179502e+003,1.242723e+000
9.183358e+003,1.240711e+000
9.187216e+003,1.239008e+000
9.191072e+003,1.233680e+000
9.194930e+003,1.227645e+000
9.198786e+003,1.237772e+000
9.202644e+003,1.240134e+000
9.206500e+003,1.222568e+000
9.210357e+003,1.227315e+000
9.214214e+003,1.231848e+000
9.218071e+003,1.238199e+000
9.221928e+003,1.237934e+000
9.225785e+003,1.242883e+000
9.229642e+003,1.244028e+000
9.233499e+003,1.241066e+000
9.237355e+003,1.245919e+000
9.241213e+003,1.241794e+000
9.245069e+003,1.242024e+000
9.248927e+003,1.237956e+000
9.252783e+003,1.236314e+000
9.256641e+003,1.238603e+000
9.260497e+003,1.227832e+000
9.264354e+003,1.227685e+000
9.268211e+003,1.228793e+000
9.272068e+003,1.229821e+000
9.275925e+003,1.227577e+000
9.279782e+003,1.223493e+000
9.283639e+003,1.234230e+000
9.287496e+003,1.241941e+000
9.291353e+003,1.234748e+000
9.295210e+003,1.236243e+000
9.299066e+003,1.239278e+000
9.302924e+003,1.230068e+000
9.306780e+003,1.222644e+000
9.310638e+003,1.228252e+000
9.314494e+003,1.238170e+000
9.318352e+003,1.242759e+000
9.322208e+003,1.235007e+000
9.326065e+003,1.229091e+000
9.329922e+003,1.234197e+000
9.333779e+003,1.235890e+000
9.337636e+003,1.229414e+000
9.341493e+003,1.235629e+000
9.345350e+003,1.229404e+000
9.349207e+003,1.221899e+000
9.353063e+003,1.227310e+000
9.356921e+003,1.224578e+000
9.360777e+003,1.229238e+000
9.364635e+003,1.228031e+000
9.368491e+003,1.224519e+000
9.372349e+003,1.220106e+000
9.376205e+003,1.224696e+000
9.380063e+003,1.235229e+000
9.383919e+003,1.239803e+000
9.387776e+003,1.246045e+000
9.391633e+003,1.243740e+000
9.395490e+003,1.227865e+000
9.399347e+003,1.222676e+000
9.403204e+003,1.227289e+000
9.407061e+003,1.233943e+000
9.410918e+003,1.230226e+000
9.414774e+003,1.226219e+000
9.418632e+003,1.223751e+000
9.422488e+003,1.218895e+000
9.426346e+003,1.230313e+000
9.430202e+003,1.226178e+000
9.434060e+003,1.223584e+000
9.437916e+003,1.233974e+000
9.441773e+003,1.237093e+000
9.445630e+003,1.241489e+000
9.449487e+003,1.236909e+000
9.453344e+003,1.225830e+000
9.457201e+003,1.228223e+000
9.461058e+003,1.224070e+000
9.464915e+003,1.225416e+000
9.468771e+003,1.220906e+000
9.472629e+003,1.227206e+000
9.476485e+003,1.221975e+000
9.480343e+003,1.221251e+000
9.484199e+003,1.230323e+000
9.488057e+003,1.226421e+000
9.491913e+003,1.225696e+000
9.495771e+003,1.225011e+000
9.499627e+003,1.219510e+000
9.503484e+003,1.216970e+000
9.507341e+003,1.230023e+000
9.511198e+003,1.238086e+000
9.515055e+003,1.227896e+000
9.518912e+003,1.229075e+000
9.522769e+003,1.236486e+000
9.526626e+003,1.233369e+000
9.530482e+003,1.223115e+000
9.534340e+003,1.226231e+000
9.538196e+003,1.228829e+000
9.542054e+003,1.233564e+000
9.545910e+003,1.235762e+000
9.549768e+003,1.223471e+000
9.553624e+003,1.226945e+000
9.557481e+003,1.219420e+000
9.561338e+003,1.217458e+000
9.565195e+003,1.226918e+000
9.569052e+003,1.227474e+000
9.572909e+003,1.230163e+000
9.576766e+003,1.217614e+000
9.580623e+003,1.218501e+000
9.584479e+003,1.225498e+000
9.588337e+003,1.229371e+000
9.592193e+003,1.230155e+000
9.596051e+003,1.224964e+000
9.599907e+003,1.237408e+000
9.603765e+003,1.243605e+000
9.607621e+003,1.242037e+000
9.611479e+003,1.238614e+000
9.615335e+003,1.233936e+000
9.619192e+003,1.227688e+000
9.623049e+003,1.243636e+000
9.626906e+003,1.236886e+000
9.630763e+003,1.221527e+000
9.634620e+003,1.214494e+000
9.638477e+003,1.223389e+000
9.642334e+003,1.228040e+000
9.646190e+003,1.225505e+000
9.650048e+003,1.239384e+000
9.653904e+003,1.235880e+000
9.657762e+003,1.241477e+000
9.661618e+003,1.239969e+000
9.665476e+003,1.221529e+000
9.669332e+003,1.238649e+000
9.673189e+003,1.245030e+000
9.677046e+003,1.234540e+000
9.680903e+003,1.230367e+000
9.684760e+003,1.226224e+000
9.688617e+003,1.225892e+000
9.692474e+003,1.231250e+000
9.696331e+003,1.231251e+000
9.700188e+003,1.230858e+000
9.704045e+003,1.237483e+000
9.707901e+003,1.241157e+000
9.711759e+003,1.233760e+000
9.715615e+003,1.225154e+000
9.719473e+003,1.234834e+000
9.723329e+003,1.242610e+000
9.727187e+003,1.245223e+000
9.731043e+003,1.242820e+000
9.734900e+003,1.236877e+000
9.738757e+003,1.230960e+000
9.742614e+003,1.242655e+000
9.746471e+003,1.252100e+000
9.750328e+003,1.237073e+000
9.754185e+003,1.242980e+000
9.758042e+003,1.259437e+000
9.761898e+003,1.264530e+000
9.765756e+003,1.257531e+000
9.769612e+003,1.259009e+000
9.773470e+003,1.269132e+000
9.777326e+003,1.270282e+000
9.781184e+003,1.269465e+000
9.785040e+003,1.259333e+000
9.788897e+003,1.246264e+000
9.792754e+003,1.244730e+000
9.796611e+003,1.252106e+000
9.800468e+003,1.245310e+000
9.804325e+003,1.237578e+000
9.808182e+003,1.246341e+000
9.812039e+003,1.270297e+000
9.815896e+003,1.266770e+000
9.819753e+003,1.256668e+000
9.823609e+003,1.255109e+000
9.827467e+003,1.260244e+000
9.831323e+003,1.244981e+000
9.835181e+003,1.247886e+000
9.839037e+003,1.267299e+000
9.842895e+003,1.256074e+000
9.846751e+003,1.249594e+000
9.850608e+003,1.263189e+000
9.854465e+003,1.255849e+000
9.858322e+003,1.251434e+000
9.862179e+003,1.235846e+000
9.866036e+003,1.236684e+000
9.869893e+003,1.248018e+000
9.873750e+003,1.234840e+000
9.877606e+003,1.235813e+000
9.881464e+003,1.254261e+000
9.885320e+003,1.256435e+000
9.889178e+003,1.256416e+000
9.893034e+003,1.252886e+000
9.896892e+003,1.256937e+000
9.900748e+003,1.248920e+000
9.904605e+003,1.224611e+000
9.908462e+003,1.234718e+000
9.912319e+003,1.257427e+000
9.916176e+003,1.252890e+000
9.920033e+003,1.242612e+000
9.923890e+003,1.241991e+000
9.927747e+003,1.252185e+000
9.931604e+003,1.256621e+000
9.935461e+003,1.247179e+000
9.939317e+003,1.237967e+000
9.943175e+003,1.240278e+000
9.947031e+003,1.243854e+000
9.950889e+003,1.234633e+000
9.954745e+003,1.221402e+000
9.958603e+003,1.235361e+000
9.962459e+003,1.245235e+000
9.966316e+003,1.250262e+000
9.970173e+003,1.245104e+000
9.974030e+003,1.229777e+000
9.977887e+003,1.237773e+000
9.981744e+003,1.246740e+000
9.985601e+003,1.243934e+000
9.989458e+003,1.247632e+000
9.993314e+003,1.253425e+000
9.997172e+003,1.249385e+000
1.000103e+004,1.237699e+000
