3.999640e+003,7.387547e-001
4.003497e+003,6.693549e-001
4.007354e+003,6.646617e-001
4.011211e+003,6.445522e-001
4.015068e+003,6.202822e-001
4.018925e+003,6.766830e-001
4.022781e+003,6.992892e-001
4.026638e+003,6.565449e-001
4.030495e+003,6.766969e-001
4.034352e+003,5.830343e-001
4.038209e+003,5.689676e-001
4.042066e+003,5.091171e-001
4.045923e+003,5.128519e-001
4.049780e+003,6.098101e-001
4.053637e+003,6.808954e-001
4.057494e+003,6.494726e-001
4.061351e+003,6.606457e-001
4.065208e+003,6.625851e-001
4.069065e+003,6.403343e-001
4.072922e+003,7.304497e-001
4.076779e+003,6.034827e-001
4.080635e+003,6.121511e-001
4.084492e+003,7.047520e-001
4.088349e+003,9.513672e-001
4.092206e+003,1.031486e+000
4.096063e+003,7.022709e-001
4.099920e+003,6.230903e-001
4.103777e+003,7.321073e-001
4.107634e+003,7.395644e-001
4.111491e+003,7.956235e-001
4.115348e+003,8.911381e-001
4.119205e+003,1.025575e+000
4.123062e+003,1.043745e+000
4.126919e+003,1.077871e+000
4.130775e+003,1.060420e+000
4.134633e+003,1.044977e+000
4.138489e+003,9.692635e-001
4.142347e+003,9.979370e-001
4.146203e+003,1.073322e+000
4.150061e+003,1.018329e+000
4.153917e+003,1.084478e+000
4.157774e+003,1.059621e+000
4.161631e+003,1.036776e+000
4.165488e+003,1.082927e+000
4.169345e+003,1.098121e+000
4.173202e+003,1.076340e+000
4.177059e+003,1.033094e+000
4.180916e+003,1.011440e+000
4.184772e+003,1.030939e+000
4.188630e+003,1.086779e+000
4.192486e+003,1.115320e+000
4.196344e+003,1.084503e+000
4.200200e+003,1.002364e+000
4.204058e+003,1.008007e+000
4.207914e+003,1.051357e+000
4.211771e+003,1.015244e+000
4.215628e+003,9.828419e-001
4.219485e+003,1.051593e+000
4.223342e+003,1.047711e+000
4.227199e+003,1.010251e+000
4.231056e+003,1.027201e+000
4.234913e+003,1.057452e+000
4.238770e+003,1.057711e+000
4.242627e+003,1.043696e+000
4.246483e+003,1.019297e+000
4.250341e+003,1.006632e+000
4.254197e+003,1.023474e+000
4.258055e+003,1.040688e+000
4.261911e+003,1.056252e+000
4.265769e+003,1.055001e+000
4.269625e+003,1.037507e+000
4.273482e+003,1.027829e+000
4.277339e+003,1.006301e+000
4.281196e+003,1.003966e+000
4.285053e+003,1.025865e+000
4.288910e+003,1.021019e+000
4.292767e+003,1.017118e+000
4.296624e+003,1.018205e+000
4.300480e+003,1.019699e+000
4.304338e+003,1.030063e+000
4.308194e+003,1.044365e+000
4.312052e+003,1.027390e+000
4.315908e+003,1.017735e+000
4.319766e+003,1.043742e+000
4.323622e+003,1.042519e+000
4.327479e+003,1.035226e+000
4.331336e+003,1.028476e+000
4.335193e+003,1.030115e+000
4.339050e+003,1.038019e+000
4.342907e+003,1.048608e+000
4.346764e+003,1.040784e+000
4.350621e+003,1.034197e+000
4.354478e+003,1.040845e+000
4.358335e+003,1.041951e+000
4.362191e+003,1.044489e+000
4.366049e+003,1.030866e+000
4.369905e+003,1.019782e+000
4.373763e+003,1.020519e+000
4.377619e+003,1.000267e+000
4.381477e+003,9.795905e-001
4.385333e+003,9.688556e-001
4.389190e+003,9.663446e-001
4.393047e+003,9.754852e-001
4.396904e+003,9.957783e-001
4.400761e+003,1.016655e+000
4.404618e+003,1.028849e+000
4.408475e+003,1.042160e+000
4.412332e+003,1.058077e+000
4.416188e+003,1.061155e+000
4.420046e+003,1.054242e+000
4.423902e+003,1.051604e+000
4.427760e+003,1.058916e+000
4.431616e+003,1.074809e+000
4.435474e+003,1.074429e+000
4.439330e+003,1.076854e+000
4.443188e+003,1.096262e+000
4.447044e+003,1.091899e+000
4.450901e+003,1.083420e+000
4.454758e+003,1.096055e+000
4.458615e+003,1.107738e+000
4.462472e+003,1.102713e+000
4.466329e+003,1.084410e+000
4.470186e+003,1.082837e+000
4.474043e+003,1.079303e+000
4.477899e+003,1.083737e+000
4.481757e+003,1.085338e+000
4.485613e+003,1.083258e+000
4.489471e+003,1.089772e+000
4.493327e+003,1.101659e+000
4.497185e+003,1.097804e+000
4.501041e+003,1.080874e+000
4.504898e+003,1.078723e+000
4.508755e+003,1.080181e+000
4.512612e+003,1.084030e+000
4.516469e+003,1.078129e+000
4.520326e+003,1.074423e+000
4.524183e+003,1.068282e+000
4.528040e+003,1.059042e+000
4.531896e+003,1.059491e+000
4.535754e+003,1.064329e+000
4.539610e+003,1.055512e+000
4.543468e+003,1.043852e+000
4.547324e+003,1.038782e+000
4.551182e+003,1.039580e+000
4.555038e+003,1.041211e+000
4.558896e+003,1.036968e+000
4.562752e+003,1.029505e+000
4.566609e+003,1.023833e+000
4.570466e+003,1.010736e+000
4.574323e+003,1.003114e+000
4.578180e+003,9.933770e-001
4.582037e+003,9.821168e-001
4.585894e+003,9.728765e-001
4.589751e+003,9.630777e-001
4.593607e+003,9.484398e-001
4.597465e+003,9.355943e-001
4.601321e+003,9.195035e-001
4.605179e+003,9.072409e-001
4.609035e+003,8.984352e-001
4.612893e+003,8.910949e-001
4.616749e+003,8.816452e-001
4.620606e+003,8.703327e-001
4.624463e+003,8.640960e-001
4.628320e+003,8.605839e-001
4.632177e+003,8.537449e-001
4.636034e+003,8.460939e-001
4.639891e+003,8.450053e-001
4.643748e+003,8.440983e-001
4.647604e+003,8.385560e-001
4.651462e+003,8.312302e-001
4.655318e+003,8.145301e-001
4.659176e+003,7.945124e-001
4.663032e+003,7.782947e-001
4.666890e+003,7.646813e-001
4.670746e+003,7.539106e-001
4.674604e+003,7.443174e-001
4.678460e+003,7.342093e-001
4.682317e+003,7.243091e-001
4.686174e+003,7.157941e-001
4.690031e+003,7.059232e-001
4.693888e+003,6.986614e-001
4.697745e+003,6.931238e-001
4.701602e+003,6.883311e-001
4.705459e+003,6.823190e-001
4.709315e+003,6.765441e-001
4.713173e+003,6.696607e-001
4.717029e+003,6.650246e-001
4.720887e+003,6.593694e-001
4.724743e+003,6.548364e-001
4.728601e+003,6.499376e-001
4.732457e+003,6.462956e-001
4.736314e+003,6.448397e-001
4.740171e+003,6.421275e-001
4.744028e+003,6.394400e-001
4.747885e+003,6.400917e-001
4.751742e+003,6.412184e-001
4.755599e+003,6.415586e-001
4.759456e+003,6.400130e-001
4.763313e+003,6.382422e-001
4.767170e+003,6.388960e-001
4.771026e+003,6.395367e-001
4.774884e+003,6.397340e-001
4.778740e+003,6.397908e-001
4.782598e+003,6.428552e-001
4.786454e+003,6.455152e-001
4.790312e+003,6.455110e-001
4.794168e+003,6.458310e-001
4.798025e+003,6.486273e-001
4.801882e+003,6.500975e-001
4.805739e+003,6.520859e-001
4.809596e+003,6.525043e-001
4.813453e+003,6.555866e-001
4.817310e+003,6.605230e-001
4.821167e+003,6.658388e-001
4.825023e+003,6.698512e-001
4.828881e+003,6.739388e-001
4.832737e+003,6.811158e-001
4.836595e+003,6.868461e-001
4.840451e+003,6.915982e-001
4.844309e+003,6.973251e-001
4.848165e+003,7.024912e-001
4.852022e+003,7.073007e-001
4.855879e+003,7.137260e-001
4.859736e+003,7.209193e-001
4.863593e+003,7.250170e-001
4.867450e+003,7.322075e-001
4.871307e+003,7.397946e-001
4.875164e+003,7.498500e-001
4.879021e+003,7.604094e-001
4.882878e+003,7.710326e-001
4.886734e+003,7.834433e-001
4.890592e+003,7.964209e-001
4.894448e+003,8.088757e-001
4.898306e+003,8.185875e-001
4.902162e+003,8.244827e-001
4.906020e+003,8.258359e-001
4.909876e+003,8.229443e-001
4.913733e+003,8.201785e-001
4.917590e+003,8.179411e-001
4.921447e+003,8.161427e-001
4.925304e+003,8.172512e-001
4.929161e+003,8.194540e-001
4.933018e+003,8.245776e-001
4.936875e+003,8.331681e-001
4.940731e+003,8.443047e-001
4.944589e+003,8.569953e-001
4.948445e+003,8.670294e-001
4.952303e+003,8.721792e-001
4.956159e+003,8.726056e-001
4.960017e+003,8.695886e-001
4.963873e+003,8.638707e-001
4.967730e+003,8.588381e-001
4.971587e+003,8.565478e-001
4.975444e+003,8.536114e-001
4.979301e+003,8.517298e-001
4.983158e+003,8.507117e-001
4.987015e+003,8.543362e-001
4.990872e+003,8.605933e-001
4.994729e+003,8.655053e-001
4.998586e+003,8.710873e-001
5.002442e+003,8.763275e-001
5.006300e+003,8.815558e-001
5.010156e+003,8.857555e-001
5.014014e+003,8.882427e-001
5.017870e+003,8.916212e-001
5.021728e+003,8.931847e-001
5.025584e+003,8.938926e-001
5.029441e+003,8.956551e-001
5.033298e+003,8.972991e-001
5.037155e+003,8.962013e-001
5.041012e+003,8.952472e-001
5.044869e+003,8.953115e-001
5.048726e+003,8.942415e-001
5.052583e+003,8.942149e-001
5.056439e+003,8.945971e-001
5.060297e+003,8.950756e-001
5.064153e+003,8.957669e-001
5.068011e+003,8.962656e-001
5.071867e+003,8.983169e-001
5.075725e+003,9.001073e-001
5.079581e+003,9.017084e-001
5.083438e+003,8.999850e-001
5.087295e+003,8.947951e-001
5.091152e+003,8.869763e-001
5.095009e+003,8.757546e-001
5.098866e+003,8.650902e-001
5.102723e+003,8.544707e-001
5.106580e+003,8.437977e-001
5.110437e+003,8.356383e-001
5.114294e+003,8.295006e-001
5.118150e+003,8.257856e-001
5.122008e+003,8.219599e-001
5.125864e+003,8.186344e-001
5.129722e+003,8.177742e-001
5.133578e+003,8.181103e-001
5.137436e+003,8.193951e-001
5.141292e+003,8.206241e-001
5.145149e+003,8.215135e-001
5.149006e+003,8.216625e-001
5.152863e+003,8.205757e-001
5.156720e+003,8.213739e-001
5.160577e+003,8.210629e-001
5.164434e+003,8.183255e-001
5.168291e+003,8.177276e-001
5.172147e+003,8.172698e-001
5.176005e+003,8.158284e-001
5.179861e+003,8.134173e-001
5.183719e+003,8.101749e-001
5.187575e+003,8.080162e-001
5.191433e+003,8.072903e-001
5.195289e+003,8.059340e-001
5.199146e+003,8.045464e-001
5.203003e+003,8.032062e-001
5.206860e+003,8.015222e-001
5.210717e+003,8.008192e-001
5.214574e+003,8.004504e-001
5.218431e+003,8.000106e-001
5.222288e+003,8.006282e-001
5.226145e+003,7.977607e-001
5.230002e+003,7.956883e-001
5.233858e+003,7.936475e-001
5.237716e+003,7.922821e-001
5.241572e+003,7.913503e-001
5.245430e+003,7.895799e-001
5.249286e+003,7.876680e-001
5.253144e+003,7.874522e-001
5.257000e+003,7.854843e-001
5.260857e+003,7.835078e-001
5.264714e+003,7.825754e-001
5.268571e+003,7.806540e-001
5.272428e+003,7.778652e-001
5.276285e+003,7.748806e-001
5.280142e+003,7.710481e-001
5.283999e+003,7.663603e-001
5.287855e+003,7.612086e-001
5.291713e+003,7.583163e-001
5.295569e+003,7.569033e-001
5.299427e+003,7.553825e-001
5.303283e+003,7.538379e-001
5.307141e+003,7.517884e-001
5.310997e+003,7.496755e-001
5.314854e+003,7.493924e-001
5.318711e+003,7.503403e-001
5.322568e+003,7.511061e-001
5.326425e+003,7.518530e-001
5.330282e+003,7.536361e-001
5.334139e+003,7.547175e-001
5.337996e+003,7.566918e-001
5.341853e+003,7.603252e-001
5.345710e+003,7.656158e-001
5.349566e+003,7.722870e-001
5.353424e+003,7.823805e-001
5.357280e+003,7.948472e-001
5.361138e+003,8.076301e-001
5.364994e+003,8.247408e-001
5.368852e+003,8.468747e-001
5.372708e+003,8.758124e-001
5.376565e+003,9.101824e-001
5.380422e+003,9.459123e-001
5.384279e+003,9.836601e-001
5.388136e+003,1.022831e+000
5.391993e+003,1.054249e+000
5.395850e+003,1.077945e+000
5.399707e+003,1.086712e+000
5.403563e+003,1.076687e+000
5.407421e+003,1.053659e+000
5.411277e+003,1.024362e+000
5.415135e+003,9.963084e-001
5.418991e+003,9.794365e-001
5.422849e+003,9.737680e-001
5.426705e+003,9.793406e-001
5.430563e+003,9.936117e-001
5.434419e+003,1.015655e+000
5.438276e+003,1.039366e+000
5.442133e+003,1.054298e+000
5.445990e+003,1.057779e+000
5.449847e+003,1.041035e+000
5.453704e+003,1.006579e+000
5.457561e+003,9.643474e-001
5.461418e+003,9.222073e-001
5.465274e+003,8.881087e-001
5.469132e+003,8.610986e-001
5.472988e+003,8.390562e-001
5.476846e+003,8.218707e-001
5.480702e+003,8.094687e-001
5.484560e+003,7.980705e-001
5.488416e+003,7.898494e-001
5.492273e+003,7.843397e-001
5.496130e+003,7.784233e-001
5.499987e+003,7.749384e-001
5.503844e+003,7.744420e-001
5.507701e+003,7.746907e-001
5.511558e+003,7.761545e-001
5.515415e+003,7.787352e-001
5.519271e+003,7.806640e-001
5.523129e+003,7.836241e-001
5.526985e+003,7.895838e-001
5.530843e+003,7.978603e-001
5.534699e+003,8.080053e-001
5.538557e+003,8.182344e-001
5.542413e+003,8.275393e-001
5.546271e+003,8.384515e-001
5.550127e+003,8.517616e-001
5.553984e+003,8.640181e-001
5.557841e+003,8.767002e-001
5.561698e+003,8.941441e-001
5.565555e+003,9.143016e-001
5.569412e+003,9.360715e-001
5.573269e+003,9.577047e-001
5.577126e+003,9.826035e-001
5.580982e+003,1.009729e+000
5.584840e+003,1.037660e+000
5.588696e+003,1.064829e+000
5.592554e+003,1.088675e+000
5.596410e+003,1.107368e+000
5.600268e+003,1.115666e+000
5.604124e+003,1.114979e+000
5.607981e+003,1.108977e+000
5.611838e+003,1.102169e+000
5.615695e+003,1.093399e+000
5.619552e+003,1.081384e+000
5.623409e+003,1.068878e+000
5.627266e+003,1.055598e+000
5.631123e+003,1.043311e+000
5.634979e+003,1.036384e+000
5.638837e+003,1.030641e+000
5.642693e+003,1.029289e+000
5.646551e+003,1.031989e+000
5.650407e+003,1.035198e+000
5.654265e+003,1.039769e+000
5.658121e+003,1.048087e+000
5.661979e+003,1.056322e+000
5.665835e+003,1.066274e+000
5.669692e+003,1.079159e+000
5.673549e+003,1.095067e+000
5.677406e+003,1.109193e+000
5.681263e+003,1.122252e+000
5.685120e+003,1.132677e+000
5.688977e+003,1.138302e+000
5.692834e+003,1.144744e+000
5.696690e+003,1.150381e+000
5.700548e+003,1.150301e+000
5.704404e+003,1.154066e+000
5.708262e+003,1.158151e+000
5.712118e+003,1.156238e+000
5.715976e+003,1.157153e+000
5.719832e+003,1.158800e+000
5.723689e+003,1.158478e+000
5.727546e+003,1.157272e+000
5.731403e+003,1.154539e+000
5.735260e+003,1.153075e+000
5.739117e+003,1.154499e+000
5.742974e+003,1.154696e+000
5.746831e+003,1.158821e+000
5.750688e+003,1.160612e+000
5.754545e+003,1.161254e+000
5.758401e+003,1.160467e+000
5.762259e+003,1.156810e+000
5.766115e+003,1.153371e+000
5.769973e+003,1.152545e+000
5.773829e+003,1.150554e+000
5.777687e+003,1.144949e+000
5.781543e+003,1.136109e+000
5.785400e+003,1.124851e+000
5.789257e+003,1.112279e+000
5.793114e+003,1.098255e+000
5.796971e+003,1.082075e+000
5.800828e+003,1.064272e+000
5.804685e+003,1.048837e+000
5.808542e+003,1.038693e+000
5.812398e+003,1.030032e+000
5.816256e+003,1.023294e+000
5.820112e+003,1.020593e+000
5.823970e+003,1.020335e+000
5.827826e+003,1.025201e+000
5.831684e+003,1.035928e+000
5.835540e+003,1.051429e+000
5.839397e+003,1.069009e+000
5.843254e+003,1.087907e+000
5.847111e+003,1.112711e+000
5.850968e+003,1.135263e+000
5.854825e+003,1.149975e+000
5.858682e+003,1.155882e+000
5.862539e+003,1.158128e+000
5.866396e+003,1.161191e+000
5.870253e+003,1.161515e+000
5.874109e+003,1.159440e+000
5.877967e+003,1.158342e+000
5.881823e+003,1.157358e+000
5.885681e+003,1.153901e+000
5.889537e+003,1.149940e+000
5.893395e+003,1.149493e+000
5.897251e+003,1.152403e+000
5.901108e+003,1.159721e+000
5.904965e+003,1.163535e+000
5.908822e+003,1.163487e+000
5.912679e+003,1.163665e+000
5.916536e+003,1.164168e+000
5.920393e+003,1.164049e+000
5.924250e+003,1.162385e+000
5.928106e+003,1.159129e+000
5.931964e+003,1.146768e+000
5.935820e+003,1.126717e+000
5.939678e+003,1.096701e+000
5.943534e+003,1.062719e+000
5.947392e+003,1.028798e+000
5.951248e+003,9.955103e-001
5.955105e+003,9.650953e-001
5.958962e+003,9.347803e-001
5.962819e+003,9.093243e-001
5.966676e+003,8.883583e-001
5.970533e+003,8.706832e-001
5.974390e+003,8.558457e-001
5.978247e+003,8.434035e-001
5.982104e+003,8.335973e-001
5.985961e+003,8.242829e-001
5.989817e+003,8.165765e-001
5.993675e+003,8.122346e-001
5.997531e+003,8.094899e-001
6.001389e+003,8.087522e-001
6.005245e+003,8.069490e-001
6.009103e+003,8.040137e-001
6.012959e+003,8.036970e-001
6.016816e+003,8.049104e-001
6.020673e+003,8.035427e-001
6.024530e+003,8.022235e-001
6.028387e+003,8.001136e-001
6.032244e+003,7.974735e-001
6.036101e+003,7.964394e-001
6.039958e+003,7.965192e-001
6.043814e+003,7.949114e-001
6.047672e+003,7.948127e-001
6.051528e+003,7.952892e-001
6.055386e+003,7.962247e-001
6.059242e+003,7.952513e-001
6.063100e+003,7.917221e-001
6.066956e+003,7.848778e-001
6.070813e+003,7.769933e-001
6.074670e+003,7.684658e-001
6.078527e+003,7.603263e-001
6.082384e+003,7.498837e-001
6.086241e+003,7.390478e-001
6.090098e+003,7.289814e-001
6.093955e+003,7.201483e-001
6.097812e+003,7.118165e-001
6.101669e+003,7.037026e-001
6.105525e+003,6.961186e-001
6.109383e+003,6.888769e-001
6.113239e+003,6.831194e-001
6.117097e+003,6.780782e-001
6.120953e+003,6.735600e-001
6.124811e+003,6.681966e-001
6.128667e+003,6.636273e-001
6.132524e+003,6.590381e-001
6.136381e+003,6.544985e-001
6.140238e+003,6.514975e-001
6.144095e+003,6.480984e-001
6.147952e+003,6.443294e-001
6.151809e+003,6.411769e-001
6.155666e+003,6.378083e-001
6.159522e+003,6.353637e-001
6.163380e+003,6.330325e-001
6.167236e+003,6.301835e-001
6.171094e+003,6.276098e-001
6.174950e+003,6.257908e-001
6.178808e+003,6.245259e-001
6.182664e+003,6.227216e-001
6.186521e+003,6.190324e-001
6.190378e+003,6.164802e-001
6.194235e+003,6.153620e-001
6.198092e+003,6.138405e-001
6.201949e+003,6.114994e-001
6.205806e+003,6.102077e-001
6.209663e+003,6.102406e-001
6.213520e+003,6.092831e-001
6.217377e+003,6.080881e-001
6.221233e+003,6.069829e-001
6.225091e+003,6.052491e-001
6.228947e+003,6.040158e-001
6.232805e+003,6.021388e-001
6.236661e+003,6.006746e-001
6.240519e+003,6.004493e-001
6.244375e+003,6.002809e-001
6.248232e+003,6.002012e-001
6.252089e+003,5.992826e-001
6.255946e+003,5.985053e-001
6.259803e+003,5.985134e-001
6.263660e+003,5.984533e-001
6.267517e+003,5.985628e-001
6.271374e+003,5.984588e-001
6.275230e+003,5.988079e-001
6.279088e+003,6.001438e-001
6.282944e+003,6.010075e-001
6.286802e+003,6.011195e-001
6.290658e+003,6.014026e-001
6.294516e+003,6.019655e-001
6.298372e+003,6.015787e-001
6.302229e+003,6.017196e-001
6.306086e+003,6.019388e-001
6.309943e+003,6.030709e-001
6.313800e+003,6.047765e-001
6.317657e+003,6.056980e-001
6.321514e+003,6.075467e-001
6.325371e+003,6.091596e-001
6.329228e+003,6.096504e-001
6.333085e+003,6.103347e-001
6.336941e+003,6.128257e-001
6.340799e+003,6.143342e-001
6.344655e+003,6.151557e-001
6.348513e+003,6.181207e-001
6.352369e+003,6.212325e-001
6.356227e+003,6.249480e-001
6.360083e+003,6.298165e-001
6.363940e+003,6.354171e-001
6.367797e+003,6.413879e-001
6.371654e+003,6.473994e-001
6.375511e+003,6.527972e-001
6.379368e+003,6.593062e-001
6.383225e+003,6.646612e-001
6.387082e+003,6.684342e-001
6.390938e+003,6.734670e-001
6.394796e+003,6.780939e-001
6.398652e+003,6.845996e-001
6.402510e+003,6.890155e-001
6.406366e+003,6.923993e-001
6.410224e+003,6.962945e-001
6.414080e+003,6.999405e-001
6.417938e+003,7.034261e-001
6.421794e+003,7.065516e-001
6.425651e+003,7.096028e-001
6.429508e+003,7.132705e-001
6.433365e+003,7.161009e-001
6.437222e+003,7.206391e-001
6.441079e+003,7.233447e-001
6.444936e+003,7.239590e-001
6.448793e+003,7.250004e-001
6.452649e+003,7.262235e-001
6.456507e+003,7.272467e-001
6.460363e+003,7.277620e-001
6.464221e+003,7.274752e-001
6.468077e+003,7.285188e-001
6.471935e+003,7.276092e-001
6.475791e+003,7.272873e-001
6.479648e+003,7.288548e-001
6.483505e+003,7.295826e-001
6.487362e+003,7.281376e-001
6.491219e+003,7.292363e-001
6.495076e+003,7.290777e-001
6.498933e+003,7.273698e-001
6.502790e+003,7.294506e-001
6.506646e+003,7.299487e-001
6.510504e+003,7.287510e-001
6.514360e+003,7.285385e-001
6.518218e+003,7.286466e-001
6.522074e+003,7.292076e-001
6.525932e+003,7.304193e-001
6.529788e+003,7.315165e-001
6.533646e+003,7.328720e-001
6.537502e+003,7.340702e-001
6.541359e+003,7.353960e-001
6.545216e+003,7.367759e-001
6.549073e+003,7.371892e-001
6.552930e+003,7.371303e-001
6.556787e+003,7.377065e-001
6.560644e+003,7.379202e-001
6.564501e+003,7.378922e-001
6.568357e+003,7.389309e-001
6.572215e+003,7.380677e-001
6.576071e+003,7.362065e-001
6.579929e+003,7.373906e-001
6.583785e+003,7.403254e-001
6.587643e+003,7.412553e-001
6.591499e+003,7.409866e-001
6.595356e+003,7.416787e-001
6.599213e+003,7.410488e-001
6.603070e+003,7.371634e-001
6.606927e+003,7.336881e-001
6.610784e+003,7.332122e-001
6.614641e+003,7.309816e-001
6.618498e+003,7.271637e-001
6.622354e+003,7.224265e-001
6.626212e+003,7.174669e-001
6.630068e+003,7.139422e-001
6.633926e+003,7.105871e-001
6.637782e+003,7.068301e-001
6.641640e+003,7.062421e-001
6.645496e+003,7.068353e-001
6.649354e+003,7.063444e-001
6.653210e+003,7.035637e-001
6.657067e+003,7.015765e-001
6.660924e+003,6.999353e-001
6.664781e+003,6.965426e-001
6.668638e+003,6.934123e-001
6.672495e+003,6.901723e-001
6.676352e+003,6.869828e-001
6.680209e+003,6.867350e-001
6.684065e+003,6.866649e-001
6.687923e+003,6.872198e-001
6.691779e+003,6.870353e-001
6.695637e+003,6.875012e-001
6.699493e+003,6.895143e-001
6.703351e+003,6.911544e-001
6.707207e+003,6.926087e-001
6.711064e+003,6.941260e-001
6.714921e+003,6.952442e-001
6.718778e+003,6.965101e-001
6.722635e+003,6.957045e-001
6.726492e+003,6.967071e-001
6.730349e+003,6.973282e-001
6.734206e+003,6.987420e-001
6.738063e+003,6.979975e-001
6.741920e+003,6.969473e-001
6.745776e+003,6.974109e-001
6.749634e+003,6.974334e-001
6.753490e+003,6.959707e-001
6.757348e+003,6.959302e-001
6.761204e+003,6.957402e-001
6.765062e+003,6.971813e-001
6.768918e+003,7.002283e-001
6.772775e+003,7.028052e-001
6.776632e+003,7.038864e-001
6.780489e+003,7.049689e-001
6.784346e+003,7.049714e-001
6.788203e+003,7.065017e-001
6.792060e+003,7.065518e-001
6.795917e+003,7.063279e-001
6.799773e+003,7.069652e-001
6.803631e+003,7.073408e-001
6.807487e+003,7.097484e-001
6.811345e+003,7.127432e-001
6.815201e+003,7.150502e-001
6.819059e+003,7.171456e-001
6.822915e+003,7.203628e-001
6.826772e+003,7.222471e-001
6.830629e+003,7.226511e-001
6.834486e+003,7.224464e-001
6.838343e+003,7.230892e-001
6.842200e+003,7.238866e-001
6.846057e+003,7.236432e-001
6.849914e+003,7.225459e-001
6.853771e+003,7.225345e-001
6.857628e+003,7.218395e-001
6.861484e+003,7.204738e-001
6.865342e+003,7.199666e-001
6.869198e+003,7.211424e-001
6.873056e+003,7.223515e-001
6.876912e+003,7.236341e-001
6.880770e+003,7.235235e-001
6.884626e+003,7.243334e-001
6.888483e+003,7.262262e-001
6.892340e+003,7.271457e-001
6.896197e+003,7.285537e-001
6.900054e+003,7.310489e-001
6.903911e+003,7.340688e-001
6.907768e+003,7.376426e-001
6.911625e+003,7.414965e-001
6.915481e+003,7.458021e-001
6.919339e+003,7.491483e-001
6.923195e+003,7.528352e-001
6.927053e+003,7.555991e-001
6.930909e+003,7.591537e-001
6.934767e+003,7.628567e-001
6.938623e+003,7.655060e-001
6.942480e+003,7.699516e-001
6.946337e+003,7.751963e-001
6.950194e+003,7.794650e-001
6.954051e+003,7.835019e-001
6.957908e+003,7.875476e-001
6.961765e+003,7.893407e-001
6.965622e+003,7.912996e-001
6.969479e+003,7.945085e-001
6.973336e+003,7.975445e-001
6.977192e+003,7.995458e-001
6.981050e+003,8.017995e-001
6.984906e+003,8.050958e-001
6.988764e+003,8.081113e-001
6.992620e+003,8.109410e-001
6.996478e+003,8.164217e-001
7.000334e+003,8.238391e-001
7.004191e+003,8.278652e-001
7.008048e+003,8.317068e-001
7.011905e+003,8.341444e-001
7.015762e+003,8.368860e-001
7.019619e+003,8.382252e-001
7.023476e+003,8.386620e-001
7.027333e+003,8.389499e-001
7.031189e+003,8.409733e-001
7.035047e+003,8.437003e-001
7.038903e+003,8.465770e-001
7.042761e+003,8.514023e-001
7.046617e+003,8.575984e-001
7.050475e+003,8.634748e-001
7.054331e+003,8.737907e-001
7.058188e+003,8.858571e-001
7.062045e+003,9.001712e-001
7.065902e+003,9.110677e-001
7.069759e+003,9.234139e-001
7.073616e+003,9.378201e-001
7.077473e+003,9.509233e-001
7.081330e+003,9.619564e-001
7.085187e+003,9.710467e-001
7.089044e+003,9.806014e-001
7.092900e+003,9.901175e-001
7.096758e+003,1.000363e+000
7.100614e+003,1.009881e+000
7.104472e+003,1.017780e+000
7.108328e+003,1.026533e+000
7.112186e+003,1.034566e+000
7.116042e+003,1.041980e+000
7.119899e+003,1.046956e+000
7.123756e+003,1.049246e+000
7.127613e+003,1.048350e+000
7.131470e+003,1.042114e+000
7.135327e+003,1.035920e+000
7.139184e+003,1.034797e+000
7.143041e+003,1.035940e+000
7.146897e+003,1.036812e+000
7.150755e+003,1.036712e+000
7.154611e+003,1.038132e+000
7.158469e+003,1.039229e+000
7.162325e+003,1.037973e+000
7.166183e+003,1.032926e+000
7.170039e+003,1.023063e+000
7.173896e+003,1.014657e+000
7.177753e+003,1.008734e+000
7.181610e+003,1.001183e+000
7.185467e+003,9.915132e-001
7.189324e+003,9.822266e-001
7.193181e+003,9.723201e-001
7.197038e+003,9.617319e-001
7.200895e+003,9.531053e-001
7.204752e+003,9.461477e-001
7.208608e+003,9.388990e-001
7.212466e+003,9.322786e-001
7.216322e+003,9.269187e-001
7.220180e+003,9.222812e-001
7.224036e+003,9.197281e-001
7.227894e+003,9.187455e-001
7.231750e+003,9.186884e-001
7.235607e+003,9.208479e-001
7.239464e+003,9.242521e-001
7.243321e+003,9.257151e-001
7.247178e+003,9.267892e-001
7.251035e+003,9.268453e-001
7.254892e+003,9.252908e-001
7.258749e+003,9.204344e-001
7.262605e+003,9.156610e-001
7.266463e+003,9.108503e-001
7.270319e+003,9.092284e-001
7.274177e+003,9.108059e-001
7.278033e+003,9.142332e-001
7.281891e+003,9.196765e-001
7.285747e+003,9.222086e-001
7.289604e+003,9.269485e-001
7.293461e+003,9.320925e-001
7.297318e+003,9.338720e-001
7.301175e+003,9.297096e-001
7.305032e+003,9.225898e-001
7.308889e+003,9.100602e-001
7.312746e+003,8.935109e-001
7.316603e+003,8.763664e-001
7.320460e+003,8.604845e-001
7.324316e+003,8.472738e-001
7.328174e+003,8.343850e-001
7.332030e+003,8.229371e-001
7.335888e+003,8.141630e-001
7.339744e+003,8.063456e-001
7.343602e+003,7.990628e-001
7.347458e+003,7.908484e-001
7.351315e+003,7.828716e-001
7.355172e+003,7.764797e-001
7.359029e+003,7.692505e-001
7.362886e+003,7.647282e-001
7.366743e+003,7.610921e-001
7.370600e+003,7.548981e-001
7.374457e+003,7.486388e-001
7.378313e+003,7.426094e-001
7.382171e+003,7.378962e-001
7.386027e+003,7.337984e-001
7.389885e+003,7.310171e-001
7.393741e+003,7.291149e-001
7.397599e+003,7.259519e-001
7.401455e+003,7.236121e-001
7.405313e+003,7.213333e-001
7.409169e+003,7.178965e-001
7.413026e+003,7.146139e-001
7.416883e+003,7.121614e-001
7.420740e+003,7.112241e-001
7.424597e+003,7.102021e-001
7.428454e+003,7.086577e-001
7.432311e+003,7.057934e-001
7.436168e+003,7.038887e-001
7.440024e+003,7.016365e-001
7.443882e+003,6.993740e-001
7.447738e+003,6.984632e-001
7.451596e+003,6.964692e-001
7.455452e+003,6.963134e-001
7.459310e+003,6.958519e-001
7.463166e+003,6.940165e-001
7.467023e+003,6.909858e-001
7.470880e+003,6.903277e-001
7.474737e+003,6.903656e-001
7.478594e+003,6.887736e-001
7.482451e+003,6.875704e-001
7.486308e+003,6.857076e-001
7.490165e+003,6.846059e-001
7.494021e+003,6.846958e-001
7.497879e+003,6.849612e-001
7.501735e+003,6.838210e-001
7.505593e+003,6.836746e-001
7.509449e+003,6.840957e-001
7.513307e+003,6.835230e-001
7.517163e+003,6.818892e-001
7.521021e+003,6.805496e-001
7.524877e+003,6.793330e-001
7.528734e+003,6.789916e-001
7.532591e+003,6.804705e-001
7.536448e+003,6.792633e-001
7.540305e+003,6.784484e-001
7.544162e+003,6.783988e-001
7.548019e+003,6.780671e-001
7.551876e+003,6.784229e-001
7.555732e+003,6.766516e-001
7.559590e+003,6.762480e-001
7.563446e+003,6.764650e-001
7.567304e+003,6.764302e-001
7.571160e+003,6.770866e-001
7.575018e+003,6.770598e-001
7.578874e+003,6.760929e-001
7.582731e+003,6.757919e-001
7.586588e+003,6.754942e-001
7.590445e+003,6.765632e-001
7.594302e+003,6.763329e-001
7.598159e+003,6.754727e-001
7.602016e+003,6.755858e-001
7.605873e+003,6.765381e-001
7.609729e+003,6.758742e-001
7.613587e+003,6.750867e-001
7.617443e+003,6.760153e-001
7.621301e+003,6.760814e-001
7.625157e+003,6.754921e-001
7.629015e+003,6.762451e-001
7.632871e+003,6.761504e-001
7.636729e+003,6.771063e-001
7.640585e+003,6.772450e-001
7.644442e+003,6.765091e-001
7.648299e+003,6.767620e-001
7.652156e+003,6.769844e-001
7.656013e+003,6.781752e-001
7.659870e+003,6.781132e-001
7.663727e+003,6.776068e-001
7.667584e+003,6.787205e-001
7.671440e+003,6.784593e-001
7.675298e+003,6.786364e-001
7.679154e+003,6.791165e-001
7.683012e+003,6.791841e-001
7.686868e+003,6.789652e-001
7.690726e+003,6.802394e-001
7.694582e+003,6.812842e-001
7.698439e+003,6.815660e-001
7.702296e+003,6.815363e-001
7.706153e+003,6.812909e-001
7.710010e+003,6.806712e-001
7.713867e+003,6.798419e-001
7.717724e+003,6.802981e-001
7.721581e+003,6.811875e-001
7.725438e+003,6.805644e-001
7.729295e+003,6.803373e-001
7.733151e+003,6.812009e-001
7.737009e+003,6.818252e-001
7.740865e+003,6.823732e-001
7.744723e+003,6.821262e-001
7.748579e+003,6.816243e-001
7.752437e+003,6.810915e-001
7.756293e+003,6.804491e-001
7.760150e+003,6.810603e-001
7.764007e+003,6.809647e-001
7.767864e+003,6.804094e-001
7.771721e+003,6.803532e-001
7.775578e+003,6.816947e-001
7.779435e+003,6.799767e-001
7.783292e+003,6.795445e-001
7.787148e+003,6.807814e-001
7.791006e+003,6.824480e-001
7.794862e+003,6.811954e-001
7.798720e+003,6.816129e-001
7.802576e+003,6.818838e-001
7.806434e+003,6.806874e-001
7.810290e+003,6.815618e-001
7.814147e+003,6.822478e-001
7.818004e+003,6.822379e-001
7.821861e+003,6.822664e-001
7.825718e+003,6.830451e-001
7.829575e+003,6.830099e-001
7.833432e+003,6.817269e-001
7.837289e+003,6.803699e-001
7.841146e+003,6.802964e-001
7.845003e+003,6.808621e-001
7.848859e+003,6.797976e-001
7.852717e+003,6.798573e-001
7.856573e+003,6.806807e-001
7.860431e+003,6.814451e-001
7.864287e+003,6.808146e-001
7.868145e+003,6.802791e-001
7.872001e+003,6.809067e-001
7.875858e+003,6.800597e-001
7.879715e+003,6.805832e-001
7.883572e+003,6.815739e-001
7.887429e+003,6.810114e-001
7.891286e+003,6.804720e-001
7.895143e+003,6.787119e-001
7.899000e+003,6.790552e-001
7.902856e+003,6.801726e-001
7.906714e+003,6.800270e-001
7.910570e+003,6.793065e-001
7.914428e+003,6.776223e-001
7.918284e+003,6.777111e-001
7.922142e+003,6.796183e-001
7.925998e+003,6.788401e-001
7.929855e+003,6.769104e-001
7.933712e+003,6.786087e-001
7.937569e+003,6.799154e-001
7.941426e+003,6.794559e-001
7.945283e+003,6.795531e-001
7.949140e+003,6.791326e-001
7.952997e+003,6.797858e-001
7.956854e+003,6.801713e-001
7.960711e+003,6.782337e-001
7.964567e+003,6.785890e-001
7.968425e+003,6.791103e-001
7.972281e+003,6.795337e-001
7.976139e+003,6.791519e-001
7.979995e+003,6.820666e-001
7.983853e+003,6.832233e-001
7.987709e+003,6.814588e-001
7.991566e+003,6.813338e-001
7.995423e+003,6.821125e-001
7.999280e+003,6.826302e-001
8.003137e+003,6.820287e-001
8.006994e+003,6.820265e-001
8.010851e+003,6.828140e-001
8.014708e+003,6.830630e-001
8.018564e+003,6.834455e-001
8.022422e+003,6.838526e-001
8.026278e+003,6.820723e-001
8.030136e+003,6.816580e-001
8.033992e+003,6.827802e-001
8.037850e+003,6.829048e-001
8.041706e+003,6.828980e-001
8.045563e+003,6.834287e-001
8.049420e+003,6.831115e-001
8.053277e+003,6.821036e-001
8.057134e+003,6.813342e-001
8.060991e+003,6.793292e-001
8.064848e+003,6.800924e-001
8.068705e+003,6.830807e-001
8.072562e+003,6.827758e-001
8.076419e+003,6.822545e-001
8.080275e+003,6.832030e-001
8.084133e+003,6.815276e-001
8.087989e+003,6.801946e-001
8.091847e+003,6.816530e-001
8.095703e+003,6.807088e-001
8.099561e+003,6.802708e-001
8.103417e+003,6.817755e-001
8.107274e+003,6.832955e-001
8.111131e+003,6.829268e-001
8.114988e+003,6.842021e-001
8.118845e+003,6.862241e-001
8.122702e+003,6.856895e-001
8.126559e+003,6.857093e-001
8.130416e+003,6.884748e-001
8.134272e+003,6.896281e-001
8.138130e+003,6.894599e-001
8.141986e+003,6.893569e-001
8.145844e+003,6.902860e-001
8.149700e+003,6.926445e-001
8.153558e+003,6.953638e-001
8.157414e+003,6.980754e-001
8.161271e+003,7.014605e-001
8.165128e+003,7.021867e-001
8.168985e+003,7.032977e-001
8.172842e+003,7.044930e-001
8.176699e+003,7.073642e-001
8.180556e+003,7.111555e-001
8.184413e+003,7.146510e-001
8.188270e+003,7.167447e-001
8.192127e+003,7.203353e-001
8.195983e+003,7.215168e-001
8.199841e+003,7.224489e-001
8.203697e+003,7.270589e-001
8.207555e+003,7.297691e-001
8.211411e+003,7.306082e-001
8.215269e+003,7.340858e-001
8.219125e+003,7.376864e-001
8.222982e+003,7.385655e-001
8.226839e+003,7.404465e-001
8.230696e+003,7.396159e-001
8.234553e+003,7.388237e-001
8.238410e+003,7.399803e-001
8.242267e+003,7.376040e-001
8.246124e+003,7.348723e-001
8.249980e+003,7.305773e-001
8.253838e+003,7.288208e-001
8.257694e+003,7.299065e-001
8.261552e+003,7.292383e-001
8.265408e+003,7.270870e-001
8.269266e+003,7.250670e-001
8.273122e+003,7.248083e-001
8.276979e+003,7.261156e-001
8.280836e+003,7.263305e-001
8.284693e+003,7.258495e-001
8.288550e+003,7.260060e-001
8.292407e+003,7.272706e-001
8.296264e+003,7.285007e-001
8.300121e+003,7.299501e-001
8.303978e+003,7.314215e-001
8.307835e+003,7.340021e-001
8.311691e+003,7.381666e-001
8.315549e+003,7.422203e-001
8.319405e+003,7.446403e-001
8.323263e+003,7.487524e-001
8.327119e+003,7.577702e-001
8.330977e+003,7.643635e-001
8.334833e+003,7.718038e-001
8.338690e+003,7.772197e-001
8.342547e+003,7.866431e-001
8.346404e+003,7.981532e-001
8.350261e+003,8.106011e-001
8.354118e+003,8.244287e-001
8.357975e+003,8.411615e-001
8.361832e+003,8.586761e-001
8.365688e+003,8.811940e-001
8.369546e+003,9.051981e-001
8.373402e+003,9.290894e-001
8.377260e+003,9.520191e-001
8.381116e+003,9.800279e-001
8.384974e+003,1.009031e+000
8.388830e+003,1.027360e+000
8.392688e+003,1.050323e+000
8.396544e+003,1.071652e+000
8.400401e+003,1.083073e+000
8.404258e+003,1.093669e+000
8.408115e+003,1.098855e+000
8.411972e+003,1.103591e+000
8.415829e+003,1.115215e+000
8.419686e+003,1.126646e+000
8.423543e+003,1.133161e+000
8.427399e+003,1.132975e+000
8.431257e+003,1.127926e+000
8.435113e+003,1.124702e+000
8.438971e+003,1.124176e+000
8.442827e+003,1.122985e+000
8.446685e+003,1.117832e+000
8.450541e+003,1.112677e+000
8.454398e+003,1.100337e+000
8.458255e+003,1.085482e+000
8.462112e+003,1.077137e+000
8.465969e+003,1.063682e+000
8.469826e+003,1.049343e+000
8.473683e+003,1.033908e+000
8.477540e+003,1.018451e+000
8.481396e+003,1.004030e+000
8.485254e+003,9.896672e-001
8.489110e+003,9.741673e-001
8.492968e+003,9.574563e-001
8.496824e+003,9.442977e-001
8.500682e+003,9.309884e-001
8.504538e+003,9.171798e-001
8.508396e+003,9.050651e-001
8.512252e+003,8.918548e-001
8.516109e+003,8.824558e-001
8.519966e+003,8.736813e-001
8.523823e+003,8.647068e-001
8.527680e+003,8.581961e-001
8.531537e+003,8.494260e-001
8.535394e+003,8.443246e-001
8.539251e+003,8.397949e-001
8.543107e+003,8.340831e-001
8.546965e+003,8.262737e-001
8.550821e+003,8.188288e-001
8.554679e+003,8.126166e-001
8.558535e+003,8.081692e-001
8.562393e+003,8.048030e-001
8.566249e+003,8.011283e-001
8.570106e+003,7.975706e-001
8.573963e+003,7.952301e-001
8.577820e+003,7.939356e-001
8.581677e+003,7.918972e-001
8.585534e+003,7.919822e-001
8.589391e+003,7.925314e-001
8.593248e+003,7.946092e-001
8.597104e+003,7.923398e-001
8.600962e+003,7.904369e-001
8.604818e+003,7.919776e-001
8.608676e+003,7.957079e-001
8.612532e+003,7.945912e-001
8.616390e+003,7.931945e-001
8.620246e+003,7.912050e-001
8.624104e+003,7.948347e-001
8.627960e+003,7.994435e-001
8.631817e+003,8.015813e-001
8.635674e+003,8.043501e-001
8.639531e+003,8.054346e-001
8.643388e+003,8.053005e-001
8.647245e+003,8.042010e-001
8.651102e+003,8.029698e-001
8.654959e+003,8.022893e-001
8.658815e+003,8.021194e-001
8.662673e+003,8.038546e-001
8.666529e+003,8.034803e-001
8.670387e+003,8.008831e-001
8.674243e+003,8.019296e-001
8.678101e+003,8.006742e-001
8.681957e+003,8.011015e-001
8.685814e+003,8.031695e-001
8.689671e+003,8.047729e-001
8.693528e+003,8.043772e-001
8.697385e+003,8.020616e-001
8.701242e+003,7.983881e-001
8.705099e+003,7.960559e-001
8.708956e+003,7.924141e-001
8.712813e+003,7.864838e-001
8.716670e+003,7.830412e-001
8.720526e+003,7.805259e-001
8.724384e+003,7.759330e-001
8.728240e+003,7.744999e-001
8.732098e+003,7.717840e-001
8.735954e+003,7.662714e-001
8.739812e+003,7.629383e-001
8.743668e+003,7.596936e-001
8.747525e+003,7.536269e-001
8.751382e+003,7.488474e-001
8.755239e+003,7.447411e-001
8.759096e+003,7.402639e-001
8.762953e+003,7.374467e-001
8.766810e+003,7.359803e-001
8.770667e+003,7.310739e-001
8.774523e+003,7.251605e-001
8.778381e+003,7.229409e-001
8.782237e+003,7.216483e-001
8.786095e+003,7.205856e-001
8.789951e+003,7.167242e-001
8.793809e+003,7.132431e-001
8.797665e+003,7.129322e-001
8.801522e+003,7.119036e-001
8.805379e+003,7.069744e-001
8.809236e+003,7.062469e-001
8.813093e+003,7.090710e-001
8.816950e+003,7.075194e-001
8.820807e+003,7.057695e-001
8.824664e+003,7.054797e-001
8.828521e+003,7.044720e-001
8.832378e+003,7.006872e-001
8.836234e+003,6.987110e-001
8.840092e+003,6.971131e-001
8.843948e+003,6.998113e-001
8.847806e+003,7.008336e-001
8.851662e+003,6.983550e-001
8.855520e+003,6.967303e-001
8.859376e+003,6.959772e-001
8.863233e+003,6.950353e-001
8.867090e+003,6.966064e-001
8.870947e+003,6.982067e-001
8.874804e+003,6.977985e-001
8.878661e+003,6.963490e-001
8.882518e+003,6.940220e-001
8.886375e+003,6.923543e-001
8.890231e+003,6.924227e-001
8.894089e+003,6.927606e-001
8.897945e+003,6.930385e-001
8.901803e+003,6.920248e-001
8.905659e+003,6.927627e-001
8.909517e+003,6.906776e-001
8.913373e+003,6.882061e-001
8.917230e+003,6.868439e-001
8.921087e+003,6.865762e-001
8.924944e+003,6.862616e-001
8.928801e+003,6.872135e-001
8.932658e+003,6.856989e-001
8.936515e+003,6.848254e-001
8.940372e+003,6.869375e-001
8.944229e+003,6.870418e-001
8.948086e+003,6.879861e-001
8.951942e+003,6.871363e-001
8.955800e+003,6.864334e-001
8.959656e+003,6.866421e-001
8.963514e+003,6.871808e-001
8.967370e+003,6.862847e-001
8.971228e+003,6.852127e-001
8.975084e+003,6.857467e-001
8.978941e+003,6.863700e-001
8.982798e+003,6.861278e-001
8.986655e+003,6.870309e-001
8.990512e+003,6.866060e-001
8.994369e+003,6.845267e-001
8.998226e+003,6.851127e-001
9.002083e+003,6.870415e-001
9.005939e+003,6.868616e-001
9.009797e+003,6.848639e-001
9.013653e+003,6.838512e-001
9.017511e+003,6.850613e-001
9.021367e+003,6.845345e-001
9.025225e+003,6.851816e-001
9.029081e+003,6.861482e-001
9.032938e+003,6.873527e-001
9.036795e+003,6.871530e-001
9.040652e+003,6.877447e-001
9.044509e+003,6.876372e-001
9.048366e+003,6.876122e-001
9.052223e+003,6.884327e-001
9.056080e+003,6.878471e-001
9.059937e+003,6.860256e-001
9.063794e+003,6.876775e-001
9.067650e+003,6.901810e-001
9.071508e+003,6.919857e-001
9.075364e+003,6.932811e-001
9.079222e+003,6.947307e-001
9.083078e+003,6.951106e-001
9.086936e+003,6.942582e-001
9.090792e+003,6.925917e-001
9.094649e+003,6.932153e-001
9.098506e+003,6.924111e-001
9.102363e+003,6.934852e-001
9.106220e+003,6.956019e-001
9.110077e+003,6.962441e-001
9.113934e+003,6.970617e-001
9.117791e+003,6.960452e-001
9.121647e+003,6.960809e-001
9.125505e+003,6.948957e-001
9.129361e+003,6.951997e-001
9.133219e+003,6.984254e-001
9.137075e+003,7.024171e-001
9.140933e+003,7.020378e-001
9.144789e+003,6.973988e-001
9.148646e+003,7.001407e-001
9.152503e+003,7.005302e-001
9.156360e+003,6.982952e-001
9.160217e+003,6.998352e-001
9.164074e+003,6.995145e-001
9.167931e+003,6.988223e-001
9.171788e+003,7.006458e-001
9.175645e+003,6.989520e-001
9.179502e+003,6.960524e-001
9.183358e+003,6.988648e-001
9.187216e+003,6.987305e-001
9.191072e+003,6.945407e-001
9.194930e+003,6.937379e-001
9.198786e+003,6.941016e-001
9.202644e+003,6.947218e-001
9.206500e+003,6.951528e-001
9.210357e+003,6.962337e-001
9.214214e+003,6.965396e-001
9.218071e+003,6.935266e-001
9.221928e+003,6.918847e-001
9.225785e+003,6.915050e-001
9.229642e+003,6.916426e-001
9.233499e+003,6.948229e-001
9.237355e+003,6.959127e-001
9.241213e+003,6.980657e-001
9.245069e+003,7.004209e-001
9.248927e+003,6.977469e-001
9.252783e+003,6.944548e-001
9.256641e+003,6.939957e-001
9.260497e+003,6.912419e-001
9.264354e+003,6.908915e-001
9.268211e+003,6.920451e-001
9.272068e+003,6.911802e-001
9.275925e+003,6.918754e-001
9.279782e+003,6.919652e-001
9.283639e+003,6.953952e-001
9.287496e+003,6.941185e-001
9.291353e+003,6.936040e-001
9.295210e+003,6.955405e-001
9.299066e+003,6.956738e-001
9.302924e+003,6.929812e-001
9.306780e+003,6.892457e-001
9.310638e+003,6.885790e-001
9.314494e+003,6.909158e-001
9.318352e+003,6.915352e-001
9.322208e+003,6.927351e-001
9.326065e+003,6.920749e-001
9.329922e+003,6.911666e-001
9.333779e+003,6.889750e-001
9.337636e+003,6.885871e-001
9.341493e+003,6.883876e-001
9.345350e+003,6.878346e-001
9.349207e+003,6.890914e-001
9.353063e+003,6.899642e-001
9.356921e+003,6.862159e-001
9.360777e+003,6.857302e-001
9.364635e+003,6.869676e-001
9.368491e+003,6.893504e-001
9.372349e+003,6.891780e-001
9.376205e+003,6.884184e-001
9.380063e+003,6.870220e-001
9.383919e+003,6.849459e-001
9.387776e+003,6.859592e-001
9.391633e+003,6.868417e-001
9.395490e+003,6.886640e-001
9.399347e+003,6.908926e-001
9.403204e+003,6.883648e-001
9.407061e+003,6.849310e-001
9.410918e+003,6.864058e-001
9.414774e+003,6.849296e-001
9.418632e+003,6.839482e-001
9.422488e+003,6.834831e-001
9.426346e+003,6.849359e-001
9.430202e+003,6.882314e-001
9.434060e+003,6.870613e-001
9.437916e+003,6.849715e-001
9.441773e+003,6.859989e-001
9.445630e+003,6.881279e-001
9.449487e+003,6.865973e-001
9.453344e+003,6.876365e-001
9.457201e+003,6.888986e-001
9.461058e+003,6.866097e-001
9.464915e+003,6.856347e-001
9.468771e+003,6.870518e-001
9.472629e+003,6.867524e-001
9.476485e+003,6.875549e-001
9.480343e+003,6.891910e-001
9.484199e+003,6.866509e-001
9.488057e+003,6.837919e-001
9.491913e+003,6.828169e-001
9.495771e+003,6.866224e-001
9.499627e+003,6.910608e-001
9.503484e+003,6.884292e-001
9.507341e+003,6.858569e-001
9.511198e+003,6.851020e-001
9.515055e+003,6.859414e-001
9.518912e+003,6.867535e-001
9.522769e+003,6.872892e-001
9.526626e+003,6.860097e-001
9.530482e+003,6.896757e-001
9.534340e+003,6.929885e-001
9.538196e+003,6.903421e-001
9.542054e+003,6.878647e-001
9.545910e+003,6.886989e-001
9.549768e+003,6.889325e-001
9.553624e+003,6.871573e-001
9.557481e+003,6.871518e-001
9.561338e+003,6.897503e-001
9.565195e+003,6.896089e-001
9.569052e+003,6.881096e-001
9.572909e+003,6.902069e-001
9.576766e+003,6.914737e-001
9.580623e+003,6.847283e-001
9.584479e+003,6.848581e-001
9.588337e+003,6.890174e-001
9.592193e+003,6.900786e-001
9.596051e+003,6.883987e-001
9.599907e+003,6.893487e-001
9.603765e+003,6.903154e-001
9.607621e+003,6.909299e-001
9.611479e+003,6.885304e-001
9.615335e+003,6.901000e-001
9.619192e+003,6.886729e-001
9.623049e+003,6.848439e-001
9.626906e+003,6.878493e-001
9.630763e+003,6.903638e-001
9.634620e+003,6.895531e-001
9.638477e+003,6.906940e-001
9.642334e+003,6.912215e-001
9.646190e+003,6.905839e-001
9.650048e+003,6.903054e-001
9.653904e+003,6.923513e-001
9.657762e+003,6.941287e-001
9.661618e+003,6.933031e-001
9.665476e+003,6.980467e-001
9.669332e+003,6.989872e-001
9.673189e+003,6.909688e-001
9.677046e+003,6.905987e-001
9.680903e+003,6.943864e-001
9.684760e+003,6.952745e-001
9.688617e+003,6.978311e-001
9.692474e+003,6.974194e-001
9.696331e+003,6.987351e-001
9.700188e+003,7.012237e-001
9.704045e+003,7.023109e-001
9.707901e+003,7.025249e-001
9.711759e+003,7.007492e-001
9.715615e+003,7.005664e-001
9.719473e+003,7.048806e-001
9.723329e+003,7.072544e-001
9.727187e+003,7.066119e-001
9.731043e+003,7.060649e-001
9.734900e+003,7.047971e-001
9.738757e+003,7.048838e-001
9.742614e+003,7.061412e-001
9.746471e+003,7.083701e-001
9.750328e+003,7.071248e-001
9.754185e+003,7.050816e-001
9.758042e+003,7.047691e-001
9.761898e+003,7.083314e-001
9.765756e+003,7.136886e-001
9.769612e+003,7.151693e-001
9.773470e+003,7.165568e-001
9.777326e+003,7.140532e-001
9.781184e+003,7.102371e-001
9.785040e+003,7.113518e-001
9.788897e+003,7.136201e-001
9.792754e+003,7.140142e-001
9.796611e+003,7.155102e-001
9.800468e+003,7.152542e-001
9.804325e+003,7.134349e-001
9.808182e+003,7.160019e-001
9.812039e+003,7.169483e-001
9.815896e+003,7.139555e-001
9.819753e+003,7.136098e-001
9.823609e+003,7.181638e-001
9.827467e+003,7.177311e-001
9.831323e+003,7.157648e-001
9.835181e+003,7.143862e-001
9.839037e+003,7.154323e-001
9.842895e+003,7.132269e-001
9.846751e+003,7.119331e-001
9.850608e+003,7.147061e-001
9.854465e+003,7.192852e-001
9.858322e+003,7.176963e-001
9.862179e+003,7.184024e-001
9.866036e+003,7.215279e-001
9.869893e+003,7.157494e-001
9.873750e+003,7.142392e-001
9.877606e+003,7.156982e-001
9.881464e+003,7.142710e-001
9.885320e+003,7.103645e-001
9.889178e+003,7.086858e-001
9.893034e+003,7.092304e-001
9.896892e+003,7.121101e-001
9.900748e+003,7.123110e-001
9.904605e+003,7.115467e-001
9.908462e+003,7.121413e-001
9.912319e+003,7.131080e-001
9.916176e+003,7.142608e-001
9.920033e+003,7.112666e-001
9.923890e+003,7.090001e-001
9.927747e+003,7.080560e-001
9.931604e+003,7.103215e-001
9.935461e+003,7.144669e-001
9.939317e+003,7.097711e-001
9.943175e+003,7.051851e-001
9.947031e+003,7.068438e-001
9.950889e+003,7.102965e-001
9.954745e+003,7.124065e-001
9.958603e+003,7.111395e-001
9.962459e+003,7.074223e-001
9.966316e+003,7.059074e-001
9.970173e+003,7.063046e-001
9.974030e+003,7.052891e-001
9.977887e+003,7.064449e-001
9.981744e+003,7.074053e-001
9.985601e+003,7.049711e-001
9.989458e+003,7.051728e-001
9.993314e+003,7.043162e-001
9.997172e+003,7.039893e-001
1.000103e+004,7.050722e-001
