3.999640e+003,8.517632e-001
4.003497e+003,9.753740e-001
4.007354e+003,7.773833e-001
4.011211e+003,6.267887e-001
4.015068e+003,6.238924e-001
4.018925e+003,6.293860e-001
4.022781e+003,5.550894e-001
4.026638e+003,6.566725e-001
4.030495e+003,7.966493e-001
4.034352e+003,6.389316e-001
4.038209e+003,5.153120e-001
4.042066e+003,4.978833e-001
4.045923e+003,5.899588e-001
4.049780e+003,6.418372e-001
4.053637e+003,5.902592e-001
4.057494e+003,6.140342e-001
4.061351e+003,5.939837e-001
4.065208e+003,5.166495e-001
4.069065e+003,5.469070e-001
4.072922e+003,5.798015e-001
4.076779e+003,4.896422e-001
4.080635e+003,5.640157e-001
4.084492e+003,7.390652e-001
4.088349e+003,9.141572e-001
4.092206e+003,7.954776e-001
4.096063e+003,6.966204e-001
4.099920e+003,7.738963e-001
4.103777e+003,7.376680e-001
4.107634e+003,7.696973e-001
4.111491e+003,9.243979e-001
4.115348e+003,9.387185e-001
4.119205e+003,1.031399e+000
4.123062e+003,9.726592e-001
4.126919e+003,1.018131e+000
4.130775e+003,1.022665e+000
4.134633e+003,1.089990e+000
4.138489e+003,9.580078e-001
4.142347e+003,9.817154e-001
4.146203e+003,1.001747e+000
4.150061e+003,1.081366e+000
4.153917e+003,1.044286e+000
4.157774e+003,1.000227e+000
4.161631e+003,1.003592e+000
4.165488e+003,1.128618e+000
4.169345e+003,1.159283e+000
4.173202e+003,1.070845e+000
4.177059e+003,1.079382e+000
4.180916e+003,1.097497e+000
4.184772e+003,1.110919e+000
4.188630e+003,1.070768e+000
4.192486e+003,1.081855e+000
4.196344e+003,1.118169e+000
4.200200e+003,1.067036e+000
4.204058e+003,1.054366e+000
4.207914e+003,1.032391e+000
4.211771e+003,1.018609e+000
4.215628e+003,1.041414e+000
4.219485e+003,1.017996e+000
4.223342e+003,1.001508e+000
4.227199e+003,1.029013e+000
4.231056e+003,1.085286e+000
4.234913e+003,1.084295e+000
4.238770e+003,1.038140e+000
4.242627e+003,1.035337e+000
4.246483e+003,1.049797e+000
4.250341e+003,1.056977e+000
4.254197e+003,1.088423e+000
4.258055e+003,1.111456e+000
4.261911e+003,1.095945e+000
4.265769e+003,1.080518e+000
4.269625e+003,1.074556e+000
4.273482e+003,1.058646e+000
4.277339e+003,1.029028e+000
4.281196e+003,1.013862e+000
4.285053e+003,1.030271e+000
4.288910e+003,1.040962e+000
4.292767e+003,1.037410e+000
4.296624e+003,1.030060e+000
4.300480e+003,1.037930e+000
4.304338e+003,1.053149e+000
4.308194e+003,1.049802e+000
4.312052e+003,1.052257e+000
4.315908e+003,1.064836e+000
4.319766e+003,1.068120e+000
4.323622e+003,1.072360e+000
4.327479e+003,1.065037e+000
4.331336e+003,1.054791e+000
4.335193e+003,1.066967e+000
4.339050e+003,1.076244e+000
4.342907e+003,1.062575e+000
4.346764e+003,1.055598e+000
4.350621e+003,1.049790e+000
4.354478e+003,1.056969e+000
4.358335e+003,1.055061e+000
4.362191e+003,1.059578e+000
4.366049e+003,1.062377e+000
4.369905e+003,1.054788e+000
4.373763e+003,1.047021e+000
4.377619e+003,1.040102e+000
4.381477e+003,1.044142e+000
4.385333e+003,1.032447e+000
4.389190e+003,1.015885e+000
4.393047e+003,1.013976e+000
4.396904e+003,1.033191e+000
4.400761e+003,1.052570e+000
4.404618e+003,1.055563e+000
4.408475e+003,1.057175e+000
4.412332e+003,1.068493e+000
4.416188e+003,1.088537e+000
4.420046e+003,1.095798e+000
4.423902e+003,1.092000e+000
4.427760e+003,1.104892e+000
4.431616e+003,1.109094e+000
4.435474e+003,1.108113e+000
4.439330e+003,1.112573e+000
4.443188e+003,1.117525e+000
4.447044e+003,1.119790e+000
4.450901e+003,1.120488e+000
4.454758e+003,1.126224e+000
4.458615e+003,1.127038e+000
4.462472e+003,1.122967e+000
4.466329e+003,1.121677e+000
4.470186e+003,1.122867e+000
4.474043e+003,1.119832e+000
4.477899e+003,1.124929e+000
4.481757e+003,1.121720e+000
4.485613e+003,1.106969e+000
4.489471e+003,1.105375e+000
4.493327e+003,1.114029e+000
4.497185e+003,1.123106e+000
4.501041e+003,1.122430e+000
4.504898e+003,1.114675e+000
4.508755e+003,1.120528e+000
4.512612e+003,1.120044e+000
4.516469e+003,1.113032e+000
4.520326e+003,1.101364e+000
4.524183e+003,1.085847e+000
4.528040e+003,1.078127e+000
4.531896e+003,1.085023e+000
4.535754e+003,1.081593e+000
4.539610e+003,1.075912e+000
4.543468e+003,1.077988e+000
4.547324e+003,1.084450e+000
4.551182e+003,1.074343e+000
4.555038e+003,1.067460e+000
4.558896e+003,1.064693e+000
4.562752e+003,1.063401e+000
4.566609e+003,1.059897e+000
4.570466e+003,1.043770e+000
4.574323e+003,1.032675e+000
4.578180e+003,1.023925e+000
4.582037e+003,1.012661e+000
4.585894e+003,1.001936e+000
4.589751e+003,9.891655e-001
4.593607e+003,9.766254e-001
4.597465e+003,9.649402e-001
4.601321e+003,9.532712e-001
4.605179e+003,9.415548e-001
4.609035e+003,9.312779e-001
4.612893e+003,9.244826e-001
4.616749e+003,9.177093e-001
4.620606e+003,9.064778e-001
4.624463e+003,8.969909e-001
4.628320e+003,8.898760e-001
4.632177e+003,8.840372e-001
4.636034e+003,8.799722e-001
4.639891e+003,8.759038e-001
4.643748e+003,8.722484e-001
4.647604e+003,8.652773e-001
4.651462e+003,8.567830e-001
4.655318e+003,8.434703e-001
4.659176e+003,8.258718e-001
4.663032e+003,8.083218e-001
4.666890e+003,7.942029e-001
4.670746e+003,7.810039e-001
4.674604e+003,7.731462e-001
4.678460e+003,7.616870e-001
4.682317e+003,7.493876e-001
4.686174e+003,7.402467e-001
4.690031e+003,7.347335e-001
4.693888e+003,7.287240e-001
4.697745e+003,7.207787e-001
4.701602e+003,7.144515e-001
4.705459e+003,7.076774e-001
4.709315e+003,6.989029e-001
4.713173e+003,6.944762e-001
4.717029e+003,6.899486e-001
4.720887e+003,6.840360e-001
4.724743e+003,6.792155e-001
4.728601e+003,6.765482e-001
4.732457e+003,6.727840e-001
4.736314e+003,6.696140e-001
4.740171e+003,6.676861e-001
4.744028e+003,6.650677e-001
4.747885e+003,6.658967e-001
4.751742e+003,6.675028e-001
4.755599e+003,6.674439e-001
4.759456e+003,6.667734e-001
4.763313e+003,6.648511e-001
4.767170e+003,6.664397e-001
4.771026e+003,6.662079e-001
4.774884e+003,6.654170e-001
4.778740e+003,6.652833e-001
4.782598e+003,6.676003e-001
4.786454e+003,6.701553e-001
4.790312e+003,6.695567e-001
4.794168e+003,6.697744e-001
4.798025e+003,6.725649e-001
4.801882e+003,6.744493e-001
4.805739e+003,6.777523e-001
4.809596e+003,6.801621e-001
4.813453e+003,6.837010e-001
4.817310e+003,6.870986e-001
4.821167e+003,6.909788e-001
4.825023e+003,6.963798e-001
4.828881e+003,7.019399e-001
4.832737e+003,7.073641e-001
4.836595e+003,7.133095e-001
4.840451e+003,7.195126e-001
4.844309e+003,7.248846e-001
4.848165e+003,7.289812e-001
4.852022e+003,7.334152e-001
4.855879e+003,7.380595e-001
4.859736e+003,7.438211e-001
4.863593e+003,7.514889e-001
4.867450e+003,7.588695e-001
4.871307e+003,7.670598e-001
4.875164e+003,7.754696e-001
4.879021e+003,7.856756e-001
4.882878e+003,7.986401e-001
4.886734e+003,8.097765e-001
4.890592e+003,8.229958e-001
4.894448e+003,8.354342e-001
4.898306e+003,8.459802e-001
4.902162e+003,8.494985e-001
4.906020e+003,8.469642e-001
4.909876e+003,8.458343e-001
4.913733e+003,8.461016e-001
4.917590e+003,8.422179e-001
4.921447e+003,8.416293e-001
4.925304e+003,8.427671e-001
4.929161e+003,8.438839e-001
4.933018e+003,8.493546e-001
4.936875e+003,8.595617e-001
4.940731e+003,8.720862e-001
4.944589e+003,8.835175e-001
4.948445e+003,8.928660e-001
4.952303e+003,8.979405e-001
4.956159e+003,8.987916e-001
4.960017e+003,8.952671e-001
4.963873e+003,8.914759e-001
4.967730e+003,8.870317e-001
4.971587e+003,8.813692e-001
4.975444e+003,8.762043e-001
4.979301e+003,8.744202e-001
4.983158e+003,8.757512e-001
4.987015e+003,8.798488e-001
4.990872e+003,8.843505e-001
4.994729e+003,8.907450e-001
4.998586e+003,8.961712e-001
5.002442e+003,9.029970e-001
5.006300e+003,9.087625e-001
5.010156e+003,9.127209e-001
5.014014e+003,9.165823e-001
5.017870e+003,9.179302e-001
5.021728e+003,9.185009e-001
5.025584e+003,9.194069e-001
5.029441e+003,9.214156e-001
5.033298e+003,9.231104e-001
5.037155e+003,9.221025e-001
5.041012e+003,9.215723e-001
5.044869e+003,9.217871e-001
5.048726e+003,9.223086e-001
5.052583e+003,9.220409e-001
5.056439e+003,9.209735e-001
5.060297e+003,9.193727e-001
5.064153e+003,9.210936e-001
5.068011e+003,9.231651e-001
5.071867e+003,9.235133e-001
5.075725e+003,9.261079e-001
5.079581e+003,9.283571e-001
5.083438e+003,9.254366e-001
5.087295e+003,9.186578e-001
5.091152e+003,9.101178e-001
5.095009e+003,8.992720e-001
5.098866e+003,8.887336e-001
5.102723e+003,8.778171e-001
5.106580e+003,8.677300e-001
5.110437e+003,8.595970e-001
5.114294e+003,8.527212e-001
5.118150e+003,8.473913e-001
5.122008e+003,8.456740e-001
5.125864e+003,8.443050e-001
5.129722e+003,8.421240e-001
5.133578e+003,8.413363e-001
5.137436e+003,8.422967e-001
5.141292e+003,8.434695e-001
5.145149e+003,8.445930e-001
5.149006e+003,8.463708e-001
5.152863e+003,8.460870e-001
5.156720e+003,8.431373e-001
5.160577e+003,8.422548e-001
5.164434e+003,8.418034e-001
5.168291e+003,8.412353e-001
5.172147e+003,8.374171e-001
5.176005e+003,8.351519e-001
5.179861e+003,8.357493e-001
5.183719e+003,8.337576e-001
5.187575e+003,8.308580e-001
5.191433e+003,8.300210e-001
5.195289e+003,8.294266e-001
5.199146e+003,8.261538e-001
5.203003e+003,8.243154e-001
5.206860e+003,8.243006e-001
5.210717e+003,8.245987e-001
5.214574e+003,8.228599e-001
5.218431e+003,8.219196e-001
5.222288e+003,8.209793e-001
5.226145e+003,8.188652e-001
5.230002e+003,8.172956e-001
5.233858e+003,8.158569e-001
5.237716e+003,8.137915e-001
5.241572e+003,8.107843e-001
5.245430e+003,8.102073e-001
5.249286e+003,8.095626e-001
5.253144e+003,8.085904e-001
5.257000e+003,8.064105e-001
5.260857e+003,8.027678e-001
5.264714e+003,8.013710e-001
5.268571e+003,7.999455e-001
5.272428e+003,7.975992e-001
5.276285e+003,7.933784e-001
5.280142e+003,7.890708e-001
5.283999e+003,7.859391e-001
5.287855e+003,7.838770e-001
5.291713e+003,7.802132e-001
5.295569e+003,7.760863e-001
5.299427e+003,7.740864e-001
5.303283e+003,7.718490e-001
5.307141e+003,7.698945e-001
5.310997e+003,7.680840e-001
5.314854e+003,7.673432e-001
5.318711e+003,7.666687e-001
5.322568e+003,7.666417e-001
5.326425e+003,7.679380e-001
5.330282e+003,7.709963e-001
5.334139e+003,7.725907e-001
5.337996e+003,7.740842e-001
5.341853e+003,7.783994e-001
5.345710e+003,7.841480e-001
5.349566e+003,7.912362e-001
5.353424e+003,8.004391e-001
5.357280e+003,8.109280e-001
5.361138e+003,8.242748e-001
5.364994e+003,8.432437e-001
5.368852e+003,8.682033e-001
5.372708e+003,8.978656e-001
5.376565e+003,9.313067e-001
5.380422e+003,9.682663e-001
5.384279e+003,1.009151e+000
5.388136e+003,1.046757e+000
5.391993e+003,1.080598e+000
5.395850e+003,1.105309e+000
5.399707e+003,1.111711e+000
5.403563e+003,1.101366e+000
5.407421e+003,1.077814e+000
5.411277e+003,1.049103e+000
5.415135e+003,1.021141e+000
5.418991e+003,1.001791e+000
5.422849e+003,9.957327e-001
5.426705e+003,1.000994e+000
5.430563e+003,1.018041e+000
5.434419e+003,1.043012e+000
5.438276e+003,1.064997e+000
5.442133e+003,1.078316e+000
5.445990e+003,1.079330e+000
5.449847e+003,1.063669e+000
5.453704e+003,1.030142e+000
5.457561e+003,9.900392e-001
5.461418e+003,9.509131e-001
5.465274e+003,9.130960e-001
5.469132e+003,8.817579e-001
5.472988e+003,8.607140e-001
5.476846e+003,8.442873e-001
5.480702e+003,8.289866e-001
5.484560e+003,8.159682e-001
5.488416e+003,8.078029e-001
5.492273e+003,8.022376e-001
5.496130e+003,7.979818e-001
5.499987e+003,7.947879e-001
5.503844e+003,7.934006e-001
5.507701e+003,7.928488e-001
5.511558e+003,7.943287e-001
5.515415e+003,7.962521e-001
5.519271e+003,8.006036e-001
5.523129e+003,8.059135e-001
5.526985e+003,8.119358e-001
5.530843e+003,8.196998e-001
5.534699e+003,8.282687e-001
5.538557e+003,8.369312e-001
5.542413e+003,8.474613e-001
5.546271e+003,8.593841e-001
5.550127e+003,8.727010e-001
5.553984e+003,8.874732e-001
5.557841e+003,9.030863e-001
5.561698e+003,9.211262e-001
5.565555e+003,9.398295e-001
5.569412e+003,9.613992e-001
5.573269e+003,9.840114e-001
5.577126e+003,1.009808e+000
5.580982e+003,1.036367e+000
5.584840e+003,1.063710e+000
5.588696e+003,1.091167e+000
5.592554e+003,1.110638e+000
5.596410e+003,1.125702e+000
5.600268e+003,1.135858e+000
5.604124e+003,1.138036e+000
5.607981e+003,1.135815e+000
5.611838e+003,1.129525e+000
5.615695e+003,1.117920e+000
5.619552e+003,1.103862e+000
5.623409e+003,1.089889e+000
5.627266e+003,1.079550e+000
5.631123e+003,1.071096e+000
5.634979e+003,1.060769e+000
5.638837e+003,1.054525e+000
5.642693e+003,1.055772e+000
5.646551e+003,1.057720e+000
5.650407e+003,1.060016e+000
5.654265e+003,1.063907e+000
5.658121e+003,1.070872e+000
5.661979e+003,1.079069e+000
5.665835e+003,1.088971e+000
5.669692e+003,1.103418e+000
5.673549e+003,1.120663e+000
5.677406e+003,1.135907e+000
5.681263e+003,1.145007e+000
5.685120e+003,1.152770e+000
5.688977e+003,1.158077e+000
5.692834e+003,1.166187e+000
5.696690e+003,1.171553e+000
5.700548e+003,1.173106e+000
5.704404e+003,1.174488e+000
5.708262e+003,1.176859e+000
5.712118e+003,1.177488e+000
5.715976e+003,1.176962e+000
5.719832e+003,1.176843e+000
5.723689e+003,1.175506e+000
5.727546e+003,1.176360e+000
5.731403e+003,1.172026e+000
5.735260e+003,1.170519e+000
5.739117e+003,1.173356e+000
5.742974e+003,1.177433e+000
5.746831e+003,1.180092e+000
5.750688e+003,1.176927e+000
5.754545e+003,1.173972e+000
5.758401e+003,1.176959e+000
5.762259e+003,1.177346e+000
5.766115e+003,1.178009e+000
5.769973e+003,1.176060e+000
5.773829e+003,1.170170e+000
5.777687e+003,1.167947e+000
5.781543e+003,1.158995e+000
5.785400e+003,1.145300e+000
5.789257e+003,1.136084e+000
5.793114e+003,1.125038e+000
5.796971e+003,1.111805e+000
5.800828e+003,1.093169e+000
5.804685e+003,1.073174e+000
5.808542e+003,1.060080e+000
5.812398e+003,1.053704e+000
5.816256e+003,1.048093e+000
5.820112e+003,1.045009e+000
5.823970e+003,1.046444e+000
5.827826e+003,1.049959e+000
5.831684e+003,1.059274e+000
5.835540e+003,1.075536e+000
5.839397e+003,1.091418e+000
5.843254e+003,1.113569e+000
5.847111e+003,1.136832e+000
5.850968e+003,1.153459e+000
5.854825e+003,1.166691e+000
5.858682e+003,1.174121e+000
5.862539e+003,1.174526e+000
5.866396e+003,1.175911e+000
5.870253e+003,1.176090e+000
5.874109e+003,1.176389e+000
5.877967e+003,1.179350e+000
5.881823e+003,1.176466e+000
5.885681e+003,1.173329e+000
5.889537e+003,1.168607e+000
5.893395e+003,1.167325e+000
5.897251e+003,1.170668e+000
5.901108e+003,1.172693e+000
5.904965e+003,1.175661e+000
5.908822e+003,1.178499e+000
5.912679e+003,1.181601e+000
5.916536e+003,1.183811e+000
5.920393e+003,1.183945e+000
5.924250e+003,1.182962e+000
5.928106e+003,1.177422e+000
5.931964e+003,1.167346e+000
5.935820e+003,1.149307e+000
5.939678e+003,1.121329e+000
5.943534e+003,1.089162e+000
5.947392e+003,1.052951e+000
5.951248e+003,1.018442e+000
5.955105e+003,9.855796e-001
5.958962e+003,9.556972e-001
5.962819e+003,9.331408e-001
5.966676e+003,9.112462e-001
5.970533e+003,8.921368e-001
5.974390e+003,8.781542e-001
5.978247e+003,8.629242e-001
5.982104e+003,8.510156e-001
5.985961e+003,8.449380e-001
5.989817e+003,8.390840e-001
5.993675e+003,8.337624e-001
5.997531e+003,8.305587e-001
6.001389e+003,8.294622e-001
6.005245e+003,8.280973e-001
6.009103e+003,8.272188e-001
6.012959e+003,8.259295e-001
6.016816e+003,8.247982e-001
6.020673e+003,8.251069e-001
6.024530e+003,8.232958e-001
6.028387e+003,8.201370e-001
6.032244e+003,8.188512e-001
6.036101e+003,8.186929e-001
6.039958e+003,8.190818e-001
6.043814e+003,8.172391e-001
6.047672e+003,8.163037e-001
6.051528e+003,8.169955e-001
6.055386e+003,8.161960e-001
6.059242e+003,8.140185e-001
6.063100e+003,8.107128e-001
6.066956e+003,8.043184e-001
6.070813e+003,7.963301e-001
6.074670e+003,7.869043e-001
6.078527e+003,7.771206e-001
6.082384e+003,7.677074e-001
6.086241e+003,7.574174e-001
6.090098e+003,7.464359e-001
6.093955e+003,7.362403e-001
6.097812e+003,7.285299e-001
6.101669e+003,7.209240e-001
6.105525e+003,7.147231e-001
6.109383e+003,7.069926e-001
6.113239e+003,6.999876e-001
6.117097e+003,6.943398e-001
6.120953e+003,6.881484e-001
6.124811e+003,6.837709e-001
6.128667e+003,6.792217e-001
6.132524e+003,6.732522e-001
6.136381e+003,6.684843e-001
6.140238e+003,6.641081e-001
6.144095e+003,6.613997e-001
6.147952e+003,6.585985e-001
6.151809e+003,6.554579e-001
6.155666e+003,6.511376e-001
6.159522e+003,6.487291e-001
6.163380e+003,6.475475e-001
6.167236e+003,6.459460e-001
6.171094e+003,6.418672e-001
6.174950e+003,6.398060e-001
6.178808e+003,6.390131e-001
6.182664e+003,6.360484e-001
6.186521e+003,6.337870e-001
6.190378e+003,6.313891e-001
6.194235e+003,6.295212e-001
6.198092e+003,6.273961e-001
6.201949e+003,6.260312e-001
6.205806e+003,6.249481e-001
6.209663e+003,6.234211e-001
6.213520e+003,6.211081e-001
6.217377e+003,6.207176e-001
6.221233e+003,6.194634e-001
6.225091e+003,6.180425e-001
6.228947e+003,6.165070e-001
6.232805e+003,6.153505e-001
6.236661e+003,6.148104e-001
6.240519e+003,6.139460e-001
6.244375e+003,6.128416e-001
6.248232e+003,6.125528e-001
6.252089e+003,6.119546e-001
6.255946e+003,6.116489e-001
6.259803e+003,6.118987e-001
6.263660e+003,6.117115e-001
6.267517e+003,6.119097e-001
6.271374e+003,6.116139e-001
6.275230e+003,6.111699e-001
6.279088e+003,6.128359e-001
6.282944e+003,6.144961e-001
6.286802e+003,6.145728e-001
6.290658e+003,6.145688e-001
6.294516e+003,6.148798e-001
6.298372e+003,6.147073e-001
6.302229e+003,6.163923e-001
6.306086e+003,6.173217e-001
6.309943e+003,6.187121e-001
6.313800e+003,6.201133e-001
6.317657e+003,6.206170e-001
6.321514e+003,6.227350e-001
6.325371e+003,6.231685e-001
6.329228e+003,6.224233e-001
6.333085e+003,6.245892e-001
6.336941e+003,6.271240e-001
6.340799e+003,6.293682e-001
6.344655e+003,6.312187e-001
6.348513e+003,6.342317e-001
6.352369e+003,6.365204e-001
6.356227e+003,6.401763e-001
6.360083e+003,6.460490e-001
6.363940e+003,6.524088e-001
6.367797e+003,6.588306e-001
6.371654e+003,6.639715e-001
6.375511e+003,6.706012e-001
6.379368e+003,6.752131e-001
6.383225e+003,6.800510e-001
6.387082e+003,6.852484e-001
6.390938e+003,6.906428e-001
6.394796e+003,6.947438e-001
6.398652e+003,6.989857e-001
6.402510e+003,7.035324e-001
6.406366e+003,7.089685e-001
6.410224e+003,7.128618e-001
6.414080e+003,7.170495e-001
6.417938e+003,7.222857e-001
6.421794e+003,7.258559e-001
6.425651e+003,7.277302e-001
6.429508e+003,7.307616e-001
6.433365e+003,7.340080e-001
6.437222e+003,7.377514e-001
6.441079e+003,7.408108e-001
6.444936e+003,7.413488e-001
6.448793e+003,7.423401e-001
6.452649e+003,7.436895e-001
6.456507e+003,7.447364e-001
6.460363e+003,7.453182e-001
6.464221e+003,7.450747e-001
6.468077e+003,7.455069e-001
6.471935e+003,7.470007e-001
6.475791e+003,7.486748e-001
6.479648e+003,7.486796e-001
6.483505e+003,7.468244e-001
6.487362e+003,7.468034e-001
6.491219e+003,7.480608e-001
6.495076e+003,7.474832e-001
6.498933e+003,7.467921e-001
6.502790e+003,7.457032e-001
6.506646e+003,7.454515e-001
6.510504e+003,7.476251e-001
6.514360e+003,7.487443e-001
6.518218e+003,7.470708e-001
6.522074e+003,7.477537e-001
6.525932e+003,7.492906e-001
6.529788e+003,7.494920e-001
6.533646e+003,7.500796e-001
6.537502e+003,7.507551e-001
6.541359e+003,7.517048e-001
6.545216e+003,7.524830e-001
6.549073e+003,7.547096e-001
6.552930e+003,7.572339e-001
6.556787e+003,7.564471e-001
6.560644e+003,7.554394e-001
6.564501e+003,7.557748e-001
6.568357e+003,7.563875e-001
6.572215e+003,7.568002e-001
6.576071e+003,7.566746e-001
6.579929e+003,7.575990e-001
6.583785e+003,7.580989e-001
6.587643e+003,7.582126e-001
6.591499e+003,7.589809e-001
6.595356e+003,7.574785e-001
6.599213e+003,7.572492e-001
6.603070e+003,7.568709e-001
6.606927e+003,7.535255e-001
6.610784e+003,7.492574e-001
6.614641e+003,7.469376e-001
6.618498e+003,7.432868e-001
6.622354e+003,7.390516e-001
6.626212e+003,7.326434e-001
6.630068e+003,7.270740e-001
6.633926e+003,7.253390e-001
6.637782e+003,7.235194e-001
6.641640e+003,7.224581e-001
6.645496e+003,7.220570e-001
6.649354e+003,7.205715e-001
6.653210e+003,7.195573e-001
6.657067e+003,7.183651e-001
6.660924e+003,7.153113e-001
6.664781e+003,7.119660e-001
6.668638e+003,7.092090e-001
6.672495e+003,7.046920e-001
6.676352e+003,7.026684e-001
6.680209e+003,7.017798e-001
6.684065e+003,7.014546e-001
6.687923e+003,7.010955e-001
6.691779e+003,7.015362e-001
6.695637e+003,7.029650e-001
6.699493e+003,7.038631e-001
6.703351e+003,7.046118e-001
6.707207e+003,7.071070e-001
6.711064e+003,7.093984e-001
6.714921e+003,7.096784e-001
6.718778e+003,7.108524e-001
6.722635e+003,7.115861e-001
6.726492e+003,7.116396e-001
6.730349e+003,7.129548e-001
6.734206e+003,7.132564e-001
6.738063e+003,7.123239e-001
6.741920e+003,7.135994e-001
6.745776e+003,7.129684e-001
6.749634e+003,7.119504e-001
6.753490e+003,7.124686e-001
6.757348e+003,7.124884e-001
6.761204e+003,7.125981e-001
6.765062e+003,7.133760e-001
6.768918e+003,7.149780e-001
6.772775e+003,7.158648e-001
6.776632e+003,7.169483e-001
6.780489e+003,7.178477e-001
6.784346e+003,7.191741e-001
6.788203e+003,7.208188e-001
6.792060e+003,7.203913e-001
6.795917e+003,7.198550e-001
6.799773e+003,7.201701e-001
6.803631e+003,7.221597e-001
6.807487e+003,7.242342e-001
6.811345e+003,7.282897e-001
6.815201e+003,7.308704e-001
6.819059e+003,7.324595e-001
6.822915e+003,7.352096e-001
6.826772e+003,7.380834e-001
6.830629e+003,7.383196e-001
6.834486e+003,7.385002e-001
6.838343e+003,7.392473e-001
6.842200e+003,7.385315e-001
6.846057e+003,7.379487e-001
6.849914e+003,7.368534e-001
6.853771e+003,7.368060e-001
6.857628e+003,7.373247e-001
6.861484e+003,7.359762e-001
6.865342e+003,7.348650e-001
6.869198e+003,7.358996e-001
6.873056e+003,7.371512e-001
6.876912e+003,7.381196e-001
6.880770e+003,7.396573e-001
6.884626e+003,7.394083e-001
6.888483e+003,7.393467e-001
6.892340e+003,7.422469e-001
6.896197e+003,7.437979e-001
6.900054e+003,7.455438e-001
6.903911e+003,7.476225e-001
6.907768e+003,7.510269e-001
6.911625e+003,7.565788e-001
6.915481e+003,7.623754e-001
6.919339e+003,7.658557e-001
6.923195e+003,7.698987e-001
6.927053e+003,7.744535e-001
6.930909e+003,7.772689e-001
6.934767e+003,7.811024e-001
6.938623e+003,7.828509e-001
6.942480e+003,7.869741e-001
6.946337e+003,7.910371e-001
6.950194e+003,7.957415e-001
6.954051e+003,7.989041e-001
6.957908e+003,8.020009e-001
6.961765e+003,8.058117e-001
6.965622e+003,8.088543e-001
6.969479e+003,8.110253e-001
6.973336e+003,8.126558e-001
6.977192e+003,8.142593e-001
6.981050e+003,8.180612e-001
6.984906e+003,8.204657e-001
6.988764e+003,8.233615e-001
6.992620e+003,8.285410e-001
6.996478e+003,8.354999e-001
7.000334e+003,8.407943e-001
7.004191e+003,8.439972e-001
7.008048e+003,8.480285e-001
7.011905e+003,8.508216e-001
7.015762e+003,8.503614e-001
7.019619e+003,8.522753e-001
7.023476e+003,8.527315e-001
7.027333e+003,8.541615e-001
7.031189e+003,8.576965e-001
7.035047e+003,8.608646e-001
7.038903e+003,8.634172e-001
7.042761e+003,8.676112e-001
7.046617e+003,8.752772e-001
7.050475e+003,8.840972e-001
7.054331e+003,8.915988e-001
7.058188e+003,9.017693e-001
7.062045e+003,9.145465e-001
7.065902e+003,9.284557e-001
7.069759e+003,9.427151e-001
7.073616e+003,9.559767e-001
7.077473e+003,9.692189e-001
7.081330e+003,9.819144e-001
7.085187e+003,9.944027e-001
7.089044e+003,1.007260e+000
7.092900e+003,1.017356e+000
7.096758e+003,1.021614e+000
7.100614e+003,1.030813e+000
7.104472e+003,1.041944e+000
7.108328e+003,1.049778e+000
7.112186e+003,1.062052e+000
7.116042e+003,1.069051e+000
7.119899e+003,1.070964e+000
7.123756e+003,1.069798e+000
7.127613e+003,1.069943e+000
7.131470e+003,1.064101e+000
7.135327e+003,1.060217e+000
7.139184e+003,1.059644e+000
7.143041e+003,1.059991e+000
7.146897e+003,1.061153e+000
7.150755e+003,1.062843e+000
7.154611e+003,1.060251e+000
7.158469e+003,1.058146e+000
7.162325e+003,1.058388e+000
7.166183e+003,1.055883e+000
7.170039e+003,1.048798e+000
7.173896e+003,1.039025e+000
7.177753e+003,1.028516e+000
7.181610e+003,1.019199e+000
7.185467e+003,1.010636e+000
7.189324e+003,1.004317e+000
7.193181e+003,9.954659e-001
7.197038e+003,9.849712e-001
7.200895e+003,9.779151e-001
7.204752e+003,9.686694e-001
7.208608e+003,9.596608e-001
7.212466e+003,9.526474e-001
7.216322e+003,9.489970e-001
7.220180e+003,9.455385e-001
7.224036e+003,9.447902e-001
7.227894e+003,9.444951e-001
7.231750e+003,9.421813e-001
7.235607e+003,9.423206e-001
7.239464e+003,9.459420e-001
7.243321e+003,9.489527e-001
7.247178e+003,9.463968e-001
7.251035e+003,9.438980e-001
7.254892e+003,9.431879e-001
7.258749e+003,9.414468e-001
7.262605e+003,9.373678e-001
7.266463e+003,9.324996e-001
7.270319e+003,9.292697e-001
7.274177e+003,9.293672e-001
7.278033e+003,9.314886e-001
7.281891e+003,9.366176e-001
7.285747e+003,9.409282e-001
7.289604e+003,9.465663e-001
7.293461e+003,9.520588e-001
7.297318e+003,9.535897e-001
7.301175e+003,9.488346e-001
7.305032e+003,9.401903e-001
7.308889e+003,9.271743e-001
7.312746e+003,9.100972e-001
7.316603e+003,8.924744e-001
7.320460e+003,8.771700e-001
7.324316e+003,8.633058e-001
7.328174e+003,8.484503e-001
7.332030e+003,8.352466e-001
7.335888e+003,8.253106e-001
7.339744e+003,8.178473e-001
7.343602e+003,8.116518e-001
7.347458e+003,8.037844e-001
7.351315e+003,7.951236e-001
7.355172e+003,7.881171e-001
7.359029e+003,7.820456e-001
7.362886e+003,7.761097e-001
7.366743e+003,7.697037e-001
7.370600e+003,7.644739e-001
7.374457e+003,7.584477e-001
7.378313e+003,7.532008e-001
7.382171e+003,7.484277e-001
7.386027e+003,7.453223e-001
7.389885e+003,7.419906e-001
7.393741e+003,7.375655e-001
7.397599e+003,7.343180e-001
7.401455e+003,7.329298e-001
7.405313e+003,7.306471e-001
7.409169e+003,7.265812e-001
7.413026e+003,7.237676e-001
7.416883e+003,7.203007e-001
7.420740e+003,7.178330e-001
7.424597e+003,7.151197e-001
7.428454e+003,7.140915e-001
7.432311e+003,7.132297e-001
7.436168e+003,7.112777e-001
7.440024e+003,7.099999e-001
7.443882e+003,7.090399e-001
7.447738e+003,7.060525e-001
7.451596e+003,7.043417e-001
7.455452e+003,7.041333e-001
7.459310e+003,7.052246e-001
7.463166e+003,7.032472e-001
7.467023e+003,7.001554e-001
7.470880e+003,6.974267e-001
7.474737e+003,6.970199e-001
7.478594e+003,6.958908e-001
7.482451e+003,6.951978e-001
7.486308e+003,6.938016e-001
7.490165e+003,6.932568e-001
7.494021e+003,6.920464e-001
7.497879e+003,6.921340e-001
7.501735e+003,6.922192e-001
7.505593e+003,6.919143e-001
7.509449e+003,6.905113e-001
7.513307e+003,6.890437e-001
7.517163e+003,6.879056e-001
7.521021e+003,6.879597e-001
7.524877e+003,6.876129e-001
7.528734e+003,6.874441e-001
7.532591e+003,6.863024e-001
7.536448e+003,6.862632e-001
7.540305e+003,6.854942e-001
7.544162e+003,6.842950e-001
7.548019e+003,6.838347e-001
7.551876e+003,6.856029e-001
7.555732e+003,6.846352e-001
7.559590e+003,6.836079e-001
7.563446e+003,6.835945e-001
7.567304e+003,6.830245e-001
7.571160e+003,6.822758e-001
7.575018e+003,6.823580e-001
7.578874e+003,6.826404e-001
7.582731e+003,6.829485e-001
7.586588e+003,6.834314e-001
7.590445e+003,6.842250e-001
7.594302e+003,6.841693e-001
7.598159e+003,6.827899e-001
7.602016e+003,6.830124e-001
7.605873e+003,6.831027e-001
7.609729e+003,6.831672e-001
7.613587e+003,6.835376e-001
7.617443e+003,6.832895e-001
7.621301e+003,6.823577e-001
7.625157e+003,6.820729e-001
7.629015e+003,6.833659e-001
7.632871e+003,6.837893e-001
7.636729e+003,6.829431e-001
7.640585e+003,6.818064e-001
7.644442e+003,6.830556e-001
7.648299e+003,6.848713e-001
7.652156e+003,6.846477e-001
7.656013e+003,6.842659e-001
7.659870e+003,6.846801e-001
7.663727e+003,6.854295e-001
7.667584e+003,6.862189e-001
7.671440e+003,6.856012e-001
7.675298e+003,6.859156e-001
7.679154e+003,6.862083e-001
7.683012e+003,6.848547e-001
7.686868e+003,6.862127e-001
7.690726e+003,6.865737e-001
7.694582e+003,6.856033e-001
7.698439e+003,6.868767e-001
7.702296e+003,6.887038e-001
7.706153e+003,6.898717e-001
7.710010e+003,6.884151e-001
7.713867e+003,6.873336e-001
7.717724e+003,6.874528e-001
7.721581e+003,6.880270e-001
7.725438e+003,6.882216e-001
7.729295e+003,6.874614e-001
7.733151e+003,6.882845e-001
7.737009e+003,6.890593e-001
7.740865e+003,6.895317e-001
7.744723e+003,6.891279e-001
7.748579e+003,6.878918e-001
7.752437e+003,6.877845e-001
7.756293e+003,6.876763e-001
7.760150e+003,6.876337e-001
7.764007e+003,6.872932e-001
7.767864e+003,6.868290e-001
7.771721e+003,6.871728e-001
7.775578e+003,6.883016e-001
7.779435e+003,6.904596e-001
7.783292e+003,6.902243e-001
7.787148e+003,6.882449e-001
7.791006e+003,6.870073e-001
7.794862e+003,6.872711e-001
7.798720e+003,6.873220e-001
7.802576e+003,6.896548e-001
7.806434e+003,6.914427e-001
7.810290e+003,6.912184e-001
7.814147e+003,6.907685e-001
7.818004e+003,6.896117e-001
7.821861e+003,6.878049e-001
7.825718e+003,6.874842e-001
7.829575e+003,6.885024e-001
7.833432e+003,6.884953e-001
7.837289e+003,6.890661e-001
7.841146e+003,6.901556e-001
7.845003e+003,6.896163e-001
7.848859e+003,6.887701e-001
7.852717e+003,6.883009e-001
7.856573e+003,6.886302e-001
7.860431e+003,6.886235e-001
7.864287e+003,6.882042e-001
7.868145e+003,6.864246e-001
7.872001e+003,6.871002e-001
7.875858e+003,6.885871e-001
7.879715e+003,6.890662e-001
7.883572e+003,6.886771e-001
7.887429e+003,6.882806e-001
7.891286e+003,6.878996e-001
7.895143e+003,6.870674e-001
7.899000e+003,6.854957e-001
7.902856e+003,6.852658e-001
7.906714e+003,6.870443e-001
7.910570e+003,6.858094e-001
7.914428e+003,6.858847e-001
7.918284e+003,6.871517e-001
7.922142e+003,6.862254e-001
7.925998e+003,6.858824e-001
7.929855e+003,6.856282e-001
7.933712e+003,6.857170e-001
7.937569e+003,6.871951e-001
7.941426e+003,6.879154e-001
7.945283e+003,6.869223e-001
7.949140e+003,6.864361e-001
7.952997e+003,6.859664e-001
7.956854e+003,6.859184e-001
7.960711e+003,6.869795e-001
7.964567e+003,6.878147e-001
7.968425e+003,6.897156e-001
7.972281e+003,6.888366e-001
7.976139e+003,6.872995e-001
7.979995e+003,6.882533e-001
7.983853e+003,6.889114e-001
7.987709e+003,6.867079e-001
7.991566e+003,6.859828e-001
7.995423e+003,6.862637e-001
7.999280e+003,6.872688e-001
8.003137e+003,6.880749e-001
8.006994e+003,6.888726e-001
8.010851e+003,6.899080e-001
8.014708e+003,6.908283e-001
8.018564e+003,6.901260e-001
8.022422e+003,6.890224e-001
8.026278e+003,6.877828e-001
8.030136e+003,6.893593e-001
8.033992e+003,6.908016e-001
8.037850e+003,6.896377e-001
8.041706e+003,6.879659e-001
8.045563e+003,6.890636e-001
8.049420e+003,6.903847e-001
8.053277e+003,6.909970e-001
8.057134e+003,6.912982e-001
8.060991e+003,6.913825e-001
8.064848e+003,6.899917e-001
8.068705e+003,6.888804e-001
8.072562e+003,6.885489e-001
8.076419e+003,6.887169e-001
8.080275e+003,6.889366e-001
8.084133e+003,6.878265e-001
8.087989e+003,6.876407e-001
8.091847e+003,6.887744e-001
8.095703e+003,6.881325e-001
8.099561e+003,6.877566e-001
8.103417e+003,6.897386e-001
8.107274e+003,6.923933e-001
8.111131e+003,6.917319e-001
8.114988e+003,6.915364e-001
8.118845e+003,6.914796e-001
8.122702e+003,6.922764e-001
8.126559e+003,6.938045e-001
8.130416e+003,6.936602e-001
8.134272e+003,6.950784e-001
8.138130e+003,6.957930e-001
8.141986e+003,6.968157e-001
8.145844e+003,6.988355e-001
8.149700e+003,7.008134e-001
8.153558e+003,7.022915e-001
8.157414e+003,7.044187e-001
8.161271e+003,7.056234e-001
8.165128e+003,7.089389e-001
8.168985e+003,7.112231e-001
8.172842e+003,7.134260e-001
8.176699e+003,7.142529e-001
8.180556e+003,7.163129e-001
8.184413e+003,7.187439e-001
8.188270e+003,7.226180e-001
8.192127e+003,7.275179e-001
8.195983e+003,7.313430e-001
8.199841e+003,7.331831e-001
8.203697e+003,7.353747e-001
8.207555e+003,7.382251e-001
8.211411e+003,7.436609e-001
8.215269e+003,7.463105e-001
8.219125e+003,7.467749e-001
8.222982e+003,7.483554e-001
8.226839e+003,7.505644e-001
8.230696e+003,7.499837e-001
8.234553e+003,7.512977e-001
8.238410e+003,7.494382e-001
8.242267e+003,7.464235e-001
8.246124e+003,7.449746e-001
8.249980e+003,7.444731e-001
8.253838e+003,7.437696e-001
8.257694e+003,7.431699e-001
8.261552e+003,7.408623e-001
8.265408e+003,7.380891e-001
8.269266e+003,7.366391e-001
8.273122e+003,7.338353e-001
8.276979e+003,7.346811e-001
8.280836e+003,7.362446e-001
8.284693e+003,7.347562e-001
8.288550e+003,7.353117e-001
8.292407e+003,7.388331e-001
8.296264e+003,7.411616e-001
8.300121e+003,7.403039e-001
8.303978e+003,7.403507e-001
8.307835e+003,7.415484e-001
8.311691e+003,7.453488e-001
8.315549e+003,7.501155e-001
8.319405e+003,7.551119e-001
8.323263e+003,7.611476e-001
8.327119e+003,7.669743e-001
8.330977e+003,7.741579e-001
8.334833e+003,7.815648e-001
8.338690e+003,7.899139e-001
8.342547e+003,8.008671e-001
8.346404e+003,8.110453e-001
8.350261e+003,8.201702e-001
8.354118e+003,8.361773e-001
8.357975e+003,8.542762e-001
8.361832e+003,8.727185e-001
8.365688e+003,8.924466e-001
8.369546e+003,9.158284e-001
8.373402e+003,9.431986e-001
8.377260e+003,9.698135e-001
8.381116e+003,9.938126e-001
8.384974e+003,1.020049e+000
8.388830e+003,1.041948e+000
8.392688e+003,1.067311e+000
8.396544e+003,1.092695e+000
8.400401e+003,1.110842e+000
8.404258e+003,1.118409e+000
8.408115e+003,1.120807e+000
8.411972e+003,1.129569e+000
8.415829e+003,1.132323e+000
8.419686e+003,1.134750e+000
8.423543e+003,1.142635e+000
8.427399e+003,1.147694e+000
8.431257e+003,1.141489e+000
8.435113e+003,1.138717e+000
8.438971e+003,1.141640e+000
8.442827e+003,1.140660e+000
8.446685e+003,1.133506e+000
8.450541e+003,1.126909e+000
8.454398e+003,1.118656e+000
8.458255e+003,1.108339e+000
8.462112e+003,1.093638e+000
8.465969e+003,1.081872e+000
8.469826e+003,1.066470e+000
8.473683e+003,1.052382e+000
8.477540e+003,1.037985e+000
8.481396e+003,1.021243e+000
8.485254e+003,1.004207e+000
8.489110e+003,9.852238e-001
8.492968e+003,9.712325e-001
8.496824e+003,9.596686e-001
8.500682e+003,9.459171e-001
8.504538e+003,9.342095e-001
8.508396e+003,9.195593e-001
8.512252e+003,9.069360e-001
8.516109e+003,8.931862e-001
8.519966e+003,8.831424e-001
8.523823e+003,8.787372e-001
8.527680e+003,8.701262e-001
8.531537e+003,8.615741e-001
8.535394e+003,8.536280e-001
8.539251e+003,8.452412e-001
8.543107e+003,8.389198e-001
8.546965e+003,8.356023e-001
8.550821e+003,8.325934e-001
8.554679e+003,8.254642e-001
8.558535e+003,8.178268e-001
8.562393e+003,8.141943e-001
8.566249e+003,8.115562e-001
8.570106e+003,8.096613e-001
8.573963e+003,8.089557e-001
8.577820e+003,8.074687e-001
8.581677e+003,8.050022e-001
8.585534e+003,8.038780e-001
8.589391e+003,8.027532e-001
8.593248e+003,8.027115e-001
8.597104e+003,8.023667e-001
8.600962e+003,8.048306e-001
8.604818e+003,8.025774e-001
8.608676e+003,8.043754e-001
8.612532e+003,8.043528e-001
8.616390e+003,8.045781e-001
8.620246e+003,8.075159e-001
8.624104e+003,8.076441e-001
8.627960e+003,8.069150e-001
8.631817e+003,8.093644e-001
8.635674e+003,8.130450e-001
8.639531e+003,8.147082e-001
8.643388e+003,8.154253e-001
8.647245e+003,8.157951e-001
8.651102e+003,8.146423e-001
8.654959e+003,8.144615e-001
8.658815e+003,8.140353e-001
8.662673e+003,8.132371e-001
8.666529e+003,8.121089e-001
8.670387e+003,8.089591e-001
8.674243e+003,8.102381e-001
8.678101e+003,8.109012e-001
8.681957e+003,8.105146e-001
8.685814e+003,8.121062e-001
8.689671e+003,8.131407e-001
8.693528e+003,8.098760e-001
8.697385e+003,8.067735e-001
8.701242e+003,8.058615e-001
8.705099e+003,8.059871e-001
8.708956e+003,8.024772e-001
8.712813e+003,7.977142e-001
8.716670e+003,7.952499e-001
8.720526e+003,7.898847e-001
8.724384e+003,7.841862e-001
8.728240e+003,7.822468e-001
8.732098e+003,7.797643e-001
8.735954e+003,7.763363e-001
8.739812e+003,7.708544e-001
8.743668e+003,7.679307e-001
8.747525e+003,7.627800e-001
8.751382e+003,7.561386e-001
8.755239e+003,7.533373e-001
8.759096e+003,7.493228e-001
8.762953e+003,7.422098e-001
8.766810e+003,7.400408e-001
8.770667e+003,7.392716e-001
8.774523e+003,7.337265e-001
8.778381e+003,7.301345e-001
8.782237e+003,7.291022e-001
8.786095e+003,7.271837e-001
8.789951e+003,7.263334e-001
8.793809e+003,7.235336e-001
8.797665e+003,7.213376e-001
8.801522e+003,7.169263e-001
8.805379e+003,7.153479e-001
8.809236e+003,7.132500e-001
8.813093e+003,7.120418e-001
8.816950e+003,7.114642e-001
8.820807e+003,7.109179e-001
8.824664e+003,7.104978e-001
8.828521e+003,7.109725e-001
8.832378e+003,7.084030e-001
8.836234e+003,7.073039e-001
8.840092e+003,7.069762e-001
8.843948e+003,7.048218e-001
8.847806e+003,7.032901e-001
8.851662e+003,7.028016e-001
8.855520e+003,7.042847e-001
8.859376e+003,7.027731e-001
8.863233e+003,7.009775e-001
8.867090e+003,7.023400e-001
8.870947e+003,7.047573e-001
8.874804e+003,7.010154e-001
8.878661e+003,7.002738e-001
8.882518e+003,7.008451e-001
8.886375e+003,7.006537e-001
8.890231e+003,7.013466e-001
8.894089e+003,7.016123e-001
8.897945e+003,6.996802e-001
8.901803e+003,6.973729e-001
8.905659e+003,6.959102e-001
8.909517e+003,6.944602e-001
8.913373e+003,6.931702e-001
8.917230e+003,6.916756e-001
8.921087e+003,6.929849e-001
8.924944e+003,6.975759e-001
8.928801e+003,6.968498e-001
8.932658e+003,6.964539e-001
8.936515e+003,6.943077e-001
8.940372e+003,6.922509e-001
8.944229e+003,6.911973e-001
8.948086e+003,6.910900e-001
8.951942e+003,6.951683e-001
8.955800e+003,6.943948e-001
8.959656e+003,6.915634e-001
8.963514e+003,6.909183e-001
8.967370e+003,6.907377e-001
8.971228e+003,6.915561e-001
8.975084e+003,6.908718e-001
8.978941e+003,6.894106e-001
8.982798e+003,6.882947e-001
8.986655e+003,6.880523e-001
8.990512e+003,6.886866e-001
8.994369e+003,6.905324e-001
8.998226e+003,6.927319e-001
9.002083e+003,6.917725e-001
9.005939e+003,6.901938e-001
9.009797e+003,6.904746e-001
9.013653e+003,6.902606e-001
9.017511e+003,6.930587e-001
9.021367e+003,6.911094e-001
9.025225e+003,6.901252e-001
9.029081e+003,6.907528e-001
9.032938e+003,6.923567e-001
9.036795e+003,6.941081e-001
9.040652e+003,6.947922e-001
9.044509e+003,6.960647e-001
9.048366e+003,6.949574e-001
9.052223e+003,6.958703e-001
9.056080e+003,6.932320e-001
9.059937e+003,6.929057e-001
9.063794e+003,6.931331e-001
9.067650e+003,6.965300e-001
9.071508e+003,6.999393e-001
9.075364e+003,7.011415e-001
9.079222e+003,6.974363e-001
9.083078e+003,6.974828e-001
9.086936e+003,7.021751e-001
9.090792e+003,7.040508e-001
9.094649e+003,7.006173e-001
9.098506e+003,6.989359e-001
9.102363e+003,6.994246e-001
9.106220e+003,7.009980e-001
9.110077e+003,7.020643e-001
9.113934e+003,7.014220e-001
9.117791e+003,7.037413e-001
9.121647e+003,7.079238e-001
9.125505e+003,7.060043e-001
9.129361e+003,7.029559e-001
9.133219e+003,7.042515e-001
9.137075e+003,7.061687e-001
9.140933e+003,7.077268e-001
9.144789e+003,7.055988e-001
9.148646e+003,7.025498e-001
9.152503e+003,7.007563e-001
9.156360e+003,7.050508e-001
9.160217e+003,7.056258e-001
9.164074e+003,7.023169e-001
9.167931e+003,7.023154e-001
9.171788e+003,7.015669e-001
9.175645e+003,7.043235e-001
9.179502e+003,7.072845e-001
9.183358e+003,7.046829e-001
9.187216e+003,7.033519e-001
9.191072e+003,7.041377e-001
9.194930e+003,7.054594e-001
9.198786e+003,7.057016e-001
9.202644e+003,7.019126e-001
9.206500e+003,7.004275e-001
9.210357e+003,7.006997e-001
9.214214e+003,7.005277e-001
9.218071e+003,7.013959e-001
9.221928e+003,7.015214e-001
9.225785e+003,6.992446e-001
9.229642e+003,7.004895e-001
9.233499e+003,7.016499e-001
9.237355e+003,7.059820e-001
9.241213e+003,7.066697e-001
9.245069e+003,7.038417e-001
9.248927e+003,7.036725e-001
9.252783e+003,7.043818e-001
9.256641e+003,7.038618e-001
9.260497e+003,7.005134e-001
9.264354e+003,6.992977e-001
9.268211e+003,7.011080e-001
9.272068e+003,7.001082e-001
9.275925e+003,6.985057e-001
9.279782e+003,6.966785e-001
9.283639e+003,6.956024e-001
9.287496e+003,6.953986e-001
9.291353e+003,6.979774e-001
9.295210e+003,6.990010e-001
9.299066e+003,6.982387e-001
9.302924e+003,6.959895e-001
9.306780e+003,6.954590e-001
9.310638e+003,6.964507e-001
9.314494e+003,6.967581e-001
9.318352e+003,6.954004e-001
9.322208e+003,6.928416e-001
9.326065e+003,6.953054e-001
9.329922e+003,6.981804e-001
9.333779e+003,6.977158e-001
9.337636e+003,6.941994e-001
9.341493e+003,6.932285e-001
9.345350e+003,6.951876e-001
9.349207e+003,6.960181e-001
9.353063e+003,6.935742e-001
9.356921e+003,6.938752e-001
9.360777e+003,6.963989e-001
9.364635e+003,6.983398e-001
9.368491e+003,6.999362e-001
9.372349e+003,6.987832e-001
9.376205e+003,6.970053e-001
9.380063e+003,6.961559e-001
9.383919e+003,6.950526e-001
9.387776e+003,6.959232e-001
9.391633e+003,6.985872e-001
9.395490e+003,7.003289e-001
9.399347e+003,6.988996e-001
9.403204e+003,6.941475e-001
9.407061e+003,6.919756e-001
9.410918e+003,6.936955e-001
9.414774e+003,6.938090e-001
9.418632e+003,6.917120e-001
9.422488e+003,6.963170e-001
9.426346e+003,6.976908e-001
9.430202e+003,6.945451e-001
9.434060e+003,6.915641e-001
9.437916e+003,6.914715e-001
9.441773e+003,6.926293e-001
9.445630e+003,6.947104e-001
9.449487e+003,6.943958e-001
9.453344e+003,6.945052e-001
9.457201e+003,6.938588e-001
9.461058e+003,6.925264e-001
9.464915e+003,6.934847e-001
9.468771e+003,6.951218e-001
9.472629e+003,6.971101e-001
9.476485e+003,6.960384e-001
9.480343e+003,6.931085e-001
9.484199e+003,6.945018e-001
9.488057e+003,6.979601e-001
9.491913e+003,6.975052e-001
9.495771e+003,6.955342e-001
9.499627e+003,6.953945e-001
9.503484e+003,6.923076e-001
9.507341e+003,6.908195e-001
9.511198e+003,6.924586e-001
9.515055e+003,6.934472e-001
9.518912e+003,6.925188e-001
9.522769e+003,6.908059e-001
9.526626e+003,6.921505e-001
9.530482e+003,6.937536e-001
9.534340e+003,6.934136e-001
9.538196e+003,6.937468e-001
9.542054e+003,6.933107e-001
9.545910e+003,6.942637e-001
9.549768e+003,6.930261e-001
9.553624e+003,6.904553e-001
9.557481e+003,6.924301e-001
9.561338e+003,6.947325e-001
9.565195e+003,6.936833e-001
9.569052e+003,6.957796e-001
9.572909e+003,6.937179e-001
9.576766e+003,6.941121e-001
9.580623e+003,6.931614e-001
9.584479e+003,6.936015e-001
9.588337e+003,6.957898e-001
9.592193e+003,6.975114e-001
9.596051e+003,6.959887e-001
9.599907e+003,6.947919e-001
9.603765e+003,6.947336e-001
9.607621e+003,6.976476e-001
9.611479e+003,7.001108e-001
9.615335e+003,6.969907e-001
9.619192e+003,6.959851e-001
9.623049e+003,6.978050e-001
9.626906e+003,7.003798e-001
9.630763e+003,6.994476e-001
9.634620e+003,7.002441e-001
9.638477e+003,6.979063e-001
9.642334e+003,6.961797e-001
9.646190e+003,6.987376e-001
9.650048e+003,6.996000e-001
9.653904e+003,7.013708e-001
9.657762e+003,7.015941e-001
9.661618e+003,7.002294e-001
9.665476e+003,6.982203e-001
9.669332e+003,7.002948e-001
9.673189e+003,7.004651e-001
9.677046e+003,6.985003e-001
9.680903e+003,7.021896e-001
9.684760e+003,7.058327e-001
9.688617e+003,7.056618e-001
9.692474e+003,7.058033e-001
9.696331e+003,7.058303e-001
9.700188e+003,7.090596e-001
9.704045e+003,7.107383e-001
9.707901e+003,7.094556e-001
9.711759e+003,7.106251e-001
9.715615e+003,7.117912e-001
9.719473e+003,7.096139e-001
9.723329e+003,7.087091e-001
9.727187e+003,7.099320e-001
9.731043e+003,7.140562e-001
9.734900e+003,7.118043e-001
9.738757e+003,7.119770e-001
9.742614e+003,7.146063e-001
9.746471e+003,7.198199e-001
9.750328e+003,7.199335e-001
9.754185e+003,7.194571e-001
9.758042e+003,7.207232e-001
9.761898e+003,7.200674e-001
9.765756e+003,7.141491e-001
9.769612e+003,7.122643e-001
9.773470e+003,7.144383e-001
9.777326e+003,7.163020e-001
9.781184e+003,7.195526e-001
9.785040e+003,7.213071e-001
9.788897e+003,7.223110e-001
9.792754e+003,7.218879e-001
9.796611e+003,7.247127e-001
9.800468e+003,7.275206e-001
9.804325e+003,7.261650e-001
9.808182e+003,7.244713e-001
9.812039e+003,7.243911e-001
9.815896e+003,7.263523e-001
9.819753e+003,7.244893e-001
9.823609e+003,7.215490e-001
9.827467e+003,7.200919e-001
9.831323e+003,7.268285e-001
9.835181e+003,7.283311e-001
9.839037e+003,7.270324e-001
9.842895e+003,7.245231e-001
9.846751e+003,7.190589e-001
9.850608e+003,7.173795e-001
9.854465e+003,7.197262e-001
9.858322e+003,7.250929e-001
9.862179e+003,7.216151e-001
9.866036e+003,7.204204e-001
9.869893e+003,7.211658e-001
9.873750e+003,7.204393e-001
9.877606e+003,7.179568e-001
9.881464e+003,7.183303e-001
9.885320e+003,7.152606e-001
9.889178e+003,7.180162e-001
9.893034e+003,7.195964e-001
9.896892e+003,7.181285e-001
9.900748e+003,7.202392e-001
9.904605e+003,7.188455e-001
9.908462e+003,7.149335e-001
9.912319e+003,7.151037e-001
9.916176e+003,7.188524e-001
9.920033e+003,7.131282e-001
9.923890e+003,7.062841e-001
9.927747e+003,7.117000e-001
9.931604e+003,7.194611e-001
9.935461e+003,7.207349e-001
9.939317e+003,7.149654e-001
9.943175e+003,7.155878e-001
9.947031e+003,7.178289e-001
9.950889e+003,7.188410e-001
9.954745e+003,7.190233e-001
9.958603e+003,7.187144e-001
9.962459e+003,7.193484e-001
9.966316e+003,7.181797e-001
9.970173e+003,7.151235e-001
9.974030e+003,7.098551e-001
9.977887e+003,7.133414e-001
9.981744e+003,7.148926e-001
9.985601e+003,7.098478e-001
9.989458e+003,7.091283e-001
9.993314e+003,7.136661e-001
9.997172e+003,7.120208e-001
1.000103e+004,7.080253e-001
