3.999640e+003,8.236342e-001
4.003497e+003,7.428593e-001
4.007354e+003,5.924045e-001
4.011211e+003,5.617465e-001
4.015068e+003,6.553470e-001
4.018925e+003,7.310469e-001
4.022781e+003,6.316922e-001
4.026638e+003,5.803631e-001
4.030495e+003,6.123841e-001
4.034352e+003,5.168332e-001
4.038209e+003,5.078360e-001
4.042066e+003,6.184037e-001
4.045923e+003,6.687171e-001
4.049780e+003,7.656227e-001
4.053637e+003,6.934472e-001
4.057494e+003,4.612576e-001
4.061351e+003,4.776763e-001
4.065208e+003,5.407626e-001
4.069065e+003,5.195003e-001
4.072922e+003,4.827080e-001
4.076779e+003,4.413172e-001
4.080635e+003,4.876970e-001
4.084492e+003,5.868330e-001
4.088349e+003,7.274332e-001
4.092206e+003,8.498760e-001
4.096063e+003,9.779929e-001
4.099920e+003,7.767294e-001
4.103777e+003,8.180439e-001
4.107634e+003,8.215019e-001
4.111491e+003,7.645233e-001
4.115348e+003,8.485447e-001
4.119205e+003,1.090796e+000
4.123062e+003,1.040787e+000
4.126919e+003,9.312739e-001
4.130775e+003,9.288539e-001
4.134633e+003,1.032833e+000
4.138489e+003,1.060726e+000
4.142347e+003,9.624024e-001
4.146203e+003,9.210424e-001
4.150061e+003,9.800483e-001
4.153917e+003,1.011456e+000
4.157774e+003,1.025374e+000
4.161631e+003,1.051836e+000
4.165488e+003,1.058833e+000
4.169345e+003,9.885971e-001
4.173202e+003,1.021452e+000
4.177059e+003,1.120703e+000
4.180916e+003,1.127938e+000
4.184772e+003,1.064350e+000
4.188630e+003,1.061425e+000
4.192486e+003,1.075643e+000
4.196344e+003,1.069259e+000
4.200200e+003,1.034717e+000
4.204058e+003,1.013322e+000
4.207914e+003,1.028696e+000
4.211771e+003,1.021983e+000
4.215628e+003,1.032650e+000
4.219485e+003,1.035855e+000
4.223342e+003,1.049118e+000
4.227199e+003,1.039237e+000
4.231056e+003,1.018375e+000
4.234913e+003,1.054067e+000
4.238770e+003,1.061159e+000
4.242627e+003,1.032394e+000
4.246483e+003,1.016584e+000
4.250341e+003,1.009661e+000
4.254197e+003,1.006523e+000
4.258055e+003,1.016369e+000
4.261911e+003,1.044727e+000
4.265769e+003,1.041730e+000
4.269625e+003,1.019344e+000
4.273482e+003,1.023760e+000
4.277339e+003,9.853989e-001
4.281196e+003,9.726237e-001
4.285053e+003,9.941918e-001
4.288910e+003,1.013404e+000
4.292767e+003,1.028485e+000
4.296624e+003,1.021621e+000
4.300480e+003,1.024371e+000
4.304338e+003,1.045541e+000
4.308194e+003,1.048844e+000
4.312052e+003,1.035033e+000
4.315908e+003,1.030133e+000
4.319766e+003,1.041594e+000
4.323622e+003,1.047389e+000
4.327479e+003,1.043033e+000
4.331336e+003,1.036068e+000
4.335193e+003,1.038890e+000
4.339050e+003,1.037190e+000
4.342907e+003,1.041517e+000
4.346764e+003,1.059357e+000
4.350621e+003,1.054110e+000
4.354478e+003,1.040046e+000
4.358335e+003,1.022553e+000
4.362191e+003,1.022823e+000
4.366049e+003,1.022615e+000
4.369905e+003,1.012923e+000
4.373763e+003,1.011014e+000
4.377619e+003,1.004995e+000
4.381477e+003,9.852704e-001
4.385333e+003,9.638927e-001
4.389190e+003,9.635450e-001
4.393047e+003,9.823705e-001
4.396904e+003,1.005522e+000
4.400761e+003,1.033267e+000
4.404618e+003,1.042629e+000
4.408475e+003,1.038954e+000
4.412332e+003,1.047082e+000
4.416188e+003,1.064085e+000
4.420046e+003,1.082605e+000
4.423902e+003,1.075138e+000
4.427760e+003,1.067296e+000
4.431616e+003,1.063601e+000
4.435474e+003,1.073634e+000
4.439330e+003,1.076044e+000
4.443188e+003,1.087212e+000
4.447044e+003,1.093184e+000
4.450901e+003,1.095440e+000
4.454758e+003,1.088173e+000
4.458615e+003,1.093009e+000
4.462472e+003,1.101093e+000
4.466329e+003,1.098300e+000
4.470186e+003,1.093611e+000
4.474043e+003,1.098611e+000
4.477899e+003,1.103795e+000
4.481757e+003,1.101695e+000
4.485613e+003,1.098363e+000
4.489471e+003,1.102576e+000
4.493327e+003,1.094854e+000
4.497185e+003,1.093601e+000
4.501041e+003,1.087618e+000
4.504898e+003,1.083269e+000
4.508755e+003,1.075110e+000
4.512612e+003,1.077968e+000
4.516469e+003,1.079821e+000
4.520326e+003,1.079144e+000
4.524183e+003,1.079568e+000
4.528040e+003,1.066365e+000
4.531896e+003,1.061859e+000
4.535754e+003,1.059576e+000
4.539610e+003,1.058371e+000
4.543468e+003,1.050151e+000
4.547324e+003,1.040559e+000
4.551182e+003,1.040808e+000
4.555038e+003,1.041080e+000
4.558896e+003,1.034622e+000
4.562752e+003,1.027225e+000
4.566609e+003,1.014748e+000
4.570466e+003,1.012002e+000
4.574323e+003,1.006362e+000
4.578180e+003,9.945428e-001
4.582037e+003,9.875402e-001
4.585894e+003,9.790972e-001
4.589751e+003,9.646054e-001
4.593607e+003,9.549137e-001
4.597465e+003,9.419592e-001
4.601321e+003,9.252060e-001
4.605179e+003,9.154757e-001
4.609035e+003,9.035174e-001
4.612893e+003,8.934913e-001
4.616749e+003,8.860402e-001
4.620606e+003,8.811269e-001
4.624463e+003,8.764319e-001
4.628320e+003,8.679146e-001
4.632177e+003,8.589516e-001
4.636034e+003,8.533844e-001
4.639891e+003,8.509963e-001
4.643748e+003,8.482948e-001
4.647604e+003,8.433682e-001
4.651462e+003,8.348672e-001
4.655318e+003,8.216200e-001
4.659176e+003,8.063787e-001
4.663032e+003,7.886600e-001
4.666890e+003,7.742670e-001
4.670746e+003,7.625450e-001
4.674604e+003,7.510408e-001
4.678460e+003,7.391521e-001
4.682317e+003,7.304205e-001
4.686174e+003,7.219765e-001
4.690031e+003,7.143543e-001
4.693888e+003,7.069405e-001
4.697745e+003,7.002585e-001
4.701602e+003,6.960217e-001
4.705459e+003,6.888633e-001
4.709315e+003,6.815389e-001
4.713173e+003,6.768721e-001
4.717029e+003,6.711001e-001
4.720887e+003,6.652784e-001
4.724743e+003,6.605873e-001
4.728601e+003,6.572503e-001
4.732457e+003,6.527303e-001
4.736314e+003,6.492290e-001
4.740171e+003,6.461670e-001
4.744028e+003,6.469498e-001
4.747885e+003,6.492358e-001
4.751742e+003,6.485689e-001
4.755599e+003,6.485115e-001
4.759456e+003,6.470596e-001
4.763313e+003,6.456276e-001
4.767170e+003,6.477647e-001
4.771026e+003,6.481852e-001
4.774884e+003,6.471795e-001
4.778740e+003,6.500048e-001
4.782598e+003,6.513311e-001
4.786454e+003,6.512918e-001
4.790312e+003,6.517918e-001
4.794168e+003,6.528088e-001
4.798025e+003,6.541757e-001
4.801882e+003,6.569528e-001
4.805739e+003,6.616470e-001
4.809596e+003,6.644022e-001
4.813453e+003,6.671641e-001
4.817310e+003,6.693106e-001
4.821167e+003,6.714614e-001
4.825023e+003,6.766472e-001
4.828881e+003,6.836172e-001
4.832737e+003,6.900589e-001
4.836595e+003,6.946543e-001
4.840451e+003,7.021717e-001
4.844309e+003,7.080709e-001
4.848165e+003,7.112114e-001
4.852022e+003,7.152112e-001
4.855879e+003,7.208262e-001
4.859736e+003,7.265123e-001
4.863593e+003,7.334781e-001
4.867450e+003,7.421657e-001
4.871307e+003,7.494777e-001
4.875164e+003,7.568051e-001
4.879021e+003,7.660045e-001
4.882878e+003,7.781314e-001
4.886734e+003,7.917618e-001
4.890592e+003,8.042037e-001
4.894448e+003,8.161218e-001
4.898306e+003,8.250286e-001
4.902162e+003,8.311879e-001
4.906020e+003,8.331260e-001
4.909876e+003,8.290846e-001
4.913733e+003,8.262075e-001
4.917590e+003,8.276436e-001
4.921447e+003,8.263140e-001
4.925304e+003,8.274118e-001
4.929161e+003,8.306484e-001
4.933018e+003,8.356057e-001
4.936875e+003,8.422765e-001
4.940731e+003,8.542997e-001
4.944589e+003,8.668487e-001
4.948445e+003,8.743836e-001
4.952303e+003,8.786306e-001
4.956159e+003,8.800581e-001
4.960017e+003,8.777816e-001
4.963873e+003,8.723100e-001
4.967730e+003,8.665345e-001
4.971587e+003,8.635617e-001
4.975444e+003,8.606213e-001
4.979301e+003,8.584068e-001
4.983158e+003,8.595531e-001
4.987015e+003,8.619764e-001
4.990872e+003,8.665209e-001
4.994729e+003,8.741198e-001
4.998586e+003,8.807113e-001
5.002442e+003,8.843594e-001
5.006300e+003,8.895177e-001
5.010156e+003,8.946893e-001
5.014014e+003,8.977664e-001
5.017870e+003,8.998132e-001
5.021728e+003,9.024248e-001
5.025584e+003,9.031391e-001
5.029441e+003,9.033263e-001
5.033298e+003,9.029081e-001
5.037155e+003,9.033468e-001
5.041012e+003,9.052262e-001
5.044869e+003,9.051642e-001
5.048726e+003,9.056533e-001
5.052583e+003,9.058880e-001
5.056439e+003,9.031588e-001
5.060297e+003,9.025978e-001
5.064153e+003,9.046916e-001
5.068011e+003,9.077774e-001
5.071867e+003,9.098607e-001
5.075725e+003,9.102030e-001
5.079581e+003,9.095008e-001
5.083438e+003,9.088631e-001
5.087295e+003,9.024768e-001
5.091152e+003,8.933539e-001
5.095009e+003,8.832554e-001
5.098866e+003,8.715377e-001
5.102723e+003,8.616781e-001
5.106580e+003,8.521077e-001
5.110437e+003,8.433561e-001
5.114294e+003,8.372028e-001
5.118150e+003,8.325936e-001
5.122008e+003,8.295664e-001
5.125864e+003,8.290414e-001
5.129722e+003,8.274267e-001
5.133578e+003,8.253134e-001
5.137436e+003,8.258373e-001
5.141292e+003,8.285534e-001
5.145149e+003,8.299847e-001
5.149006e+003,8.291870e-001
5.152863e+003,8.292397e-001
5.156720e+003,8.288223e-001
5.160577e+003,8.278661e-001
5.164434e+003,8.270220e-001
5.168291e+003,8.270949e-001
5.172147e+003,8.250169e-001
5.176005e+003,8.220237e-001
5.179861e+003,8.207519e-001
5.183719e+003,8.181073e-001
5.187575e+003,8.150665e-001
5.191433e+003,8.140160e-001
5.195289e+003,8.134519e-001
5.199146e+003,8.121056e-001
5.203003e+003,8.124809e-001
5.206860e+003,8.112022e-001
5.210717e+003,8.093714e-001
5.214574e+003,8.086801e-001
5.218431e+003,8.066739e-001
5.222288e+003,8.043270e-001
5.226145e+003,8.053521e-001
5.230002e+003,8.054431e-001
5.233858e+003,8.025057e-001
5.237716e+003,7.999987e-001
5.241572e+003,7.988355e-001
5.245430e+003,7.972076e-001
5.249286e+003,7.960734e-001
5.253144e+003,7.953610e-001
5.257000e+003,7.933524e-001
5.260857e+003,7.926771e-001
5.264714e+003,7.904257e-001
5.268571e+003,7.871531e-001
5.272428e+003,7.829329e-001
5.276285e+003,7.806783e-001
5.280142e+003,7.786011e-001
5.283999e+003,7.751020e-001
5.287855e+003,7.713885e-001
5.291713e+003,7.666688e-001
5.295569e+003,7.638191e-001
5.299427e+003,7.614504e-001
5.303283e+003,7.594365e-001
5.307141e+003,7.580718e-001
5.310997e+003,7.572833e-001
5.314854e+003,7.566872e-001
5.318711e+003,7.561786e-001
5.322568e+003,7.569248e-001
5.326425e+003,7.577674e-001
5.330282e+003,7.583843e-001
5.334139e+003,7.609895e-001
5.337996e+003,7.640619e-001
5.341853e+003,7.677287e-001
5.345710e+003,7.734334e-001
5.349566e+003,7.800750e-001
5.353424e+003,7.871880e-001
5.357280e+003,7.984982e-001
5.361138e+003,8.129620e-001
5.364994e+003,8.305574e-001
5.368852e+003,8.546731e-001
5.372708e+003,8.830483e-001
5.376565e+003,9.154666e-001
5.380422e+003,9.517028e-001
5.384279e+003,9.915901e-001
5.388136e+003,1.031305e+000
5.391993e+003,1.061739e+000
5.395850e+003,1.082332e+000
5.399707e+003,1.089865e+000
5.403563e+003,1.081694e+000
5.407421e+003,1.060254e+000
5.411277e+003,1.030172e+000
5.415135e+003,1.002566e+000
5.418991e+003,9.859063e-001
5.422849e+003,9.809431e-001
5.426705e+003,9.842774e-001
5.430563e+003,1.000173e+000
5.434419e+003,1.025356e+000
5.438276e+003,1.046183e+000
5.442133e+003,1.057758e+000
5.445990e+003,1.060138e+000
5.449847e+003,1.043396e+000
5.453704e+003,1.011030e+000
5.457561e+003,9.719615e-001
5.461418e+003,9.331474e-001
5.465274e+003,8.980157e-001
5.469132e+003,8.695316e-001
5.472988e+003,8.470390e-001
5.476846e+003,8.289868e-001
5.480702e+003,8.164972e-001
5.484560e+003,8.062690e-001
5.488416e+003,7.964264e-001
5.492273e+003,7.906415e-001
5.496130e+003,7.862555e-001
5.499987e+003,7.830013e-001
5.503844e+003,7.818317e-001
5.507701e+003,7.820267e-001
5.511558e+003,7.824843e-001
5.515415e+003,7.847208e-001
5.519271e+003,7.887879e-001
5.523129e+003,7.930536e-001
5.526985e+003,7.971474e-001
5.530843e+003,8.039716e-001
5.534699e+003,8.134654e-001
5.538557e+003,8.224024e-001
5.542413e+003,8.337904e-001
5.546271e+003,8.460608e-001
5.550127e+003,8.585205e-001
5.553984e+003,8.716681e-001
5.557841e+003,8.874390e-001
5.561698e+003,9.044785e-001
5.565555e+003,9.215788e-001
5.569412e+003,9.447053e-001
5.573269e+003,9.671026e-001
5.577126e+003,9.916512e-001
5.580982e+003,1.021216e+000
5.584840e+003,1.048166e+000
5.588696e+003,1.072784e+000
5.592554e+003,1.094293e+000
5.596410e+003,1.108391e+000
5.600268e+003,1.115947e+000
5.604124e+003,1.119034e+000
5.607981e+003,1.116197e+000
5.611838e+003,1.108264e+000
5.615695e+003,1.098065e+000
5.619552e+003,1.086073e+000
5.623409e+003,1.071758e+000
5.627266e+003,1.060266e+000
5.631123e+003,1.049836e+000
5.634979e+003,1.043340e+000
5.638837e+003,1.039823e+000
5.642693e+003,1.038173e+000
5.646551e+003,1.040571e+000
5.650407e+003,1.042736e+000
5.654265e+003,1.046667e+000
5.658121e+003,1.052150e+000
5.661979e+003,1.062054e+000
5.665835e+003,1.074176e+000
5.669692e+003,1.085389e+000
5.673549e+003,1.097319e+000
5.677406e+003,1.112563e+000
5.681263e+003,1.125308e+000
5.685120e+003,1.132046e+000
5.688977e+003,1.139730e+000
5.692834e+003,1.147974e+000
5.696690e+003,1.152237e+000
5.700548e+003,1.153623e+000
5.704404e+003,1.156520e+000
5.708262e+003,1.158797e+000
5.712118e+003,1.158387e+000
5.715976e+003,1.158982e+000
5.719832e+003,1.159476e+000
5.723689e+003,1.156309e+000
5.727546e+003,1.153813e+000
5.731403e+003,1.156302e+000
5.735260e+003,1.153987e+000
5.739117e+003,1.153202e+000
5.742974e+003,1.154541e+000
5.746831e+003,1.155160e+000
5.750688e+003,1.156661e+000
5.754545e+003,1.154898e+000
5.758401e+003,1.151569e+000
5.762259e+003,1.153291e+000
5.766115e+003,1.156259e+000
5.769973e+003,1.156043e+000
5.773829e+003,1.153388e+000
5.777687e+003,1.147804e+000
5.781543e+003,1.137657e+000
5.785400e+003,1.127038e+000
5.789257e+003,1.115429e+000
5.793114e+003,1.101148e+000
5.796971e+003,1.087610e+000
5.800828e+003,1.072043e+000
5.804685e+003,1.057509e+000
5.808542e+003,1.042751e+000
5.812398e+003,1.032141e+000
5.816256e+003,1.028105e+000
5.820112e+003,1.027996e+000
5.823970e+003,1.028636e+000
5.827826e+003,1.031197e+000
5.831684e+003,1.041301e+000
5.835540e+003,1.058389e+000
5.839397e+003,1.075853e+000
5.843254e+003,1.092352e+000
5.847111e+003,1.112623e+000
5.850968e+003,1.134082e+000
5.854825e+003,1.147586e+000
5.858682e+003,1.153531e+000
5.862539e+003,1.157458e+000
5.866396e+003,1.161861e+000
5.870253e+003,1.164442e+000
5.874109e+003,1.160734e+000
5.877967e+003,1.160751e+000
5.881823e+003,1.157815e+000
5.885681e+003,1.153910e+000
5.889537e+003,1.153521e+000
5.893395e+003,1.153001e+000
5.897251e+003,1.154055e+000
5.901108e+003,1.155256e+000
5.904965e+003,1.158270e+000
5.908822e+003,1.159614e+000
5.912679e+003,1.162862e+000
5.916536e+003,1.164384e+000
5.920393e+003,1.161439e+000
5.924250e+003,1.156879e+000
5.928106e+003,1.156093e+000
5.931964e+003,1.149463e+000
5.935820e+003,1.130810e+000
5.939678e+003,1.102671e+000
5.943534e+003,1.071041e+000
5.947392e+003,1.035234e+000
5.951248e+003,9.993093e-001
5.955105e+003,9.691879e-001
5.958962e+003,9.428723e-001
5.962819e+003,9.169269e-001
5.966676e+003,8.934089e-001
5.970533e+003,8.758373e-001
5.974390e+003,8.610060e-001
5.978247e+003,8.478180e-001
5.982104e+003,8.385642e-001
5.985961e+003,8.313400e-001
5.989817e+003,8.237250e-001
5.993675e+003,8.195100e-001
5.997531e+003,8.158036e-001
6.001389e+003,8.134159e-001
6.005245e+003,8.127948e-001
6.009103e+003,8.125928e-001
6.012959e+003,8.120322e-001
6.016816e+003,8.119215e-001
6.020673e+003,8.098912e-001
6.024530e+003,8.086020e-001
6.028387e+003,8.085620e-001
6.032244e+003,8.078185e-001
6.036101e+003,8.059490e-001
6.039958e+003,8.045027e-001
6.043814e+003,8.034934e-001
6.047672e+003,8.037928e-001
6.051528e+003,8.039985e-001
6.055386e+003,8.043490e-001
6.059242e+003,8.033916e-001
6.063100e+003,7.990237e-001
6.066956e+003,7.927722e-001
6.070813e+003,7.846661e-001
6.074670e+003,7.757241e-001
6.078527e+003,7.653504e-001
6.082384e+003,7.551856e-001
6.086241e+003,7.440289e-001
6.090098e+003,7.343286e-001
6.093955e+003,7.267415e-001
6.097812e+003,7.188768e-001
6.101669e+003,7.105293e-001
6.105525e+003,7.036598e-001
6.109383e+003,6.978022e-001
6.113239e+003,6.908600e-001
6.117097e+003,6.839380e-001
6.120953e+003,6.788667e-001
6.124811e+003,6.751627e-001
6.128667e+003,6.723655e-001
6.132524e+003,6.673993e-001
6.136381e+003,6.614542e-001
6.140238e+003,6.568004e-001
6.144095e+003,6.525791e-001
6.147952e+003,6.480826e-001
6.151809e+003,6.449606e-001
6.155666e+003,6.430258e-001
6.159522e+003,6.414564e-001
6.163380e+003,6.384030e-001
6.167236e+003,6.360089e-001
6.171094e+003,6.333311e-001
6.174950e+003,6.310624e-001
6.178808e+003,6.289163e-001
6.182664e+003,6.271956e-001
6.186521e+003,6.251736e-001
6.190378e+003,6.223408e-001
6.194235e+003,6.201488e-001
6.198092e+003,6.193171e-001
6.201949e+003,6.185398e-001
6.205806e+003,6.159014e-001
6.209663e+003,6.143321e-001
6.213520e+003,6.141282e-001
6.217377e+003,6.126273e-001
6.221233e+003,6.113367e-001
6.225091e+003,6.108370e-001
6.228947e+003,6.097773e-001
6.232805e+003,6.077799e-001
6.236661e+003,6.056129e-001
6.240519e+003,6.044830e-001
6.244375e+003,6.042801e-001
6.248232e+003,6.029553e-001
6.252089e+003,6.019974e-001
6.255946e+003,6.029850e-001
6.259803e+003,6.036999e-001
6.263660e+003,6.039019e-001
6.267517e+003,6.046500e-001
6.271374e+003,6.052443e-001
6.275230e+003,6.050851e-001
6.279088e+003,6.050919e-001
6.282944e+003,6.043671e-001
6.286802e+003,6.062177e-001
6.290658e+003,6.073828e-001
6.294516e+003,6.076356e-001
6.298372e+003,6.078552e-001
6.302229e+003,6.074930e-001
6.306086e+003,6.083431e-001
6.309943e+003,6.102368e-001
6.313800e+003,6.116472e-001
6.317657e+003,6.123685e-001
6.321514e+003,6.141343e-001
6.325371e+003,6.145383e-001
6.329228e+003,6.146675e-001
6.333085e+003,6.162870e-001
6.336941e+003,6.164780e-001
6.340799e+003,6.185870e-001
6.344655e+003,6.230376e-001
6.348513e+003,6.260257e-001
6.352369e+003,6.279038e-001
6.356227e+003,6.316190e-001
6.360083e+003,6.361985e-001
6.363940e+003,6.413358e-001
6.367797e+003,6.477328e-001
6.371654e+003,6.525075e-001
6.375511e+003,6.577721e-001
6.379368e+003,6.644757e-001
6.383225e+003,6.703368e-001
6.387082e+003,6.754522e-001
6.390938e+003,6.800432e-001
6.394796e+003,6.825833e-001
6.398652e+003,6.880754e-001
6.402510e+003,6.946242e-001
6.406366e+003,7.001183e-001
6.410224e+003,7.025566e-001
6.414080e+003,7.068269e-001
6.417938e+003,7.116389e-001
6.421794e+003,7.131709e-001
6.425651e+003,7.166327e-001
6.429508e+003,7.196766e-001
6.433365e+003,7.215034e-001
6.437222e+003,7.250004e-001
6.441079e+003,7.275779e-001
6.444936e+003,7.292122e-001
6.448793e+003,7.303728e-001
6.452649e+003,7.312274e-001
6.456507e+003,7.319888e-001
6.460363e+003,7.332795e-001
6.464221e+003,7.343870e-001
6.468077e+003,7.353263e-001
6.471935e+003,7.349186e-001
6.475791e+003,7.358961e-001
6.479648e+003,7.362221e-001
6.483505e+003,7.362971e-001
6.487362e+003,7.347705e-001
6.491219e+003,7.354743e-001
6.495076e+003,7.361449e-001
6.498933e+003,7.348204e-001
6.502790e+003,7.349527e-001
6.506646e+003,7.358039e-001
6.510504e+003,7.366892e-001
6.514360e+003,7.377213e-001
6.518218e+003,7.372590e-001
6.522074e+003,7.366476e-001
6.525932e+003,7.367091e-001
6.529788e+003,7.372832e-001
6.533646e+003,7.386989e-001
6.537502e+003,7.412451e-001
6.541359e+003,7.416964e-001
6.545216e+003,7.406819e-001
6.549073e+003,7.413283e-001
6.552930e+003,7.431078e-001
6.556787e+003,7.431197e-001
6.560644e+003,7.431126e-001
6.564501e+003,7.454888e-001
6.568357e+003,7.462627e-001
6.572215e+003,7.452921e-001
6.576071e+003,7.455453e-001
6.579929e+003,7.461418e-001
6.583785e+003,7.461686e-001
6.587643e+003,7.460535e-001
6.591499e+003,7.464407e-001
6.595356e+003,7.455817e-001
6.599213e+003,7.451887e-001
6.603070e+003,7.437040e-001
6.606927e+003,7.423490e-001
6.610784e+003,7.389650e-001
6.614641e+003,7.351703e-001
6.618498e+003,7.322764e-001
6.622354e+003,7.269756e-001
6.626212e+003,7.216063e-001
6.630068e+003,7.182550e-001
6.633926e+003,7.155465e-001
6.637782e+003,7.139781e-001
6.641640e+003,7.151917e-001
6.645496e+003,7.136272e-001
6.649354e+003,7.125133e-001
6.653210e+003,7.108151e-001
6.657067e+003,7.080349e-001
6.660924e+003,7.055417e-001
6.664781e+003,7.029688e-001
6.668638e+003,6.981931e-001
6.672495e+003,6.948450e-001
6.676352e+003,6.945444e-001
6.680209e+003,6.934450e-001
6.684065e+003,6.918002e-001
6.687923e+003,6.919706e-001
6.691779e+003,6.937977e-001
6.695637e+003,6.939649e-001
6.699493e+003,6.930297e-001
6.703351e+003,6.954749e-001
6.707207e+003,6.987528e-001
6.711064e+003,7.002773e-001
6.714921e+003,7.009131e-001
6.718778e+003,7.018420e-001
6.722635e+003,7.029055e-001
6.726492e+003,7.042494e-001
6.730349e+003,7.032710e-001
6.734206e+003,7.024867e-001
6.738063e+003,7.024148e-001
6.741920e+003,7.030928e-001
6.745776e+003,7.037900e-001
6.749634e+003,7.029468e-001
6.753490e+003,7.023178e-001
6.757348e+003,7.038121e-001
6.761204e+003,7.057995e-001
6.765062e+003,7.061940e-001
6.768918e+003,7.070459e-001
6.772775e+003,7.082450e-001
6.776632e+003,7.083662e-001
6.780489e+003,7.105677e-001
6.784346e+003,7.123958e-001
6.788203e+003,7.124001e-001
6.792060e+003,7.118834e-001
6.795917e+003,7.125696e-001
6.799773e+003,7.138917e-001
6.803631e+003,7.154843e-001
6.807487e+003,7.172666e-001
6.811345e+003,7.200731e-001
6.815201e+003,7.224084e-001
6.819059e+003,7.244847e-001
6.822915e+003,7.258334e-001
6.826772e+003,7.274624e-001
6.830629e+003,7.306719e-001
6.834486e+003,7.307532e-001
6.838343e+003,7.304597e-001
6.842200e+003,7.318303e-001
6.846057e+003,7.304220e-001
6.849914e+003,7.301333e-001
6.853771e+003,7.295848e-001
6.857628e+003,7.275371e-001
6.861484e+003,7.276723e-001
6.865342e+003,7.288027e-001
6.869198e+003,7.272934e-001
6.873056e+003,7.279460e-001
6.876912e+003,7.292880e-001
6.880770e+003,7.300655e-001
6.884626e+003,7.328950e-001
6.888483e+003,7.326164e-001
6.892340e+003,7.328397e-001
6.896197e+003,7.354657e-001
6.900054e+003,7.372801e-001
6.903911e+003,7.391789e-001
6.907768e+003,7.419928e-001
6.911625e+003,7.464476e-001
6.915481e+003,7.518588e-001
6.919339e+003,7.570219e-001
6.923195e+003,7.616574e-001
6.927053e+003,7.659784e-001
6.930909e+003,7.695053e-001
6.934767e+003,7.731275e-001
6.938623e+003,7.755776e-001
6.942480e+003,7.785490e-001
6.946337e+003,7.822330e-001
6.950194e+003,7.853113e-001
6.954051e+003,7.897097e-001
6.957908e+003,7.946979e-001
6.961765e+003,7.986646e-001
6.965622e+003,7.997117e-001
6.969479e+003,8.011127e-001
6.973336e+003,8.025791e-001
6.977192e+003,8.054276e-001
6.981050e+003,8.101804e-001
6.984906e+003,8.133426e-001
6.988764e+003,8.182383e-001
6.992620e+003,8.240640e-001
6.996478e+003,8.274796e-001
7.000334e+003,8.302562e-001
7.004191e+003,8.327966e-001
7.008048e+003,8.359636e-001
7.011905e+003,8.390515e-001
7.015762e+003,8.430302e-001
7.019619e+003,8.450379e-001
7.023476e+003,8.469009e-001
7.027333e+003,8.482838e-001
7.031189e+003,8.494784e-001
7.035047e+003,8.508825e-001
7.038903e+003,8.537111e-001
7.042761e+003,8.587040e-001
7.046617e+003,8.647259e-001
7.050475e+003,8.722441e-001
7.054331e+003,8.827607e-001
7.058188e+003,8.911160e-001
7.062045e+003,9.033893e-001
7.065902e+003,9.168376e-001
7.069759e+003,9.311017e-001
7.073616e+003,9.484323e-001
7.077473e+003,9.612795e-001
7.081330e+003,9.707961e-001
7.085187e+003,9.805667e-001
7.089044e+003,9.919814e-001
7.092900e+003,9.993227e-001
7.096758e+003,1.007629e+000
7.100614e+003,1.021231e+000
7.104472e+003,1.032776e+000
7.108328e+003,1.039951e+000
7.112186e+003,1.049220e+000
7.116042e+003,1.054182e+000
7.119899e+003,1.056425e+000
7.123756e+003,1.055757e+000
7.127613e+003,1.049423e+000
7.131470e+003,1.046639e+000
7.135327e+003,1.044513e+000
7.139184e+003,1.045701e+000
7.143041e+003,1.046247e+000
7.146897e+003,1.046096e+000
7.150755e+003,1.046133e+000
7.154611e+003,1.045841e+000
7.158469e+003,1.042169e+000
7.162325e+003,1.040586e+000
7.166183e+003,1.038481e+000
7.170039e+003,1.034536e+000
7.173896e+003,1.028512e+000
7.177753e+003,1.018357e+000
7.181610e+003,1.008397e+000
7.185467e+003,1.000012e+000
7.189324e+003,9.906508e-001
7.193181e+003,9.800735e-001
7.197038e+003,9.706081e-001
7.200895e+003,9.636909e-001
7.204752e+003,9.561234e-001
7.208608e+003,9.474917e-001
7.212466e+003,9.412292e-001
7.216322e+003,9.373577e-001
7.220180e+003,9.344946e-001
7.224036e+003,9.334309e-001
7.227894e+003,9.303452e-001
7.231750e+003,9.293136e-001
7.235607e+003,9.321891e-001
7.239464e+003,9.340574e-001
7.243321e+003,9.319974e-001
7.247178e+003,9.331402e-001
7.251035e+003,9.330980e-001
7.254892e+003,9.323447e-001
7.258749e+003,9.300908e-001
7.262605e+003,9.246072e-001
7.266463e+003,9.210668e-001
7.270319e+003,9.189046e-001
7.274177e+003,9.174509e-001
7.278033e+003,9.194226e-001
7.281891e+003,9.232181e-001
7.285747e+003,9.290593e-001
7.289604e+003,9.374268e-001
7.293461e+003,9.408152e-001
7.297318e+003,9.408609e-001
7.301175e+003,9.360197e-001
7.305032e+003,9.267008e-001
7.308889e+003,9.161174e-001
7.312746e+003,9.002220e-001
7.316603e+003,8.829906e-001
7.320460e+003,8.672249e-001
7.324316e+003,8.533652e-001
7.328174e+003,8.410659e-001
7.332030e+003,8.311310e-001
7.335888e+003,8.195675e-001
7.339744e+003,8.091269e-001
7.343602e+003,8.021548e-001
7.347458e+003,7.954314e-001
7.351315e+003,7.876070e-001
7.355172e+003,7.832157e-001
7.359029e+003,7.774197e-001
7.362886e+003,7.688568e-001
7.366743e+003,7.613636e-001
7.370600e+003,7.567176e-001
7.374457e+003,7.520912e-001
7.378313e+003,7.478964e-001
7.382171e+003,7.436981e-001
7.386027e+003,7.396460e-001
7.389885e+003,7.368995e-001
7.393741e+003,7.343849e-001
7.397599e+003,7.303493e-001
7.401455e+003,7.268940e-001
7.405313e+003,7.246221e-001
7.409169e+003,7.229266e-001
7.413026e+003,7.193856e-001
7.416883e+003,7.165064e-001
7.420740e+003,7.151855e-001
7.424597e+003,7.132980e-001
7.428454e+003,7.110224e-001
7.432311e+003,7.099564e-001
7.436168e+003,7.091976e-001
7.440024e+003,7.074946e-001
7.443882e+003,7.048851e-001
7.447738e+003,7.037756e-001
7.451596e+003,7.034297e-001
7.455452e+003,7.007848e-001
7.459310e+003,6.985761e-001
7.463166e+003,6.974614e-001
7.467023e+003,6.966338e-001
7.470880e+003,6.960095e-001
7.474737e+003,6.949874e-001
7.478594e+003,6.929033e-001
7.482451e+003,6.912234e-001
7.486308e+003,6.909605e-001
7.490165e+003,6.909242e-001
7.494021e+003,6.897244e-001
7.497879e+003,6.886296e-001
7.501735e+003,6.877950e-001
7.505593e+003,6.868999e-001
7.509449e+003,6.875591e-001
7.513307e+003,6.881847e-001
7.517163e+003,6.860989e-001
7.521021e+003,6.848783e-001
7.524877e+003,6.840243e-001
7.528734e+003,6.834944e-001
7.532591e+003,6.839117e-001
7.536448e+003,6.845247e-001
7.540305e+003,6.833379e-001
7.544162e+003,6.821405e-001
7.548019e+003,6.820204e-001
7.551876e+003,6.833385e-001
7.555732e+003,6.835833e-001
7.559590e+003,6.826786e-001
7.563446e+003,6.814129e-001
7.567304e+003,6.816322e-001
7.571160e+003,6.819723e-001
7.575018e+003,6.813285e-001
7.578874e+003,6.804329e-001
7.582731e+003,6.798880e-001
7.586588e+003,6.805442e-001
7.590445e+003,6.807393e-001
7.594302e+003,6.798883e-001
7.598159e+003,6.805025e-001
7.602016e+003,6.798645e-001
7.605873e+003,6.796597e-001
7.609729e+003,6.799551e-001
7.613587e+003,6.805891e-001
7.617443e+003,6.804643e-001
7.621301e+003,6.791410e-001
7.625157e+003,6.790524e-001
7.629015e+003,6.802392e-001
7.632871e+003,6.807954e-001
7.636729e+003,6.814555e-001
7.640585e+003,6.818734e-001
7.644442e+003,6.814972e-001
7.648299e+003,6.818160e-001
7.652156e+003,6.811637e-001
7.656013e+003,6.811001e-001
7.659870e+003,6.821519e-001
7.663727e+003,6.820840e-001
7.667584e+003,6.834009e-001
7.671440e+003,6.844269e-001
7.675298e+003,6.855305e-001
7.679154e+003,6.847092e-001
7.683012e+003,6.849722e-001
7.686868e+003,6.847301e-001
7.690726e+003,6.837607e-001
7.694582e+003,6.840857e-001
7.698439e+003,6.840360e-001
7.702296e+003,6.837260e-001
7.706153e+003,6.834798e-001
7.710010e+003,6.835402e-001
7.713867e+003,6.833858e-001
7.717724e+003,6.831489e-001
7.721581e+003,6.837648e-001
7.725438e+003,6.849087e-001
7.729295e+003,6.857239e-001
7.733151e+003,6.866114e-001
7.737009e+003,6.875763e-001
7.740865e+003,6.869435e-001
7.744723e+003,6.855649e-001
7.748579e+003,6.849257e-001
7.752437e+003,6.854109e-001
7.756293e+003,6.864788e-001
7.760150e+003,6.872218e-001
7.764007e+003,6.859313e-001
7.767864e+003,6.852775e-001
7.771721e+003,6.851407e-001
7.775578e+003,6.852119e-001
7.779435e+003,6.844818e-001
7.783292e+003,6.852487e-001
7.787148e+003,6.855429e-001
7.791006e+003,6.844326e-001
7.794862e+003,6.854868e-001
7.798720e+003,6.862367e-001
7.802576e+003,6.856455e-001
7.806434e+003,6.860901e-001
7.810290e+003,6.871073e-001
7.814147e+003,6.881324e-001
7.818004e+003,6.877094e-001
7.821861e+003,6.859741e-001
7.825718e+003,6.854457e-001
7.829575e+003,6.852872e-001
7.833432e+003,6.865106e-001
7.837289e+003,6.865626e-001
7.841146e+003,6.862886e-001
7.845003e+003,6.854432e-001
7.848859e+003,6.845292e-001
7.852717e+003,6.849841e-001
7.856573e+003,6.855333e-001
7.860431e+003,6.860885e-001
7.864287e+003,6.861808e-001
7.868145e+003,6.852579e-001
7.872001e+003,6.848436e-001
7.875858e+003,6.859286e-001
7.879715e+003,6.852506e-001
7.883572e+003,6.854298e-001
7.887429e+003,6.856146e-001
7.891286e+003,6.855304e-001
7.895143e+003,6.858260e-001
7.899000e+003,6.852947e-001
7.902856e+003,6.848885e-001
7.906714e+003,6.833203e-001
7.910570e+003,6.839330e-001
7.914428e+003,6.858628e-001
7.918284e+003,6.849120e-001
7.922142e+003,6.843164e-001
7.925998e+003,6.841145e-001
7.929855e+003,6.837904e-001
7.933712e+003,6.843526e-001
7.937569e+003,6.851302e-001
7.941426e+003,6.858345e-001
7.945283e+003,6.856211e-001
7.949140e+003,6.859431e-001
7.952997e+003,6.855185e-001
7.956854e+003,6.834384e-001
7.960711e+003,6.836917e-001
7.964567e+003,6.864837e-001
7.968425e+003,6.875044e-001
7.972281e+003,6.864155e-001
7.976139e+003,6.835737e-001
7.979995e+003,6.852382e-001
7.983853e+003,6.868598e-001
7.987709e+003,6.861629e-001
7.991566e+003,6.861794e-001
7.995423e+003,6.852909e-001
7.999280e+003,6.857721e-001
8.003137e+003,6.864235e-001
8.006994e+003,6.867658e-001
8.010851e+003,6.855896e-001
8.014708e+003,6.848190e-001
8.018564e+003,6.863259e-001
8.022422e+003,6.871585e-001
8.026278e+003,6.861176e-001
8.030136e+003,6.872045e-001
8.033992e+003,6.884180e-001
8.037850e+003,6.895037e-001
8.041706e+003,6.874659e-001
8.045563e+003,6.864234e-001
8.049420e+003,6.880549e-001
8.053277e+003,6.871076e-001
8.057134e+003,6.869118e-001
8.060991e+003,6.870524e-001
8.064848e+003,6.860415e-001
8.068705e+003,6.890188e-001
8.072562e+003,6.889786e-001
8.076419e+003,6.869021e-001
8.080275e+003,6.869810e-001
8.084133e+003,6.858177e-001
8.087989e+003,6.851498e-001
8.091847e+003,6.864325e-001
8.095703e+003,6.878446e-001
8.099561e+003,6.883247e-001
8.103417e+003,6.880524e-001
8.107274e+003,6.893159e-001
8.111131e+003,6.898807e-001
8.114988e+003,6.895097e-001
8.118845e+003,6.881769e-001
8.122702e+003,6.878573e-001
8.126559e+003,6.884885e-001
8.130416e+003,6.900558e-001
8.134272e+003,6.897579e-001
8.138130e+003,6.913822e-001
8.141986e+003,6.944416e-001
8.145844e+003,6.969733e-001
8.149700e+003,6.994390e-001
8.153558e+003,6.995364e-001
8.157414e+003,7.018611e-001
8.161271e+003,7.049586e-001
8.165128e+003,7.059630e-001
8.168985e+003,7.071234e-001
8.172842e+003,7.107254e-001
8.176699e+003,7.139344e-001
8.180556e+003,7.170520e-001
8.184413e+003,7.197891e-001
8.188270e+003,7.231990e-001
8.192127e+003,7.261904e-001
8.195983e+003,7.282382e-001
8.199841e+003,7.303358e-001
8.203697e+003,7.327005e-001
8.207555e+003,7.359558e-001
8.211411e+003,7.351398e-001
8.215269e+003,7.362671e-001
8.219125e+003,7.407742e-001
8.222982e+003,7.446840e-001
8.226839e+003,7.451537e-001
8.230696e+003,7.456093e-001
8.234553e+003,7.458789e-001
8.238410e+003,7.452710e-001
8.242267e+003,7.426992e-001
8.246124e+003,7.400810e-001
8.249980e+003,7.400036e-001
8.253838e+003,7.372099e-001
8.257694e+003,7.330456e-001
8.261552e+003,7.327069e-001
8.265408e+003,7.316729e-001
8.269266e+003,7.316007e-001
8.273122e+003,7.299790e-001
8.276979e+003,7.295547e-001
8.280836e+003,7.306677e-001
8.284693e+003,7.302147e-001
8.288550e+003,7.298028e-001
8.292407e+003,7.329049e-001
8.296264e+003,7.351748e-001
8.300121e+003,7.348396e-001
8.303978e+003,7.364560e-001
8.307835e+003,7.401261e-001
8.311691e+003,7.432315e-001
8.315549e+003,7.470993e-001
8.319405e+003,7.514406e-001
8.323263e+003,7.569796e-001
8.327119e+003,7.634331e-001
8.330977e+003,7.689977e-001
8.334833e+003,7.758907e-001
8.338690e+003,7.858462e-001
8.342547e+003,7.964433e-001
8.346404e+003,8.079903e-001
8.350261e+003,8.198365e-001
8.354118e+003,8.335592e-001
8.357975e+003,8.489377e-001
8.361832e+003,8.638105e-001
8.365688e+003,8.831384e-001
8.369546e+003,9.068028e-001
8.373402e+003,9.350459e-001
8.377260e+003,9.635056e-001
8.381116e+003,9.904049e-001
8.384974e+003,1.017121e+000
8.388830e+003,1.040235e+000
8.392688e+003,1.062474e+000
8.396544e+003,1.082321e+000
8.400401e+003,1.094892e+000
8.404258e+003,1.102837e+000
8.408115e+003,1.112172e+000
8.411972e+003,1.118977e+000
8.415829e+003,1.123106e+000
8.419686e+003,1.124383e+000
8.423543e+003,1.126024e+000
8.427399e+003,1.130898e+000
8.431257e+003,1.132461e+000
8.435113e+003,1.136807e+000
8.438971e+003,1.138637e+000
8.442827e+003,1.134324e+000
8.446685e+003,1.124832e+000
8.450541e+003,1.113569e+000
8.454398e+003,1.104258e+000
8.458255e+003,1.092381e+000
8.462112e+003,1.081709e+000
8.465969e+003,1.071567e+000
8.469826e+003,1.060950e+000
8.473683e+003,1.042450e+000
8.477540e+003,1.025454e+000
8.481396e+003,1.011778e+000
8.485254e+003,9.923389e-001
8.489110e+003,9.788305e-001
8.492968e+003,9.640547e-001
8.496824e+003,9.510075e-001
8.500682e+003,9.366103e-001
8.504538e+003,9.206034e-001
8.508396e+003,9.085186e-001
8.512252e+003,8.994472e-001
8.516109e+003,8.881065e-001
8.519966e+003,8.787432e-001
8.523823e+003,8.712921e-001
8.527680e+003,8.639128e-001
8.531537e+003,8.562805e-001
8.535394e+003,8.484909e-001
8.539251e+003,8.430876e-001
8.543107e+003,8.397272e-001
8.546965e+003,8.328162e-001
8.550821e+003,8.253866e-001
8.554679e+003,8.173928e-001
8.558535e+003,8.130795e-001
8.562393e+003,8.110350e-001
8.566249e+003,8.065572e-001
8.570106e+003,8.017011e-001
8.573963e+003,7.996925e-001
8.577820e+003,7.985356e-001
8.581677e+003,7.994743e-001
8.585534e+003,7.964888e-001
8.589391e+003,7.958282e-001
8.593248e+003,7.985884e-001
8.597104e+003,7.994298e-001
8.600962e+003,8.001909e-001
8.604818e+003,7.995424e-001
8.608676e+003,8.001285e-001
8.612532e+003,8.018551e-001
8.616390e+003,8.007556e-001
8.620246e+003,8.016316e-001
8.624104e+003,8.033739e-001
8.627960e+003,8.037083e-001
8.631817e+003,8.060083e-001
8.635674e+003,8.093018e-001
8.639531e+003,8.138204e-001
8.643388e+003,8.118806e-001
8.647245e+003,8.095831e-001
8.651102e+003,8.086106e-001
8.654959e+003,8.094155e-001
8.658815e+003,8.127472e-001
8.662673e+003,8.117635e-001
8.666529e+003,8.081877e-001
8.670387e+003,8.065515e-001
8.674243e+003,8.053451e-001
8.678101e+003,8.057141e-001
8.681957e+003,8.086184e-001
8.685814e+003,8.097843e-001
8.689671e+003,8.096826e-001
8.693528e+003,8.073218e-001
8.697385e+003,8.061594e-001
8.701242e+003,8.051811e-001
8.705099e+003,8.009874e-001
8.708956e+003,7.986993e-001
8.712813e+003,7.965823e-001
8.716670e+003,7.901040e-001
8.720526e+003,7.863965e-001
8.724384e+003,7.866310e-001
8.728240e+003,7.810989e-001
8.732098e+003,7.745066e-001
8.735954e+003,7.716510e-001
8.739812e+003,7.690752e-001
8.743668e+003,7.658112e-001
8.747525e+003,7.609204e-001
8.751382e+003,7.575276e-001
8.755239e+003,7.529406e-001
8.759096e+003,7.457811e-001
8.762953e+003,7.406924e-001
8.766810e+003,7.368822e-001
8.770667e+003,7.352475e-001
8.774523e+003,7.353331e-001
8.778381e+003,7.308902e-001
8.782237e+003,7.261216e-001
8.786095e+003,7.229366e-001
8.789951e+003,7.191073e-001
8.793809e+003,7.166864e-001
8.797665e+003,7.178882e-001
8.801522e+003,7.180933e-001
8.805379e+003,7.159308e-001
8.809236e+003,7.129760e-001
8.813093e+003,7.115387e-001
8.816950e+003,7.108734e-001
8.820807e+003,7.080721e-001
8.824664e+003,7.060540e-001
8.828521e+003,7.061770e-001
8.832378e+003,7.089092e-001
8.836234e+003,7.084826e-001
8.840092e+003,7.052428e-001
8.843948e+003,7.026339e-001
8.847806e+003,7.029228e-001
8.851662e+003,7.009642e-001
8.855520e+003,7.000663e-001
8.859376e+003,7.011804e-001
8.863233e+003,7.008060e-001
8.867090e+003,7.017643e-001
8.870947e+003,7.039064e-001
8.874804e+003,7.027363e-001
8.878661e+003,7.001960e-001
8.882518e+003,6.984868e-001
8.886375e+003,6.962886e-001
8.890231e+003,6.960788e-001
8.894089e+003,6.959878e-001
8.897945e+003,6.950741e-001
8.901803e+003,6.941715e-001
8.905659e+003,6.937771e-001
8.909517e+003,6.946529e-001
8.913373e+003,6.954138e-001
8.917230e+003,6.934032e-001
8.921087e+003,6.913362e-001
8.924944e+003,6.910923e-001
8.928801e+003,6.927403e-001
8.932658e+003,6.931069e-001
8.936515e+003,6.949248e-001
8.940372e+003,6.929944e-001
8.944229e+003,6.898018e-001
8.948086e+003,6.915258e-001
8.951942e+003,6.914411e-001
8.955800e+003,6.897814e-001
8.959656e+003,6.895490e-001
8.963514e+003,6.918915e-001
8.967370e+003,6.912935e-001
8.971228e+003,6.908705e-001
8.975084e+003,6.908190e-001
8.978941e+003,6.881425e-001
8.982798e+003,6.873913e-001
8.986655e+003,6.888931e-001
8.990512e+003,6.906167e-001
8.994369e+003,6.917627e-001
8.998226e+003,6.911967e-001
9.002083e+003,6.900756e-001
9.005939e+003,6.912477e-001
9.009797e+003,6.913949e-001
9.013653e+003,6.906493e-001
9.017511e+003,6.896065e-001
9.021367e+003,6.901150e-001
9.025225e+003,6.901969e-001
9.029081e+003,6.900858e-001
9.032938e+003,6.915386e-001
9.036795e+003,6.929117e-001
9.040652e+003,6.951829e-001
9.044509e+003,6.949226e-001
9.048366e+003,6.966358e-001
9.052223e+003,6.972247e-001
9.056080e+003,6.943602e-001
9.059937e+003,6.964185e-001
9.063794e+003,6.968705e-001
9.067650e+003,6.961960e-001
9.071508e+003,6.968839e-001
9.075364e+003,6.981169e-001
9.079222e+003,6.962592e-001
9.083078e+003,6.973783e-001
9.086936e+003,6.978099e-001
9.090792e+003,6.952889e-001
9.094649e+003,6.965464e-001
9.098506e+003,7.012563e-001
9.102363e+003,7.030407e-001
9.106220e+003,7.031303e-001
9.110077e+003,7.001222e-001
9.113934e+003,6.995697e-001
9.117791e+003,7.028551e-001
9.121647e+003,7.042879e-001
9.125505e+003,7.028221e-001
9.129361e+003,7.020949e-001
9.133219e+003,7.023583e-001
9.137075e+003,7.019855e-001
9.140933e+003,7.001005e-001
9.144789e+003,6.997854e-001
9.148646e+003,7.036258e-001
9.152503e+003,7.042567e-001
9.156360e+003,7.028114e-001
9.160217e+003,7.022424e-001
9.164074e+003,7.007815e-001
9.167931e+003,6.996158e-001
9.171788e+003,7.011862e-001
9.175645e+003,7.020483e-001
9.179502e+003,7.010849e-001
9.183358e+003,7.047509e-001
9.187216e+003,7.030882e-001
9.191072e+003,7.024676e-001
9.194930e+003,7.034847e-001
9.198786e+003,7.023106e-001
9.202644e+003,6.997591e-001
9.206500e+003,6.996306e-001
9.210357e+003,7.008427e-001
9.214214e+003,7.004569e-001
9.218071e+003,6.996657e-001
9.221928e+003,6.958694e-001
9.225785e+003,6.967309e-001
9.229642e+003,7.013300e-001
9.233499e+003,7.012686e-001
9.237355e+003,7.007182e-001
9.241213e+003,6.994237e-001
9.245069e+003,6.968627e-001
9.248927e+003,6.970157e-001
9.252783e+003,6.990868e-001
9.256641e+003,7.003220e-001
9.260497e+003,6.984314e-001
9.264354e+003,6.967650e-001
9.268211e+003,6.975734e-001
9.272068e+003,6.981686e-001
9.275925e+003,6.982831e-001
9.279782e+003,6.962495e-001
9.283639e+003,6.967831e-001
9.287496e+003,6.980733e-001
9.291353e+003,6.973429e-001
9.295210e+003,6.973411e-001
9.299066e+003,6.956016e-001
9.302924e+003,6.945244e-001
9.306780e+003,6.956328e-001
9.310638e+003,6.983601e-001
9.314494e+003,6.983778e-001
9.318352e+003,6.985684e-001
9.322208e+003,6.989222e-001
9.326065e+003,6.964099e-001
9.329922e+003,6.951821e-001
9.333779e+003,6.976978e-001
9.337636e+003,6.993198e-001
9.341493e+003,6.954883e-001
9.345350e+003,6.943740e-001
9.349207e+003,6.937837e-001
9.353063e+003,6.962556e-001
9.356921e+003,6.957545e-001
9.360777e+003,6.933342e-001
9.364635e+003,6.937317e-001
9.368491e+003,6.944826e-001
9.372349e+003,6.942560e-001
9.376205e+003,6.935199e-001
9.380063e+003,6.953196e-001
9.383919e+003,6.950532e-001
9.387776e+003,6.932869e-001
9.391633e+003,6.939157e-001
9.395490e+003,6.922783e-001
9.399347e+003,6.903147e-001
9.403204e+003,6.912948e-001
9.407061e+003,6.932191e-001
9.410918e+003,6.897322e-001
9.414774e+003,6.900832e-001
9.418632e+003,6.942482e-001
9.422488e+003,6.955119e-001
9.426346e+003,6.959959e-001
9.430202e+003,6.953982e-001
9.434060e+003,6.969650e-001
9.437916e+003,6.951698e-001
9.441773e+003,6.947186e-001
9.445630e+003,6.936576e-001
9.449487e+003,6.896191e-001
9.453344e+003,6.874825e-001
9.457201e+003,6.892626e-001
9.461058e+003,6.883417e-001
9.464915e+003,6.896873e-001
9.468771e+003,6.904323e-001
9.472629e+003,6.892261e-001
9.476485e+003,6.919354e-001
9.480343e+003,6.903910e-001
9.484199e+003,6.893823e-001
9.488057e+003,6.918876e-001
9.491913e+003,6.917707e-001
9.495771e+003,6.926835e-001
9.499627e+003,6.901305e-001
9.503484e+003,6.897473e-001
9.507341e+003,6.923117e-001
9.511198e+003,6.908706e-001
9.515055e+003,6.883886e-001
9.518912e+003,6.903550e-001
9.522769e+003,6.918755e-001
9.526626e+003,6.928241e-001
9.530482e+003,6.924447e-001
9.534340e+003,6.935564e-001
9.538196e+003,6.957446e-001
9.542054e+003,6.956905e-001
9.545910e+003,6.943770e-001
9.549768e+003,6.945753e-001
9.553624e+003,6.936498e-001
9.557481e+003,6.979295e-001
9.561338e+003,6.996799e-001
9.565195e+003,6.988758e-001
9.569052e+003,7.019840e-001
9.572909e+003,6.974289e-001
9.576766e+003,6.920564e-001
9.580623e+003,6.909085e-001
9.584479e+003,6.918780e-001
9.588337e+003,6.928425e-001
9.592193e+003,6.896992e-001
9.596051e+003,6.903187e-001
9.599907e+003,6.896897e-001
9.603765e+003,6.909631e-001
9.607621e+003,6.952565e-001
9.611479e+003,6.936868e-001
9.615335e+003,6.917276e-001
9.619192e+003,6.968791e-001
9.623049e+003,6.989694e-001
9.626906e+003,6.961690e-001
9.630763e+003,6.944707e-001
9.634620e+003,6.965839e-001
9.638477e+003,6.973329e-001
9.642334e+003,6.977941e-001
9.646190e+003,6.979330e-001
9.650048e+003,6.964998e-001
9.653904e+003,6.960922e-001
9.657762e+003,6.975490e-001
9.661618e+003,7.011318e-001
9.665476e+003,7.034764e-001
9.669332e+003,7.034724e-001
9.673189e+003,6.998006e-001
9.677046e+003,7.011845e-001
9.680903e+003,7.041426e-001
9.684760e+003,7.016811e-001
9.688617e+003,7.020455e-001
9.692474e+003,7.048509e-001
9.696331e+003,7.041396e-001
9.700188e+003,7.040126e-001
9.704045e+003,7.073023e-001
9.707901e+003,7.057545e-001
9.711759e+003,7.060991e-001
9.715615e+003,7.110945e-001
9.719473e+003,7.134147e-001
9.723329e+003,7.155803e-001
9.727187e+003,7.132634e-001
9.731043e+003,7.148107e-001
9.734900e+003,7.175964e-001
9.738757e+003,7.144772e-001
9.742614e+003,7.172203e-001
9.746471e+003,7.199948e-001
9.750328e+003,7.151368e-001
9.754185e+003,7.126731e-001
9.758042e+003,7.153447e-001
9.761898e+003,7.185636e-001
9.765756e+003,7.166888e-001
9.769612e+003,7.146666e-001
9.773470e+003,7.132224e-001
9.777326e+003,7.153986e-001
9.781184e+003,7.182302e-001
9.785040e+003,7.206245e-001
9.788897e+003,7.224722e-001
9.792754e+003,7.200614e-001
9.796611e+003,7.200106e-001
9.800468e+003,7.230672e-001
9.804325e+003,7.215185e-001
9.808182e+003,7.202448e-001
9.812039e+003,7.221227e-001
9.815896e+003,7.196292e-001
9.819753e+003,7.201650e-001
9.823609e+003,7.237516e-001
9.827467e+003,7.264969e-001
9.831323e+003,7.216595e-001
9.835181e+003,7.185835e-001
9.839037e+003,7.188798e-001
9.842895e+003,7.183890e-001
9.846751e+003,7.211744e-001
9.850608e+003,7.207568e-001
9.854465e+003,7.234206e-001
9.858322e+003,7.258586e-001
9.862179e+003,7.198666e-001
9.866036e+003,7.159123e-001
9.869893e+003,7.170159e-001
9.873750e+003,7.196251e-001
9.877606e+003,7.193087e-001
9.881464e+003,7.185603e-001
9.885320e+003,7.183287e-001
9.889178e+003,7.194354e-001
9.893034e+003,7.156990e-001
9.896892e+003,7.110772e-001
9.900748e+003,7.141504e-001
9.904605e+003,7.160258e-001
9.908462e+003,7.136523e-001
9.912319e+003,7.156195e-001
9.916176e+003,7.174817e-001
9.920033e+003,7.151948e-001
9.923890e+003,7.169114e-001
9.927747e+003,7.135260e-001
9.931604e+003,7.162535e-001
9.935461e+003,7.189878e-001
9.939317e+003,7.168376e-001
9.943175e+003,7.155899e-001
9.947031e+003,7.142705e-001
9.950889e+003,7.106684e-001
9.954745e+003,7.084332e-001
9.958603e+003,7.040975e-001
9.962459e+003,7.063904e-001
9.966316e+003,7.110242e-001
9.970173e+003,7.100905e-001
9.974030e+003,7.104409e-001
9.977887e+003,7.126999e-001
9.981744e+003,7.143147e-001
9.985601e+003,7.107707e-001
9.989458e+003,7.077838e-001
9.993314e+003,7.088386e-001
9.997172e+003,7.110494e-001
1.000103e+004,7.122283e-001
