3.999640e+003,7.184870e-001
4.003497e+003,6.688959e-001
4.007354e+003,6.539806e-001
4.011211e+003,5.825090e-001
4.015068e+003,6.818997e-001
4.018925e+003,6.708484e-001
4.022781e+003,5.368053e-001
4.026638e+003,4.653761e-001
4.030495e+003,5.214033e-001
4.034352e+003,5.221534e-001
4.038209e+003,5.251672e-001
4.042066e+003,5.622804e-001
4.045923e+003,5.806027e-001
4.049780e+003,5.808058e-001
4.053637e+003,5.031420e-001
4.057494e+003,5.935396e-001
4.061351e+003,5.637180e-001
4.065208e+003,5.533203e-001
4.069065e+003,5.620887e-001
4.072922e+003,5.102670e-001
4.076779e+003,4.310475e-001
4.080635e+003,6.759304e-001
4.084492e+003,7.579364e-001
4.088349e+003,6.523274e-001
4.092206e+003,6.288373e-001
4.096063e+003,6.829370e-001
4.099920e+003,6.566644e-001
4.103777e+003,7.074097e-001
4.107634e+003,9.471959e-001
4.111491e+003,1.008069e+000
4.115348e+003,9.492081e-001
4.119205e+003,9.580450e-001
4.123062e+003,1.033365e+000
4.126919e+003,1.279439e+000
4.130775e+003,1.069059e+000
4.134633e+003,9.272289e-001
4.138489e+003,1.033336e+000
4.142347e+003,1.046512e+000
4.146203e+003,1.051759e+000
4.150061e+003,1.164399e+000
4.153917e+003,1.095158e+000
4.157774e+003,1.091157e+000
4.161631e+003,1.121131e+000
4.165488e+003,1.079231e+000
4.169345e+003,1.091617e+000
4.173202e+003,1.100573e+000
4.177059e+003,1.080137e+000
4.180916e+003,1.060841e+000
4.184772e+003,1.068855e+000
4.188630e+003,1.082427e+000
4.192486e+003,1.060905e+000
4.196344e+003,1.051965e+000
4.200200e+003,1.096292e+000
4.204058e+003,1.067703e+000
4.207914e+003,1.039211e+000
4.211771e+003,1.047818e+000
4.215628e+003,1.048518e+000
4.219485e+003,1.034764e+000
4.223342e+003,1.045114e+000
4.227199e+003,1.021766e+000
4.231056e+003,1.060781e+000
4.234913e+003,1.123502e+000
4.238770e+003,1.101400e+000
4.242627e+003,1.084039e+000
4.246483e+003,1.062618e+000
4.250341e+003,1.089349e+000
4.254197e+003,1.107619e+000
4.258055e+003,1.096388e+000
4.261911e+003,1.068023e+000
4.265769e+003,1.059131e+000
4.269625e+003,1.072905e+000
4.273482e+003,1.064869e+000
4.277339e+003,1.059860e+000
4.281196e+003,1.041756e+000
4.285053e+003,1.048401e+000
4.288910e+003,1.061030e+000
4.292767e+003,1.062224e+000
4.296624e+003,1.070594e+000
4.300480e+003,1.055338e+000
4.304338e+003,1.045967e+000
4.308194e+003,1.066537e+000
4.312052e+003,1.069219e+000
4.315908e+003,1.056195e+000
4.319766e+003,1.042697e+000
4.323622e+003,1.050921e+000
4.327479e+003,1.058267e+000
4.331336e+003,1.051116e+000
4.335193e+003,1.059687e+000
4.339050e+003,1.069633e+000
4.342907e+003,1.055480e+000
4.346764e+003,1.051914e+000
4.350621e+003,1.062014e+000
4.354478e+003,1.065826e+000
4.358335e+003,1.067466e+000
4.362191e+003,1.065097e+000
4.366049e+003,1.059667e+000
4.369905e+003,1.037260e+000
4.373763e+003,1.022593e+000
4.377619e+003,1.017347e+000
4.381477e+003,1.006347e+000
4.385333e+003,1.001333e+000
4.389190e+003,9.999933e-001
4.393047e+003,1.010398e+000
4.396904e+003,1.028104e+000
4.400761e+003,1.045077e+000
4.404618e+003,1.054834e+000
4.408475e+003,1.052340e+000
4.412332e+003,1.064698e+000
4.416188e+003,1.083209e+000
4.420046e+003,1.089634e+000
4.423902e+003,1.096368e+000
4.427760e+003,1.107268e+000
4.431616e+003,1.104071e+000
4.435474e+003,1.086292e+000
4.439330e+003,1.090059e+000
4.443188e+003,1.093611e+000
4.447044e+003,1.095032e+000
4.450901e+003,1.109536e+000
4.454758e+003,1.121755e+000
4.458615e+003,1.127211e+000
4.462472e+003,1.125425e+000
4.466329e+003,1.118700e+000
4.470186e+003,1.127602e+000
4.474043e+003,1.125066e+000
4.477899e+003,1.127147e+000
4.481757e+003,1.122461e+000
4.485613e+003,1.125210e+000
4.489471e+003,1.124245e+000
4.493327e+003,1.126694e+000
4.497185e+003,1.123440e+000
4.501041e+003,1.124568e+000
4.504898e+003,1.127465e+000
4.508755e+003,1.125663e+000
4.512612e+003,1.111738e+000
4.516469e+003,1.101117e+000
4.520326e+003,1.103140e+000
4.524183e+003,1.102373e+000
4.528040e+003,1.090039e+000
4.531896e+003,1.090269e+000
4.535754e+003,1.095933e+000
4.539610e+003,1.090174e+000
4.543468e+003,1.077522e+000
4.547324e+003,1.072109e+000
4.551182e+003,1.072644e+000
4.555038e+003,1.068041e+000
4.558896e+003,1.061528e+000
4.562752e+003,1.057751e+000
4.566609e+003,1.051730e+000
4.570466e+003,1.044805e+000
4.574323e+003,1.029927e+000
4.578180e+003,1.024461e+000
4.582037e+003,1.022685e+000
4.585894e+003,1.006278e+000
4.589751e+003,9.882814e-001
4.593607e+003,9.742355e-001
4.597465e+003,9.622263e-001
4.601321e+003,9.502859e-001
4.605179e+003,9.370134e-001
4.609035e+003,9.260719e-001
4.612893e+003,9.150143e-001
4.616749e+003,9.099469e-001
4.620606e+003,9.037429e-001
4.624463e+003,8.949216e-001
4.628320e+003,8.905828e-001
4.632177e+003,8.846503e-001
4.636034e+003,8.775916e-001
4.639891e+003,8.711506e-001
4.643748e+003,8.700508e-001
4.647604e+003,8.682668e-001
4.651462e+003,8.562654e-001
4.655318e+003,8.399247e-001
4.659176e+003,8.232143e-001
4.663032e+003,8.082747e-001
4.666890e+003,7.898652e-001
4.670746e+003,7.745432e-001
4.674604e+003,7.621542e-001
4.678460e+003,7.521037e-001
4.682317e+003,7.425109e-001
4.686174e+003,7.340933e-001
4.690031e+003,7.290708e-001
4.693888e+003,7.199526e-001
4.697745e+003,7.117342e-001
4.701602e+003,7.059676e-001
4.705459e+003,7.004620e-001
4.709315e+003,6.923251e-001
4.713173e+003,6.873268e-001
4.717029e+003,6.804871e-001
4.720887e+003,6.736427e-001
4.724743e+003,6.704637e-001
4.728601e+003,6.675214e-001
4.732457e+003,6.635273e-001
4.736314e+003,6.591928e-001
4.740171e+003,6.562890e-001
4.744028e+003,6.548342e-001
4.747885e+003,6.556625e-001
4.751742e+003,6.564060e-001
4.755599e+003,6.552884e-001
4.759456e+003,6.550035e-001
4.763313e+003,6.547368e-001
4.767170e+003,6.555411e-001
4.771026e+003,6.572490e-001
4.774884e+003,6.574304e-001
4.778740e+003,6.569634e-001
4.782598e+003,6.580888e-001
4.786454e+003,6.576986e-001
4.790312e+003,6.584507e-001
4.794168e+003,6.603794e-001
4.798025e+003,6.627918e-001
4.801882e+003,6.645390e-001
4.805739e+003,6.661645e-001
4.809596e+003,6.683187e-001
4.813453e+003,6.704596e-001
4.817310e+003,6.719222e-001
4.821167e+003,6.764885e-001
4.825023e+003,6.822667e-001
4.828881e+003,6.888862e-001
4.832737e+003,6.953251e-001
4.836595e+003,7.002084e-001
4.840451e+003,7.073437e-001
4.844309e+003,7.128111e-001
4.848165e+003,7.169605e-001
4.852022e+003,7.217700e-001
4.855879e+003,7.287207e-001
4.859736e+003,7.348970e-001
4.863593e+003,7.405643e-001
4.867450e+003,7.472652e-001
4.871307e+003,7.571490e-001
4.875164e+003,7.675336e-001
4.879021e+003,7.786704e-001
4.882878e+003,7.917355e-001
4.886734e+003,8.036991e-001
4.890592e+003,8.148420e-001
4.894448e+003,8.275229e-001
4.898306e+003,8.360872e-001
4.902162e+003,8.408458e-001
4.906020e+003,8.430606e-001
4.909876e+003,8.403344e-001
4.913733e+003,8.371839e-001
4.917590e+003,8.358336e-001
4.921447e+003,8.350203e-001
4.925304e+003,8.348359e-001
4.929161e+003,8.373559e-001
4.933018e+003,8.446451e-001
4.936875e+003,8.541849e-001
4.940731e+003,8.667632e-001
4.944589e+003,8.784224e-001
4.948445e+003,8.854283e-001
4.952303e+003,8.904310e-001
4.956159e+003,8.905991e-001
4.960017e+003,8.858184e-001
4.963873e+003,8.813887e-001
4.967730e+003,8.780980e-001
4.971587e+003,8.732238e-001
4.975444e+003,8.680031e-001
4.979301e+003,8.659652e-001
4.983158e+003,8.676984e-001
4.987015e+003,8.702308e-001
4.990872e+003,8.740469e-001
4.994729e+003,8.832414e-001
4.998586e+003,8.899203e-001
5.002442e+003,8.963899e-001
5.006300e+003,9.017436e-001
5.010156e+003,9.045320e-001
5.014014e+003,9.066133e-001
5.017870e+003,9.096324e-001
5.021728e+003,9.096856e-001
5.025584e+003,9.114751e-001
5.029441e+003,9.144195e-001
5.033298e+003,9.151618e-001
5.037155e+003,9.160455e-001
5.041012e+003,9.156054e-001
5.044869e+003,9.166846e-001
5.048726e+003,9.163218e-001
5.052583e+003,9.142293e-001
5.056439e+003,9.116347e-001
5.060297e+003,9.140382e-001
5.064153e+003,9.156554e-001
5.068011e+003,9.164437e-001
5.071867e+003,9.189895e-001
5.075725e+003,9.195743e-001
5.079581e+003,9.181666e-001
5.083438e+003,9.168670e-001
5.087295e+003,9.126491e-001
5.091152e+003,9.040285e-001
5.095009e+003,8.926771e-001
5.098866e+003,8.808995e-001
5.102723e+003,8.700541e-001
5.106580e+003,8.590837e-001
5.110437e+003,8.496968e-001
5.114294e+003,8.439216e-001
5.118150e+003,8.398306e-001
5.122008e+003,8.355478e-001
5.125864e+003,8.324533e-001
5.129722e+003,8.318408e-001
5.133578e+003,8.322670e-001
5.137436e+003,8.319311e-001
5.141292e+003,8.333245e-001
5.145149e+003,8.350724e-001
5.149006e+003,8.355207e-001
5.152863e+003,8.349724e-001
5.156720e+003,8.342520e-001
5.160577e+003,8.324416e-001
5.164434e+003,8.326150e-001
5.168291e+003,8.325362e-001
5.172147e+003,8.297892e-001
5.176005e+003,8.261559e-001
5.179861e+003,8.240711e-001
5.183719e+003,8.229985e-001
5.187575e+003,8.214886e-001
5.191433e+003,8.197678e-001
5.195289e+003,8.177778e-001
5.199146e+003,8.156958e-001
5.203003e+003,8.147683e-001
5.206860e+003,8.134983e-001
5.210717e+003,8.117885e-001
5.214574e+003,8.109277e-001
5.218431e+003,8.098605e-001
5.222288e+003,8.092057e-001
5.226145e+003,8.079689e-001
5.230002e+003,8.054166e-001
5.233858e+003,8.034409e-001
5.237716e+003,8.020287e-001
5.241572e+003,8.000453e-001
5.245430e+003,7.983755e-001
5.249286e+003,7.960051e-001
5.253144e+003,7.949222e-001
5.257000e+003,7.939720e-001
5.260857e+003,7.936803e-001
5.264714e+003,7.919062e-001
5.268571e+003,7.895185e-001
5.272428e+003,7.855762e-001
5.276285e+003,7.807699e-001
5.280142e+003,7.771475e-001
5.283999e+003,7.733344e-001
5.287855e+003,7.696775e-001
5.291713e+003,7.662162e-001
5.295569e+003,7.621104e-001
5.299427e+003,7.584569e-001
5.303283e+003,7.564554e-001
5.307141e+003,7.546343e-001
5.310997e+003,7.537169e-001
5.314854e+003,7.537461e-001
5.318711e+003,7.536724e-001
5.322568e+003,7.543151e-001
5.326425e+003,7.544655e-001
5.330282e+003,7.568805e-001
5.334139e+003,7.587793e-001
5.337996e+003,7.609636e-001
5.341853e+003,7.653631e-001
5.345710e+003,7.704710e-001
5.349566e+003,7.776262e-001
5.353424e+003,7.878664e-001
5.357280e+003,7.995457e-001
5.361138e+003,8.149124e-001
5.364994e+003,8.360150e-001
5.368852e+003,8.614480e-001
5.372708e+003,8.896285e-001
5.376565e+003,9.235429e-001
5.380422e+003,9.633165e-001
5.384279e+003,1.007701e+000
5.388136e+003,1.050418e+000
5.391993e+003,1.083048e+000
5.395850e+003,1.104882e+000
5.399707e+003,1.113588e+000
5.403563e+003,1.104719e+000
5.407421e+003,1.078990e+000
5.411277e+003,1.046750e+000
5.415135e+003,1.017466e+000
5.418991e+003,9.994765e-001
5.422849e+003,9.937872e-001
5.426705e+003,9.996517e-001
5.430563e+003,1.014799e+000
5.434419e+003,1.038056e+000
5.438276e+003,1.062555e+000
5.442133e+003,1.080236e+000
5.445990e+003,1.081329e+000
5.449847e+003,1.061089e+000
5.453704e+003,1.028998e+000
5.457561e+003,9.879956e-001
5.461418e+003,9.453415e-001
5.465274e+003,9.074973e-001
5.469132e+003,8.769073e-001
5.472988e+003,8.524485e-001
5.476846e+003,8.342031e-001
5.480702e+003,8.199131e-001
5.484560e+003,8.070108e-001
5.488416e+003,7.979011e-001
5.492273e+003,7.900940e-001
5.496130e+003,7.850305e-001
5.499987e+003,7.839530e-001
5.503844e+003,7.824432e-001
5.507701e+003,7.811847e-001
5.511558e+003,7.833034e-001
5.515415e+003,7.857062e-001
5.519271e+003,7.887139e-001
5.523129e+003,7.929468e-001
5.526985e+003,8.001430e-001
5.530843e+003,8.084909e-001
5.534699e+003,8.158245e-001
5.538557e+003,8.261202e-001
5.542413e+003,8.381956e-001
5.546271e+003,8.497524e-001
5.550127e+003,8.631278e-001
5.553984e+003,8.798155e-001
5.557841e+003,8.951795e-001
5.561698e+003,9.122515e-001
5.565555e+003,9.341455e-001
5.569412e+003,9.574072e-001
5.573269e+003,9.819064e-001
5.577126e+003,1.010406e+000
5.580982e+003,1.041224e+000
5.584840e+003,1.069791e+000
5.588696e+003,1.093778e+000
5.592554e+003,1.115510e+000
5.596410e+003,1.132021e+000
5.600268e+003,1.139311e+000
5.604124e+003,1.139083e+000
5.607981e+003,1.137145e+000
5.611838e+003,1.129893e+000
5.615695e+003,1.118788e+000
5.619552e+003,1.106060e+000
5.623409e+003,1.093289e+000
5.627266e+003,1.079704e+000
5.631123e+003,1.069821e+000
5.634979e+003,1.063153e+000
5.638837e+003,1.059541e+000
5.642693e+003,1.056085e+000
5.646551e+003,1.055320e+000
5.650407e+003,1.059235e+000
5.654265e+003,1.066905e+000
5.658121e+003,1.072485e+000
5.661979e+003,1.081614e+000
5.665835e+003,1.092725e+000
5.669692e+003,1.107406e+000
5.673549e+003,1.122861e+000
5.677406e+003,1.134420e+000
5.681263e+003,1.144783e+000
5.685120e+003,1.155369e+000
5.688977e+003,1.163470e+000
5.692834e+003,1.171704e+000
5.696690e+003,1.173698e+000
5.700548e+003,1.173568e+000
5.704404e+003,1.174727e+000
5.708262e+003,1.177201e+000
5.712118e+003,1.179755e+000
5.715976e+003,1.181186e+000
5.719832e+003,1.176146e+000
5.723689e+003,1.177373e+000
5.727546e+003,1.180125e+000
5.731403e+003,1.182133e+000
5.735260e+003,1.181623e+000
5.739117e+003,1.182006e+000
5.742974e+003,1.179906e+000
5.746831e+003,1.177255e+000
5.750688e+003,1.176471e+000
5.754545e+003,1.177041e+000
5.758401e+003,1.175685e+000
5.762259e+003,1.177817e+000
5.766115e+003,1.181072e+000
5.769973e+003,1.179184e+000
5.773829e+003,1.173150e+000
5.777687e+003,1.169547e+000
5.781543e+003,1.162336e+000
5.785400e+003,1.151940e+000
5.789257e+003,1.141557e+000
5.793114e+003,1.127337e+000
5.796971e+003,1.110177e+000
5.800828e+003,1.094798e+000
5.804685e+003,1.077767e+000
5.808542e+003,1.063933e+000
5.812398e+003,1.056396e+000
5.816256e+003,1.050420e+000
5.820112e+003,1.045662e+000
5.823970e+003,1.045673e+000
5.827826e+003,1.052514e+000
5.831684e+003,1.064004e+000
5.835540e+003,1.079413e+000
5.839397e+003,1.097643e+000
5.843254e+003,1.120372e+000
5.847111e+003,1.139612e+000
5.850968e+003,1.154264e+000
5.854825e+003,1.167595e+000
5.858682e+003,1.177253e+000
5.862539e+003,1.182566e+000
5.866396e+003,1.183554e+000
5.870253e+003,1.181033e+000
5.874109e+003,1.183261e+000
5.877967e+003,1.184551e+000
5.881823e+003,1.180253e+000
5.885681e+003,1.176834e+000
5.889537e+003,1.175620e+000
5.893395e+003,1.173694e+000
5.897251e+003,1.173232e+000
5.901108e+003,1.176342e+000
5.904965e+003,1.179845e+000
5.908822e+003,1.179871e+000
5.912679e+003,1.181312e+000
5.916536e+003,1.183466e+000
5.920393e+003,1.187310e+000
5.924250e+003,1.188605e+000
5.928106e+003,1.181684e+000
5.931964e+003,1.170737e+000
5.935820e+003,1.153588e+000
5.939678e+003,1.126129e+000
5.943534e+003,1.093125e+000
5.947392e+003,1.057612e+000
5.951248e+003,1.022349e+000
5.955105e+003,9.874358e-001
5.958962e+003,9.546540e-001
5.962819e+003,9.283889e-001
5.966676e+003,9.063457e-001
5.970533e+003,8.892204e-001
5.974390e+003,8.726795e-001
5.978247e+003,8.579130e-001
5.982104e+003,8.464698e-001
5.985961e+003,8.375914e-001
5.989817e+003,8.313195e-001
5.993675e+003,8.271295e-001
5.997531e+003,8.235525e-001
6.001389e+003,8.200751e-001
6.005245e+003,8.193130e-001
6.009103e+003,8.191491e-001
6.012959e+003,8.176103e-001
6.016816e+003,8.151075e-001
6.020673e+003,8.147009e-001
6.024530e+003,8.158065e-001
6.028387e+003,8.145893e-001
6.032244e+003,8.126052e-001
6.036101e+003,8.110635e-001
6.039958e+003,8.109455e-001
6.043814e+003,8.117971e-001
6.047672e+003,8.105020e-001
6.051528e+003,8.088764e-001
6.055386e+003,8.083611e-001
6.059242e+003,8.077324e-001
6.063100e+003,8.047072e-001
6.066956e+003,7.978101e-001
6.070813e+003,7.884795e-001
6.074670e+003,7.797191e-001
6.078527e+003,7.691671e-001
6.082384e+003,7.558745e-001
6.086241e+003,7.455128e-001
6.090098e+003,7.371875e-001
6.093955e+003,7.258483e-001
6.097812e+003,7.169960e-001
6.101669e+003,7.097331e-001
6.105525e+003,7.010793e-001
6.109383e+003,6.947306e-001
6.113239e+003,6.880163e-001
6.117097e+003,6.820755e-001
6.120953e+003,6.775222e-001
6.124811e+003,6.724866e-001
6.128667e+003,6.671656e-001
6.132524e+003,6.617042e-001
6.136381e+003,6.565615e-001
6.140238e+003,6.529323e-001
6.144095e+003,6.509486e-001
6.147952e+003,6.473984e-001
6.151809e+003,6.432848e-001
6.155666e+003,6.386340e-001
6.159522e+003,6.367438e-001
6.163380e+003,6.340145e-001
6.167236e+003,6.306860e-001
6.171094e+003,6.276908e-001
6.174950e+003,6.261519e-001
6.178808e+003,6.247868e-001
6.182664e+003,6.224450e-001
6.186521e+003,6.194019e-001
6.190378e+003,6.174645e-001
6.194235e+003,6.164403e-001
6.198092e+003,6.142526e-001
6.201949e+003,6.115220e-001
6.205806e+003,6.092544e-001
6.209663e+003,6.070740e-001
6.213520e+003,6.056662e-001
6.217377e+003,6.046416e-001
6.221233e+003,6.044885e-001
6.225091e+003,6.030431e-001
6.228947e+003,6.025202e-001
6.232805e+003,6.022121e-001
6.236661e+003,6.009329e-001
6.240519e+003,5.992187e-001
6.244375e+003,5.981072e-001
6.248232e+003,5.977531e-001
6.252089e+003,5.964143e-001
6.255946e+003,5.960421e-001
6.259803e+003,5.968961e-001
6.263660e+003,5.982871e-001
6.267517e+003,5.992051e-001
6.271374e+003,5.996211e-001
6.275230e+003,5.990703e-001
6.279088e+003,5.987882e-001
6.282944e+003,5.997686e-001
6.286802e+003,6.003909e-001
6.290658e+003,6.008072e-001
6.294516e+003,6.008632e-001
6.298372e+003,6.011935e-001
6.302229e+003,6.026770e-001
6.306086e+003,6.028008e-001
6.309943e+003,6.029840e-001
6.313800e+003,6.043712e-001
6.317657e+003,6.063164e-001
6.321514e+003,6.089157e-001
6.325371e+003,6.093835e-001
6.329228e+003,6.102508e-001
6.333085e+003,6.135375e-001
6.336941e+003,6.159129e-001
6.340799e+003,6.176611e-001
6.344655e+003,6.183992e-001
6.348513e+003,6.205552e-001
6.352369e+003,6.240361e-001
6.356227e+003,6.275138e-001
6.360083e+003,6.313134e-001
6.363940e+003,6.382406e-001
6.367797e+003,6.445991e-001
6.371654e+003,6.509556e-001
6.375511e+003,6.563938e-001
6.379368e+003,6.622406e-001
6.383225e+003,6.685477e-001
6.387082e+003,6.733408e-001
6.390938e+003,6.778206e-001
6.394796e+003,6.834936e-001
6.398652e+003,6.885657e-001
6.402510e+003,6.931383e-001
6.406366e+003,6.984531e-001
6.410224e+003,7.031692e-001
6.414080e+003,7.072836e-001
6.417938e+003,7.109957e-001
6.421794e+003,7.153411e-001
6.425651e+003,7.185743e-001
6.429508e+003,7.218100e-001
6.433365e+003,7.241799e-001
6.437222e+003,7.281131e-001
6.441079e+003,7.313727e-001
6.444936e+003,7.319332e-001
6.448793e+003,7.319624e-001
6.452649e+003,7.353816e-001
6.456507e+003,7.355186e-001
6.460363e+003,7.356888e-001
6.464221e+003,7.352160e-001
6.468077e+003,7.350296e-001
6.471935e+003,7.359378e-001
6.475791e+003,7.378146e-001
6.479648e+003,7.383248e-001
6.483505e+003,7.380583e-001
6.487362e+003,7.385777e-001
6.491219e+003,7.400736e-001
6.495076e+003,7.392474e-001
6.498933e+003,7.375442e-001
6.502790e+003,7.385001e-001
6.506646e+003,7.383195e-001
6.510504e+003,7.388586e-001
6.514360e+003,7.394271e-001
6.518218e+003,7.401743e-001
6.522074e+003,7.385712e-001
6.525932e+003,7.390324e-001
6.529788e+003,7.409643e-001
6.533646e+003,7.410269e-001
6.537502e+003,7.414551e-001
6.541359e+003,7.429010e-001
6.545216e+003,7.434713e-001
6.549073e+003,7.457396e-001
6.552930e+003,7.471747e-001
6.556787e+003,7.469056e-001
6.560644e+003,7.476454e-001
6.564501e+003,7.480474e-001
6.568357e+003,7.493676e-001
6.572215e+003,7.503007e-001
6.576071e+003,7.491303e-001
6.579929e+003,7.489228e-001
6.583785e+003,7.478496e-001
6.587643e+003,7.489024e-001
6.591499e+003,7.508769e-001
6.595356e+003,7.507477e-001
6.599213e+003,7.487164e-001
6.603070e+003,7.477452e-001
6.606927e+003,7.449901e-001
6.610784e+003,7.412078e-001
6.614641e+003,7.389710e-001
6.618498e+003,7.345839e-001
6.622354e+003,7.294252e-001
6.626212e+003,7.232417e-001
6.630068e+003,7.186425e-001
6.633926e+003,7.167274e-001
6.637782e+003,7.150653e-001
6.641640e+003,7.143193e-001
6.645496e+003,7.120880e-001
6.649354e+003,7.103523e-001
6.653210e+003,7.096860e-001
6.657067e+003,7.072546e-001
6.660924e+003,7.042061e-001
6.664781e+003,7.003304e-001
6.668638e+003,6.977205e-001
6.672495e+003,6.956568e-001
6.676352e+003,6.933692e-001
6.680209e+003,6.906322e-001
6.684065e+003,6.899965e-001
6.687923e+003,6.908077e-001
6.691779e+003,6.914995e-001
6.695637e+003,6.921763e-001
6.699493e+003,6.934817e-001
6.703351e+003,6.950994e-001
6.707207e+003,6.963454e-001
6.711064e+003,6.980391e-001
6.714921e+003,6.982381e-001
6.718778e+003,6.996708e-001
6.722635e+003,7.000194e-001
6.726492e+003,6.995706e-001
6.730349e+003,7.026580e-001
6.734206e+003,7.031369e-001
6.738063e+003,7.010410e-001
6.741920e+003,7.006585e-001
6.745776e+003,6.996579e-001
6.749634e+003,6.996861e-001
6.753490e+003,7.008691e-001
6.757348e+003,7.011431e-001
6.761204e+003,7.019433e-001
6.765062e+003,7.032274e-001
6.768918e+003,7.048501e-001
6.772775e+003,7.055408e-001
6.776632e+003,7.059472e-001
6.780489e+003,7.073776e-001
6.784346e+003,7.085959e-001
6.788203e+003,7.088109e-001
6.792060e+003,7.089756e-001
6.795917e+003,7.090669e-001
6.799773e+003,7.119249e-001
6.803631e+003,7.136901e-001
6.807487e+003,7.139662e-001
6.811345e+003,7.169115e-001
6.815201e+003,7.185265e-001
6.819059e+003,7.213100e-001
6.822915e+003,7.251741e-001
6.826772e+003,7.261807e-001
6.830629e+003,7.259547e-001
6.834486e+003,7.262622e-001
6.838343e+003,7.270875e-001
6.842200e+003,7.278187e-001
6.846057e+003,7.260113e-001
6.849914e+003,7.255692e-001
6.853771e+003,7.268530e-001
6.857628e+003,7.254356e-001
6.861484e+003,7.235315e-001
6.865342e+003,7.225912e-001
6.869198e+003,7.231777e-001
6.873056e+003,7.262545e-001
6.876912e+003,7.265841e-001
6.880770e+003,7.263030e-001
6.884626e+003,7.265385e-001
6.888483e+003,7.278650e-001
6.892340e+003,7.300857e-001
6.896197e+003,7.324789e-001
6.900054e+003,7.355184e-001
6.903911e+003,7.385972e-001
6.907768e+003,7.400177e-001
6.911625e+003,7.445118e-001
6.915481e+003,7.500507e-001
6.919339e+003,7.528915e-001
6.923195e+003,7.557080e-001
6.927053e+003,7.608691e-001
6.930909e+003,7.656832e-001
6.934767e+003,7.686577e-001
6.938623e+003,7.719615e-001
6.942480e+003,7.771894e-001
6.946337e+003,7.810110e-001
6.950194e+003,7.846994e-001
6.954051e+003,7.866040e-001
6.957908e+003,7.901264e-001
6.961765e+003,7.966761e-001
6.965622e+003,8.004414e-001
6.969479e+003,8.015023e-001
6.973336e+003,8.042915e-001
6.977192e+003,8.079757e-001
6.981050e+003,8.102535e-001
6.984906e+003,8.120793e-001
6.988764e+003,8.157491e-001
6.992620e+003,8.202478e-001
6.996478e+003,8.245888e-001
7.000334e+003,8.288058e-001
7.004191e+003,8.335702e-001
7.008048e+003,8.391138e-001
7.011905e+003,8.418185e-001
7.015762e+003,8.445595e-001
7.019619e+003,8.461729e-001
7.023476e+003,8.464347e-001
7.027333e+003,8.469268e-001
7.031189e+003,8.503473e-001
7.035047e+003,8.530086e-001
7.038903e+003,8.549584e-001
7.042761e+003,8.601816e-001
7.046617e+003,8.668698e-001
7.050475e+003,8.756260e-001
7.054331e+003,8.873720e-001
7.058188e+003,8.981791e-001
7.062045e+003,9.088944e-001
7.065902e+003,9.225659e-001
7.069759e+003,9.376938e-001
7.073616e+003,9.535975e-001
7.077473e+003,9.689361e-001
7.081330e+003,9.824742e-001
7.085187e+003,9.948518e-001
7.089044e+003,1.006866e+000
7.092900e+003,1.013640e+000
7.096758e+003,1.023611e+000
7.100614e+003,1.031646e+000
7.104472e+003,1.039214e+000
7.108328e+003,1.050379e+000
7.112186e+003,1.061818e+000
7.116042e+003,1.066713e+000
7.119899e+003,1.072755e+000
7.123756e+003,1.071979e+000
7.127613e+003,1.067632e+000
7.131470e+003,1.068675e+000
7.135327e+003,1.065383e+000
7.139184e+003,1.060960e+000
7.143041e+003,1.061188e+000
7.146897e+003,1.060662e+000
7.150755e+003,1.062104e+000
7.154611e+003,1.063407e+000
7.158469e+003,1.063915e+000
7.162325e+003,1.061954e+000
7.166183e+003,1.057006e+000
7.170039e+003,1.044631e+000
7.173896e+003,1.037409e+000
7.177753e+003,1.032855e+000
7.181610e+003,1.023058e+000
7.185467e+003,1.010644e+000
7.189324e+003,1.000797e+000
7.193181e+003,9.918764e-001
7.197038e+003,9.841487e-001
7.200895e+003,9.740355e-001
7.204752e+003,9.652927e-001
7.208608e+003,9.601206e-001
7.212466e+003,9.536364e-001
7.216322e+003,9.492583e-001
7.220180e+003,9.432239e-001
7.224036e+003,9.387764e-001
7.227894e+003,9.368241e-001
7.231750e+003,9.380917e-001
7.235607e+003,9.377128e-001
7.239464e+003,9.384175e-001
7.243321e+003,9.405265e-001
7.247178e+003,9.470031e-001
7.251035e+003,9.472049e-001
7.254892e+003,9.403033e-001
7.258749e+003,9.363801e-001
7.262605e+003,9.330944e-001
7.266463e+003,9.309015e-001
7.270319e+003,9.269933e-001
7.274177e+003,9.245647e-001
7.278033e+003,9.258715e-001
7.281891e+003,9.314454e-001
7.285747e+003,9.360398e-001
7.289604e+003,9.435415e-001
7.293461e+003,9.508001e-001
7.297318e+003,9.512261e-001
7.301175e+003,9.447880e-001
7.305032e+003,9.346770e-001
7.308889e+003,9.214303e-001
7.312746e+003,9.037269e-001
7.316603e+003,8.866380e-001
7.320460e+003,8.717211e-001
7.324316e+003,8.560494e-001
7.328174e+003,8.427581e-001
7.332030e+003,8.307205e-001
7.335888e+003,8.183537e-001
7.339744e+003,8.104137e-001
7.343602e+003,8.016669e-001
7.347458e+003,7.933815e-001
7.351315e+003,7.852668e-001
7.355172e+003,7.779894e-001
7.359029e+003,7.730153e-001
7.362886e+003,7.662035e-001
7.366743e+003,7.582504e-001
7.370600e+003,7.524332e-001
7.374457e+003,7.469423e-001
7.378313e+003,7.418104e-001
7.382171e+003,7.380872e-001
7.386027e+003,7.349398e-001
7.389885e+003,7.320766e-001
7.393741e+003,7.274222e-001
7.397599e+003,7.235662e-001
7.401455e+003,7.209705e-001
7.405313e+003,7.183363e-001
7.409169e+003,7.145783e-001
7.413026e+003,7.116947e-001
7.416883e+003,7.081677e-001
7.420740e+003,7.045981e-001
7.424597e+003,7.038306e-001
7.428454e+003,7.035419e-001
7.432311e+003,7.008970e-001
7.436168e+003,6.988192e-001
7.440024e+003,6.979073e-001
7.443882e+003,6.952370e-001
7.447738e+003,6.942885e-001
7.451596e+003,6.936467e-001
7.455452e+003,6.916111e-001
7.459310e+003,6.905132e-001
7.463166e+003,6.892794e-001
7.467023e+003,6.867001e-001
7.470880e+003,6.850034e-001
7.474737e+003,6.836857e-001
7.478594e+003,6.828245e-001
7.482451e+003,6.810147e-001
7.486308e+003,6.800318e-001
7.490165e+003,6.799030e-001
7.494021e+003,6.789293e-001
7.497879e+003,6.775693e-001
7.501735e+003,6.766188e-001
7.505593e+003,6.760134e-001
7.509449e+003,6.759767e-001
7.513307e+003,6.751952e-001
7.517163e+003,6.743820e-001
7.521021e+003,6.745880e-001
7.524877e+003,6.743858e-001
7.528734e+003,6.723251e-001
7.532591e+003,6.730238e-001
7.536448e+003,6.735123e-001
7.540305e+003,6.722162e-001
7.544162e+003,6.709995e-001
7.548019e+003,6.706703e-001
7.551876e+003,6.710888e-001
7.555732e+003,6.714840e-001
7.559590e+003,6.700234e-001
7.563446e+003,6.689869e-001
7.567304e+003,6.683761e-001
7.571160e+003,6.694222e-001
7.575018e+003,6.687744e-001
7.578874e+003,6.683529e-001
7.582731e+003,6.680019e-001
7.586588e+003,6.677326e-001
7.590445e+003,6.680382e-001
7.594302e+003,6.689123e-001
7.598159e+003,6.689244e-001
7.602016e+003,6.685011e-001
7.605873e+003,6.691678e-001
7.609729e+003,6.682087e-001
7.613587e+003,6.680062e-001
7.617443e+003,6.685745e-001
7.621301e+003,6.679264e-001
7.625157e+003,6.686192e-001
7.629015e+003,6.682457e-001
7.632871e+003,6.687844e-001
7.636729e+003,6.696828e-001
7.640585e+003,6.698991e-001
7.644442e+003,6.689267e-001
7.648299e+003,6.687753e-001
7.652156e+003,6.688246e-001
7.656013e+003,6.701962e-001
7.659870e+003,6.720180e-001
7.663727e+003,6.719028e-001
7.667584e+003,6.721161e-001
7.671440e+003,6.714896e-001
7.675298e+003,6.714235e-001
7.679154e+003,6.718591e-001
7.683012e+003,6.715435e-001
7.686868e+003,6.718953e-001
7.690726e+003,6.721036e-001
7.694582e+003,6.717291e-001
7.698439e+003,6.720461e-001
7.702296e+003,6.732264e-001
7.706153e+003,6.743249e-001
7.710010e+003,6.732999e-001
7.713867e+003,6.734974e-001
7.717724e+003,6.742754e-001
7.721581e+003,6.723278e-001
7.725438e+003,6.716163e-001
7.729295e+003,6.732678e-001
7.733151e+003,6.743383e-001
7.737009e+003,6.751136e-001
7.740865e+003,6.746804e-001
7.744723e+003,6.747229e-001
7.748579e+003,6.749462e-001
7.752437e+003,6.753349e-001
7.756293e+003,6.743690e-001
7.760150e+003,6.736382e-001
7.764007e+003,6.736087e-001
7.767864e+003,6.725973e-001
7.771721e+003,6.727800e-001
7.775578e+003,6.731084e-001
7.779435e+003,6.742625e-001
7.783292e+003,6.752235e-001
7.787148e+003,6.744389e-001
7.791006e+003,6.735994e-001
7.794862e+003,6.739321e-001
7.798720e+003,6.735539e-001
7.802576e+003,6.731908e-001
7.806434e+003,6.743005e-001
7.810290e+003,6.761527e-001
7.814147e+003,6.764686e-001
7.818004e+003,6.741782e-001
7.821861e+003,6.737248e-001
7.825718e+003,6.744934e-001
7.829575e+003,6.748804e-001
7.833432e+003,6.733536e-001
7.837289e+003,6.738613e-001
7.841146e+003,6.748154e-001
7.845003e+003,6.749231e-001
7.848859e+003,6.737288e-001
7.852717e+003,6.740861e-001
7.856573e+003,6.757371e-001
7.860431e+003,6.756562e-001
7.864287e+003,6.732805e-001
7.868145e+003,6.727633e-001
7.872001e+003,6.743846e-001
7.875858e+003,6.744630e-001
7.879715e+003,6.740315e-001
7.883572e+003,6.744140e-001
7.887429e+003,6.733294e-001
7.891286e+003,6.722335e-001
7.895143e+003,6.721037e-001
7.899000e+003,6.734297e-001
7.902856e+003,6.746927e-001
7.906714e+003,6.737833e-001
7.910570e+003,6.731986e-001
7.914428e+003,6.729078e-001
7.918284e+003,6.729392e-001
7.922142e+003,6.735573e-001
7.925998e+003,6.737484e-001
7.929855e+003,6.740625e-001
7.933712e+003,6.739531e-001
7.937569e+003,6.736438e-001
7.941426e+003,6.734656e-001
7.945283e+003,6.740522e-001
7.949140e+003,6.728683e-001
7.952997e+003,6.709434e-001
7.956854e+003,6.708645e-001
7.960711e+003,6.718694e-001
7.964567e+003,6.722835e-001
7.968425e+003,6.733776e-001
7.972281e+003,6.732047e-001
7.976139e+003,6.721316e-001
7.979995e+003,6.728542e-001
7.983853e+003,6.730135e-001
7.987709e+003,6.736192e-001
7.991566e+003,6.757947e-001
7.995423e+003,6.745612e-001
7.999280e+003,6.737313e-001
8.003137e+003,6.739232e-001
8.006994e+003,6.737893e-001
8.010851e+003,6.740179e-001
8.014708e+003,6.751576e-001
8.018564e+003,6.757843e-001
8.022422e+003,6.746479e-001
8.026278e+003,6.761267e-001
8.030136e+003,6.771457e-001
8.033992e+003,6.769572e-001
8.037850e+003,6.749819e-001
8.041706e+003,6.757705e-001
8.045563e+003,6.766689e-001
8.049420e+003,6.760388e-001
8.053277e+003,6.748031e-001
8.057134e+003,6.735492e-001
8.060991e+003,6.737232e-001
8.064848e+003,6.735592e-001
8.068705e+003,6.735015e-001
8.072562e+003,6.743594e-001
8.076419e+003,6.757095e-001
8.080275e+003,6.770055e-001
8.084133e+003,6.766230e-001
8.087989e+003,6.765126e-001
8.091847e+003,6.781498e-001
8.095703e+003,6.785429e-001
8.099561e+003,6.773889e-001
8.103417e+003,6.761328e-001
8.107274e+003,6.754547e-001
8.111131e+003,6.773108e-001
8.114988e+003,6.789791e-001
8.118845e+003,6.787461e-001
8.122702e+003,6.788377e-001
8.126559e+003,6.795841e-001
8.130416e+003,6.810120e-001
8.134272e+003,6.825541e-001
8.138130e+003,6.843337e-001
8.141986e+003,6.852965e-001
8.145844e+003,6.860708e-001
8.149700e+003,6.874411e-001
8.153558e+003,6.898844e-001
8.157414e+003,6.927215e-001
8.161271e+003,6.924210e-001
8.165128e+003,6.913726e-001
8.168985e+003,6.951282e-001
8.172842e+003,7.009577e-001
8.176699e+003,7.038739e-001
8.180556e+003,7.064798e-001
8.184413e+003,7.087529e-001
8.188270e+003,7.123296e-001
8.192127e+003,7.155530e-001
8.195983e+003,7.177216e-001
8.199841e+003,7.213806e-001
8.203697e+003,7.241985e-001
8.207555e+003,7.261270e-001
8.211411e+003,7.292572e-001
8.215269e+003,7.340204e-001
8.219125e+003,7.357248e-001
8.222982e+003,7.368187e-001
8.226839e+003,7.385242e-001
8.230696e+003,7.393659e-001
8.234553e+003,7.397053e-001
8.238410e+003,7.379311e-001
8.242267e+003,7.343566e-001
8.246124e+003,7.326939e-001
8.249980e+003,7.323893e-001
8.253838e+003,7.303048e-001
8.257694e+003,7.267507e-001
8.261552e+003,7.283252e-001
8.265408e+003,7.287389e-001
8.269266e+003,7.242867e-001
8.273122e+003,7.220193e-001
8.276979e+003,7.214215e-001
8.280836e+003,7.209827e-001
8.284693e+003,7.229652e-001
8.288550e+003,7.230645e-001
8.292407e+003,7.240362e-001
8.296264e+003,7.256594e-001
8.300121e+003,7.271377e-001
8.303978e+003,7.286934e-001
8.307835e+003,7.318990e-001
8.311691e+003,7.355720e-001
8.315549e+003,7.415743e-001
8.319405e+003,7.474554e-001
8.323263e+003,7.512227e-001
8.327119e+003,7.552518e-001
8.330977e+003,7.605407e-001
8.334833e+003,7.693735e-001
8.338690e+003,7.797564e-001
8.342547e+003,7.894497e-001
8.346404e+003,8.026624e-001
8.350261e+003,8.169277e-001
8.354118e+003,8.317603e-001
8.357975e+003,8.470375e-001
8.361832e+003,8.635597e-001
8.365688e+003,8.853705e-001
8.369546e+003,9.139022e-001
8.373402e+003,9.446465e-001
8.377260e+003,9.739029e-001
8.381116e+003,1.001799e+000
8.384974e+003,1.024513e+000
8.388830e+003,1.048809e+000
8.392688e+003,1.073182e+000
8.396544e+003,1.094384e+000
8.400401e+003,1.107455e+000
8.404258e+003,1.114365e+000
8.408115e+003,1.124497e+000
8.411972e+003,1.138817e+000
8.415829e+003,1.148787e+000
8.419686e+003,1.149901e+000
8.423543e+003,1.149143e+000
8.427399e+003,1.146803e+000
8.431257e+003,1.144274e+000
8.435113e+003,1.146274e+000
8.438971e+003,1.145325e+000
8.442827e+003,1.145160e+000
8.446685e+003,1.134973e+000
8.450541e+003,1.128278e+000
8.454398e+003,1.126243e+000
8.458255e+003,1.116491e+000
8.462112e+003,1.103961e+000
8.465969e+003,1.091665e+000
8.469826e+003,1.075778e+000
8.473683e+003,1.055046e+000
8.477540e+003,1.038257e+000
8.481396e+003,1.021653e+000
8.485254e+003,1.003324e+000
8.489110e+003,9.867363e-001
8.492968e+003,9.727330e-001
8.496824e+003,9.587978e-001
8.500682e+003,9.444461e-001
8.504538e+003,9.315487e-001
8.508396e+003,9.187006e-001
8.512252e+003,9.046410e-001
8.516109e+003,8.924598e-001
8.519966e+003,8.822885e-001
8.523823e+003,8.740154e-001
8.527680e+003,8.669032e-001
8.531537e+003,8.550425e-001
8.535394e+003,8.430930e-001
8.539251e+003,8.370479e-001
8.543107e+003,8.335503e-001
8.546965e+003,8.302123e-001
8.550821e+003,8.257178e-001
8.554679e+003,8.185163e-001
8.558535e+003,8.128048e-001
8.562393e+003,8.075137e-001
8.566249e+003,8.047501e-001
8.570106e+003,8.001810e-001
8.573963e+003,7.954540e-001
8.577820e+003,7.936592e-001
8.581677e+003,7.922115e-001
8.585534e+003,7.946892e-001
8.589391e+003,7.946977e-001
8.593248e+003,7.933154e-001
8.597104e+003,7.897874e-001
8.600962e+003,7.928927e-001
8.604818e+003,7.980746e-001
8.608676e+003,7.979115e-001
8.612532e+003,7.979435e-001
8.616390e+003,7.983520e-001
8.620246e+003,7.975597e-001
8.624104e+003,7.978497e-001
8.627960e+003,8.000535e-001
8.631817e+003,8.038430e-001
8.635674e+003,8.058790e-001
8.639531e+003,8.049024e-001
8.643388e+003,8.037915e-001
8.647245e+003,8.072597e-001
8.651102e+003,8.114666e-001
8.654959e+003,8.084105e-001
8.658815e+003,8.043783e-001
8.662673e+003,8.048611e-001
8.666529e+003,8.042259e-001
8.670387e+003,8.021687e-001
8.674243e+003,8.014665e-001
8.678101e+003,8.019471e-001
8.681957e+003,8.053808e-001
8.685814e+003,8.054329e-001
8.689671e+003,8.046492e-001
8.693528e+003,8.073267e-001
8.697385e+003,8.064405e-001
8.701242e+003,8.037391e-001
8.705099e+003,8.029996e-001
8.708956e+003,7.979016e-001
8.712813e+003,7.890152e-001
8.716670e+003,7.843704e-001
8.720526e+003,7.804332e-001
8.724384e+003,7.791142e-001
8.728240e+003,7.784123e-001
8.732098e+003,7.716249e-001
8.735954e+003,7.664844e-001
8.739812e+003,7.619593e-001
8.743668e+003,7.561922e-001
8.747525e+003,7.523494e-001
8.751382e+003,7.493112e-001
8.755239e+003,7.448555e-001
8.759096e+003,7.396975e-001
8.762953e+003,7.355095e-001
8.766810e+003,7.290024e-001
8.770667e+003,7.252951e-001
8.774523e+003,7.237945e-001
8.778381e+003,7.224549e-001
8.782237e+003,7.198870e-001
8.786095e+003,7.140592e-001
8.789951e+003,7.101764e-001
8.793809e+003,7.074229e-001
8.797665e+003,7.078941e-001
8.801522e+003,7.088693e-001
8.805379e+003,7.071930e-001
8.809236e+003,7.026734e-001
8.813093e+003,7.003819e-001
8.816950e+003,6.991332e-001
8.820807e+003,6.980024e-001
8.824664e+003,6.967175e-001
8.828521e+003,6.962557e-001
8.832378e+003,6.967744e-001
8.836234e+003,6.973331e-001
8.840092e+003,6.962696e-001
8.843948e+003,6.943676e-001
8.847806e+003,6.921332e-001
8.851662e+003,6.917968e-001
8.855520e+003,6.919871e-001
8.859376e+003,6.909743e-001
8.863233e+003,6.902930e-001
8.867090e+003,6.897996e-001
8.870947e+003,6.891025e-001
8.874804e+003,6.892094e-001
8.878661e+003,6.877918e-001
8.882518e+003,6.838592e-001
8.886375e+003,6.814857e-001
8.890231e+003,6.831195e-001
8.894089e+003,6.832181e-001
8.897945e+003,6.830050e-001
8.901803e+003,6.824198e-001
8.905659e+003,6.836936e-001
8.909517e+003,6.822857e-001
8.913373e+003,6.815102e-001
8.917230e+003,6.804417e-001
8.921087e+003,6.823797e-001
8.924944e+003,6.814896e-001
8.928801e+003,6.770321e-001
8.932658e+003,6.760553e-001
8.936515e+003,6.781463e-001
8.940372e+003,6.793202e-001
8.944229e+003,6.800321e-001
8.948086e+003,6.817189e-001
8.951942e+003,6.826739e-001
8.955800e+003,6.792775e-001
8.959656e+003,6.801632e-001
8.963514e+003,6.805756e-001
8.967370e+003,6.801994e-001
8.971228e+003,6.801865e-001
8.975084e+003,6.780308e-001
8.978941e+003,6.769684e-001
8.982798e+003,6.779598e-001
8.986655e+003,6.765985e-001
8.990512e+003,6.741195e-001
8.994369e+003,6.757790e-001
8.998226e+003,6.806033e-001
9.002083e+003,6.829680e-001
9.005939e+003,6.813604e-001
9.009797e+003,6.799549e-001
9.013653e+003,6.817798e-001
9.017511e+003,6.838996e-001
9.021367e+003,6.819034e-001
9.025225e+003,6.804827e-001
9.029081e+003,6.797425e-001
9.032938e+003,6.815718e-001
9.036795e+003,6.810263e-001
9.040652e+003,6.799511e-001
9.044509e+003,6.775025e-001
9.048366e+003,6.804698e-001
9.052223e+003,6.849343e-001
9.056080e+003,6.861206e-001
9.059937e+003,6.837639e-001
9.063794e+003,6.823192e-001
9.067650e+003,6.830879e-001
9.071508e+003,6.860153e-001
9.075364e+003,6.848504e-001
9.079222e+003,6.840104e-001
9.083078e+003,6.843106e-001
9.086936e+003,6.879730e-001
9.090792e+003,6.887986e-001
9.094649e+003,6.891773e-001
9.098506e+003,6.901472e-001
9.102363e+003,6.914005e-001
9.106220e+003,6.893620e-001
9.110077e+003,6.898778e-001
9.113934e+003,6.902145e-001
9.117791e+003,6.917181e-001
9.121647e+003,6.912606e-001
9.125505e+003,6.895295e-001
9.129361e+003,6.908289e-001
9.133219e+003,6.935527e-001
9.137075e+003,6.914458e-001
9.140933e+003,6.917546e-001
9.144789e+003,6.946471e-001
9.148646e+003,6.965881e-001
9.152503e+003,6.934932e-001
9.156360e+003,6.938017e-001
9.160217e+003,6.940292e-001
9.164074e+003,6.943745e-001
9.167931e+003,6.923748e-001
9.171788e+003,6.920289e-001
9.175645e+003,6.926276e-001
9.179502e+003,6.945453e-001
9.183358e+003,6.952628e-001
9.187216e+003,6.919346e-001
9.191072e+003,6.907520e-001
9.194930e+003,6.914706e-001
9.198786e+003,6.883875e-001
9.202644e+003,6.887152e-001
9.206500e+003,6.897088e-001
9.210357e+003,6.907017e-001
9.214214e+003,6.929790e-001
9.218071e+003,6.933348e-001
9.221928e+003,6.899679e-001
9.225785e+003,6.888518e-001
9.229642e+003,6.886894e-001
9.233499e+003,6.896014e-001
9.237355e+003,6.919918e-001
9.241213e+003,6.905124e-001
9.245069e+003,6.882994e-001
9.248927e+003,6.895040e-001
9.252783e+003,6.870196e-001
9.256641e+003,6.863814e-001
9.260497e+003,6.857624e-001
9.264354e+003,6.848758e-001
9.268211e+003,6.855673e-001
9.272068e+003,6.855870e-001
9.275925e+003,6.866523e-001
9.279782e+003,6.867598e-001
9.283639e+003,6.874401e-001
9.287496e+003,6.867260e-001
9.291353e+003,6.878550e-001
9.295210e+003,6.878629e-001
9.299066e+003,6.890596e-001
9.302924e+003,6.904094e-001
9.306780e+003,6.893729e-001
9.310638e+003,6.869081e-001
9.314494e+003,6.853641e-001
9.318352e+003,6.882140e-001
9.322208e+003,6.884869e-001
9.326065e+003,6.870681e-001
9.329922e+003,6.842566e-001
9.333779e+003,6.849136e-001
9.337636e+003,6.866499e-001
9.341493e+003,6.851949e-001
9.345350e+003,6.845931e-001
9.349207e+003,6.885192e-001
9.353063e+003,6.882603e-001
9.356921e+003,6.854846e-001
9.360777e+003,6.858206e-001
9.364635e+003,6.845246e-001
9.368491e+003,6.819706e-001
9.372349e+003,6.811649e-001
9.376205e+003,6.824236e-001
9.380063e+003,6.846935e-001
9.383919e+003,6.860474e-001
9.387776e+003,6.805553e-001
9.391633e+003,6.782200e-001
9.395490e+003,6.800463e-001
9.399347e+003,6.792404e-001
9.403204e+003,6.810995e-001
9.407061e+003,6.850922e-001
9.410918e+003,6.848722e-001
9.414774e+003,6.827003e-001
9.418632e+003,6.825982e-001
9.422488e+003,6.839452e-001
9.426346e+003,6.846691e-001
9.430202e+003,6.801476e-001
9.434060e+003,6.772498e-001
9.437916e+003,6.797575e-001
9.441773e+003,6.813093e-001
9.445630e+003,6.830886e-001
9.449487e+003,6.809679e-001
9.453344e+003,6.761289e-001
9.457201e+003,6.795769e-001
9.461058e+003,6.848371e-001
9.464915e+003,6.818852e-001
9.468771e+003,6.785576e-001
9.472629e+003,6.776556e-001
9.476485e+003,6.804151e-001
9.480343e+003,6.806067e-001
9.484199e+003,6.818472e-001
9.488057e+003,6.822580e-001
9.491913e+003,6.777143e-001
9.495771e+003,6.780199e-001
9.499627e+003,6.808912e-001
9.503484e+003,6.819066e-001
9.507341e+003,6.791939e-001
9.511198e+003,6.792716e-001
9.515055e+003,6.772161e-001
9.518912e+003,6.773700e-001
9.522769e+003,6.784835e-001
9.526626e+003,6.792207e-001
9.530482e+003,6.806888e-001
9.534340e+003,6.800042e-001
9.538196e+003,6.804355e-001
9.542054e+003,6.836343e-001
9.545910e+003,6.843735e-001
9.549768e+003,6.838363e-001
9.553624e+003,6.783971e-001
9.557481e+003,6.806328e-001
9.561338e+003,6.832148e-001
9.565195e+003,6.830750e-001
9.569052e+003,6.844909e-001
9.572909e+003,6.824593e-001
9.576766e+003,6.797287e-001
9.580623e+003,6.802280e-001
9.584479e+003,6.813979e-001
9.588337e+003,6.833045e-001
9.592193e+003,6.856243e-001
9.596051e+003,6.840725e-001
9.599907e+003,6.811457e-001
9.603765e+003,6.812186e-001
9.607621e+003,6.854030e-001
9.611479e+003,6.858269e-001
9.615335e+003,6.844246e-001
9.619192e+003,6.817043e-001
9.623049e+003,6.806118e-001
9.626906e+003,6.806684e-001
9.630763e+003,6.832486e-001
9.634620e+003,6.852485e-001
9.638477e+003,6.814324e-001
9.642334e+003,6.802713e-001
9.646190e+003,6.846668e-001
9.650048e+003,6.915029e-001
9.653904e+003,6.947891e-001
9.657762e+003,6.925721e-001
9.661618e+003,6.871718e-001
9.665476e+003,6.857240e-001
9.669332e+003,6.890014e-001
9.673189e+003,6.915942e-001
9.677046e+003,6.873804e-001
9.680903e+003,6.849022e-001
9.684760e+003,6.870314e-001
9.688617e+003,6.925822e-001
9.692474e+003,6.951896e-001
9.696331e+003,6.941073e-001
9.700188e+003,6.912694e-001
9.704045e+003,6.926660e-001
9.707901e+003,6.941403e-001
9.711759e+003,6.958198e-001
9.715615e+003,6.996121e-001
9.719473e+003,7.026945e-001
9.723329e+003,7.021225e-001
9.727187e+003,7.003852e-001
9.731043e+003,6.968991e-001
9.734900e+003,6.980355e-001
9.738757e+003,6.979475e-001
9.742614e+003,7.004809e-001
9.746471e+003,7.028278e-001
9.750328e+003,7.043600e-001
9.754185e+003,7.087432e-001
9.758042e+003,7.070257e-001
9.761898e+003,7.074559e-001
9.765756e+003,7.068366e-001
9.769612e+003,7.059274e-001
9.773470e+003,7.061381e-001
9.777326e+003,7.072342e-001
9.781184e+003,7.098520e-001
9.785040e+003,7.096443e-001
9.788897e+003,7.089210e-001
9.792754e+003,7.124518e-001
9.796611e+003,7.113097e-001
9.800468e+003,7.090947e-001
9.804325e+003,7.098202e-001
9.808182e+003,7.112519e-001
9.812039e+003,7.099198e-001
9.815896e+003,7.075688e-001
9.819753e+003,7.096971e-001
9.823609e+003,7.117584e-001
9.827467e+003,7.142004e-001
9.831323e+003,7.200074e-001
9.835181e+003,7.164190e-001
9.839037e+003,7.135458e-001
9.842895e+003,7.165989e-001
9.846751e+003,7.142861e-001
9.850608e+003,7.077870e-001
9.854465e+003,7.117961e-001
9.858322e+003,7.109800e-001
9.862179e+003,7.094370e-001
9.866036e+003,7.141896e-001
9.869893e+003,7.159482e-001
9.873750e+003,7.137049e-001
9.877606e+003,7.107515e-001
9.881464e+003,7.088352e-001
9.885320e+003,7.071313e-001
9.889178e+003,7.024310e-001
9.893034e+003,7.014234e-001
9.896892e+003,7.035681e-001
9.900748e+003,7.057677e-001
9.904605e+003,7.063456e-001
9.908462e+003,7.063159e-001
9.912319e+003,7.029068e-001
9.916176e+003,7.071834e-001
9.920033e+003,7.075651e-001
9.923890e+003,7.054838e-001
9.927747e+003,7.028370e-001
9.931604e+003,7.041008e-001
9.935461e+003,7.056822e-001
9.939317e+003,7.067280e-001
9.943175e+003,7.046924e-001
9.947031e+003,7.046192e-001
9.950889e+003,7.061852e-001
9.954745e+003,7.067099e-001
9.958603e+003,7.045547e-001
9.962459e+003,7.046598e-001
9.966316e+003,7.075258e-001
9.970173e+003,7.050778e-001
9.974030e+003,7.023913e-001
9.977887e+003,6.966624e-001
9.981744e+003,6.955937e-001
9.985601e+003,6.987845e-001
9.989458e+003,7.037420e-001
9.993314e+003,7.073917e-001
9.997172e+003,7.059190e-001
1.000103e+004,7.068120e-001
